date,previous_date,retailer_id,retailer_name,ipca_item_id,ipca_code,relative,product_pair_count
2026-07-11,2026-07-10,extra-mercado,Extra Mercado,ipca-sp-1101002,1101002,1.000000000000,24
2026-07-11,2026-07-10,pao-de-acucar,Pão de Açúcar,ipca-sp-1101002,1101002,1.000000000000,24
2026-07-11,2026-07-10,extra-mercado,Extra Mercado,ipca-sp-1102006,1102006,1.000000000000,1
2026-07-11,2026-07-10,extra-mercado,Extra Mercado,ipca-sp-1116071,1116071,1.000000000000,3
2026-07-12,2026-07-11,carrefour,Carrefour Mercado,ipca-sp-1101002,1101002,0.977416785768,16
2026-07-12,2026-07-11,extra-mercado,Extra Mercado,ipca-sp-1101002,1101002,1.000000000000,24
2026-07-12,2026-07-11,pao-de-acucar,Pão de Açúcar,ipca-sp-1101002,1101002,1.000000000000,27
2026-07-12,2026-07-11,st-marche,St Marché,ipca-sp-1101002,1101002,1.000000000000,4
2026-07-12,2026-07-11,carrefour,Carrefour Mercado,ipca-sp-1101073,1101073,0.967730700569,6
2026-07-12,2026-07-11,extra-mercado,Extra Mercado,ipca-sp-1101073,1101073,1.000000000000,4
2026-07-12,2026-07-11,carrefour,Carrefour Mercado,ipca-sp-1102006,1102006,0.929525275454,40
2026-07-12,2026-07-11,extra-mercado,Extra Mercado,ipca-sp-1102006,1102006,1.000000000000,32
2026-07-12,2026-07-11,pao-de-acucar,Pão de Açúcar,ipca-sp-1102006,1102006,1.000000000000,14
2026-07-12,2026-07-11,st-marche,St Marché,ipca-sp-1102006,1102006,1.000000000000,19
2026-07-12,2026-07-11,carrefour,Carrefour Mercado,ipca-sp-1102012,1102012,0.978145297975,4
2026-07-12,2026-07-11,extra-mercado,Extra Mercado,ipca-sp-1102012,1102012,1.000000000000,3
2026-07-12,2026-07-11,st-marche,St Marché,ipca-sp-1102012,1102012,1.000000000000,2
2026-07-12,2026-07-11,carrefour,Carrefour Mercado,ipca-sp-1102023,1102023,0.915495581151,5
2026-07-12,2026-07-11,extra-mercado,Extra Mercado,ipca-sp-1102023,1102023,1.000000000000,4
2026-07-12,2026-07-11,st-marche,St Marché,ipca-sp-1102023,1102023,1.000000000000,1
2026-07-12,2026-07-11,carrefour,Carrefour Mercado,ipca-sp-1102029,1102029,1.000000000000,23
2026-07-12,2026-07-11,extra-mercado,Extra Mercado,ipca-sp-1102029,1102029,1.000000000000,38
2026-07-12,2026-07-11,pao-de-acucar,Pão de Açúcar,ipca-sp-1102029,1102029,1.000000000000,27
2026-07-12,2026-07-11,st-marche,St Marché,ipca-sp-1102029,1102029,1.000000000000,35
2026-07-12,2026-07-11,carrefour,Carrefour Mercado,ipca-sp-1102061,1102061,1.019911838120,16
2026-07-12,2026-07-11,extra-mercado,Extra Mercado,ipca-sp-1102061,1102061,1.000000000000,25
2026-07-12,2026-07-11,pao-de-acucar,Pão de Açúcar,ipca-sp-1102061,1102061,1.000000000000,2
2026-07-12,2026-07-11,st-marche,St Marché,ipca-sp-1102061,1102061,1.000000000000,4
2026-07-12,2026-07-11,extra-mercado,Extra Mercado,ipca-sp-1103002,1103002,1.000000000000,2
2026-07-12,2026-07-11,st-marche,St Marché,ipca-sp-1103002,1103002,1.000000000000,2
2026-07-12,2026-07-11,carrefour,Carrefour Mercado,ipca-sp-1103003,1103003,1.000000000000,4
2026-07-12,2026-07-11,extra-mercado,Extra Mercado,ipca-sp-1103003,1103003,1.000000000000,8
2026-07-12,2026-07-11,pao-de-acucar,Pão de Açúcar,ipca-sp-1103003,1103003,1.000000000000,5
2026-07-12,2026-07-11,st-marche,St Marché,ipca-sp-1103003,1103003,1.000000000000,2
2026-07-12,2026-07-11,extra-mercado,Extra Mercado,ipca-sp-1103020,1103020,1.000000000000,2
2026-07-12,2026-07-11,st-marche,St Marché,ipca-sp-1103020,1103020,1.000000000000,2
2026-07-12,2026-07-11,extra-mercado,Extra Mercado,ipca-sp-1103026,1103026,1.000000000000,3
2026-07-12,2026-07-11,st-marche,St Marché,ipca-sp-1103026,1103026,1.000000000000,4
2026-07-12,2026-07-11,extra-mercado,Extra Mercado,ipca-sp-1103028,1103028,1.000000000000,4
2026-07-12,2026-07-11,pao-de-acucar,Pão de Açúcar,ipca-sp-1103028,1103028,1.000000000000,3
2026-07-12,2026-07-11,st-marche,St Marché,ipca-sp-1103028,1103028,1.000000000000,1
2026-07-12,2026-07-11,carrefour,Carrefour Mercado,ipca-sp-1103043,1103043,1.000000000000,1
2026-07-12,2026-07-11,extra-mercado,Extra Mercado,ipca-sp-1103043,1103043,1.000000000000,2
2026-07-12,2026-07-11,st-marche,St Marché,ipca-sp-1103043,1103043,1.000000000000,9
2026-07-12,2026-07-11,extra-mercado,Extra Mercado,ipca-sp-1103044,1103044,1.000000000000,1
2026-07-12,2026-07-11,st-marche,St Marché,ipca-sp-1103044,1103044,1.000000000000,1
2026-07-12,2026-07-11,carrefour,Carrefour Mercado,ipca-sp-1104003,1104003,0.951899090250,6
2026-07-12,2026-07-11,extra-mercado,Extra Mercado,ipca-sp-1104003,1104003,1.000000000000,3
2026-07-12,2026-07-11,pao-de-acucar,Pão de Açúcar,ipca-sp-1104003,1104003,1.000000000000,1
2026-07-12,2026-07-11,st-marche,St Marché,ipca-sp-1104003,1104003,1.000000000000,1
2026-07-12,2026-07-11,carrefour,Carrefour Mercado,ipca-sp-1104023,1104023,0.949040843030,44
2026-07-12,2026-07-11,extra-mercado,Extra Mercado,ipca-sp-1104023,1104023,1.000000000000,96
2026-07-12,2026-07-11,pao-de-acucar,Pão de Açúcar,ipca-sp-1104023,1104023,1.000000000000,45
2026-07-12,2026-07-11,st-marche,St Marché,ipca-sp-1104023,1104023,1.000000000000,13
2026-07-12,2026-07-11,carrefour,Carrefour Mercado,ipca-sp-1104032,1104032,1.000000000000,20
2026-07-12,2026-07-11,extra-mercado,Extra Mercado,ipca-sp-1104032,1104032,1.000000000000,25
2026-07-12,2026-07-11,pao-de-acucar,Pão de Açúcar,ipca-sp-1104032,1104032,1.011792647181,87
2026-07-12,2026-07-11,st-marche,St Marché,ipca-sp-1104032,1104032,1.000000000000,81
2026-07-12,2026-07-11,carrefour,Carrefour Mercado,ipca-sp-1104052,1104052,1.058705010189,16
2026-07-12,2026-07-11,extra-mercado,Extra Mercado,ipca-sp-1104052,1104052,1.000000000000,13
2026-07-12,2026-07-11,pao-de-acucar,Pão de Açúcar,ipca-sp-1104052,1104052,1.000000000000,5
2026-07-12,2026-07-11,st-marche,St Marché,ipca-sp-1104052,1104052,1.000000000000,4
2026-07-12,2026-07-11,extra-mercado,Extra Mercado,ipca-sp-1105001,1105001,1.000000000000,1
2026-07-12,2026-07-11,st-marche,St Marché,ipca-sp-1105001,1105001,1.000000000000,5
2026-07-12,2026-07-11,st-marche,St Marché,ipca-sp-1105005,1105005,1.000000000000,1
2026-07-12,2026-07-11,extra-mercado,Extra Mercado,ipca-sp-1105010,1105010,1.000000000000,3
2026-07-12,2026-07-11,st-marche,St Marché,ipca-sp-1105010,1105010,1.000000000000,1
2026-07-12,2026-07-11,extra-mercado,Extra Mercado,ipca-sp-1105012,1105012,1.000000000000,2
2026-07-12,2026-07-11,carrefour,Carrefour Mercado,ipca-sp-1105019,1105019,1.000000000000,3
2026-07-12,2026-07-11,extra-mercado,Extra Mercado,ipca-sp-1105019,1105019,1.000000000000,2
2026-07-12,2026-07-11,st-marche,St Marché,ipca-sp-1105019,1105019,1.000000000000,6
2026-07-12,2026-07-11,extra-mercado,Extra Mercado,ipca-sp-1106005,1106005,1.000000000000,1
2026-07-12,2026-07-11,st-marche,St Marché,ipca-sp-1106005,1106005,1.000000000000,1
2026-07-12,2026-07-11,st-marche,St Marché,ipca-sp-1106008,1106008,1.000000000000,1
2026-07-12,2026-07-11,extra-mercado,Extra Mercado,ipca-sp-1106015,1106015,1.000000000000,2
2026-07-12,2026-07-11,st-marche,St Marché,ipca-sp-1106015,1106015,1.000000000000,2
2026-07-12,2026-07-11,extra-mercado,Extra Mercado,ipca-sp-1106017,1106017,1.000000000000,3
2026-07-12,2026-07-11,st-marche,St Marché,ipca-sp-1106017,1106017,1.000000000000,6
2026-07-12,2026-07-11,extra-mercado,Extra Mercado,ipca-sp-1106018,1106018,1.000000000000,3
2026-07-12,2026-07-11,pao-de-acucar,Pão de Açúcar,ipca-sp-1106018,1106018,1.000000000000,1
2026-07-12,2026-07-11,st-marche,St Marché,ipca-sp-1106018,1106018,1.000000000000,5
2026-07-12,2026-07-11,extra-mercado,Extra Mercado,ipca-sp-1106019,1106019,1.000000000000,1
2026-07-12,2026-07-11,st-marche,St Marché,ipca-sp-1106019,1106019,1.000000000000,7
2026-07-12,2026-07-11,extra-mercado,Extra Mercado,ipca-sp-1106023,1106023,1.000000000000,3
2026-07-12,2026-07-11,st-marche,St Marché,ipca-sp-1106023,1106023,1.000000000000,4
2026-07-12,2026-07-11,extra-mercado,Extra Mercado,ipca-sp-1106027,1106027,1.000000000000,1
2026-07-12,2026-07-11,st-marche,St Marché,ipca-sp-1106027,1106027,1.000000000000,6
2026-07-12,2026-07-11,extra-mercado,Extra Mercado,ipca-sp-1106028,1106028,1.289559798446,3
2026-07-12,2026-07-11,st-marche,St Marché,ipca-sp-1106028,1106028,1.000000000000,6
2026-07-12,2026-07-11,extra-mercado,Extra Mercado,ipca-sp-1106039,1106039,1.000000000000,2
2026-07-12,2026-07-11,pao-de-acucar,Pão de Açúcar,ipca-sp-1106039,1106039,1.000000000000,1
2026-07-12,2026-07-11,st-marche,St Marché,ipca-sp-1106039,1106039,1.000000000000,1
2026-07-12,2026-07-11,extra-mercado,Extra Mercado,ipca-sp-1107018,1107018,1.000000000000,36
2026-07-12,2026-07-11,pao-de-acucar,Pão de Açúcar,ipca-sp-1107018,1107018,1.000000000000,42
2026-07-12,2026-07-11,st-marche,St Marché,ipca-sp-1107018,1107018,1.000000000000,22
2026-07-12,2026-07-11,carrefour,Carrefour Mercado,ipca-sp-1107084,1107084,1.000000000000,1
2026-07-12,2026-07-11,extra-mercado,Extra Mercado,ipca-sp-1107084,1107084,1.088868208463,4
2026-07-12,2026-07-11,pao-de-acucar,Pão de Açúcar,ipca-sp-1107084,1107084,1.000000000000,12
2026-07-12,2026-07-11,st-marche,St Marché,ipca-sp-1107084,1107084,1.123516996156,3
2026-07-12,2026-07-11,extra-mercado,Extra Mercado,ipca-sp-1107087,1107087,1.000000000000,3
2026-07-12,2026-07-11,pao-de-acucar,Pão de Açúcar,ipca-sp-1107087,1107087,1.000000000000,2
2026-07-12,2026-07-11,st-marche,St Marché,ipca-sp-1107087,1107087,1.000000000000,5
2026-07-12,2026-07-11,extra-mercado,Extra Mercado,ipca-sp-1107088,1107088,1.000000000000,3
2026-07-12,2026-07-11,pao-de-acucar,Pão de Açúcar,ipca-sp-1107088,1107088,1.000000000000,10
2026-07-12,2026-07-11,st-marche,St Marché,ipca-sp-1107088,1107088,1.000000000000,3
2026-07-12,2026-07-11,carrefour,Carrefour Mercado,ipca-sp-1107089,1107089,1.000000000000,2
2026-07-12,2026-07-11,extra-mercado,Extra Mercado,ipca-sp-1107089,1107089,1.000000000000,3
2026-07-12,2026-07-11,pao-de-acucar,Pão de Açúcar,ipca-sp-1107089,1107089,1.000000000000,1
2026-07-12,2026-07-11,st-marche,St Marché,ipca-sp-1107089,1107089,1.000000000000,3
2026-07-12,2026-07-11,pao-de-acucar,Pão de Açúcar,ipca-sp-1107091,1107091,1.000000000000,4
2026-07-12,2026-07-11,st-marche,St Marché,ipca-sp-1107091,1107091,1.000000000000,2
2026-07-12,2026-07-11,extra-mercado,Extra Mercado,ipca-sp-1107093,1107093,1.000000000000,3
2026-07-12,2026-07-11,pao-de-acucar,Pão de Açúcar,ipca-sp-1107093,1107093,1.098023463771,2
2026-07-12,2026-07-11,st-marche,St Marché,ipca-sp-1107093,1107093,1.000000000000,2
2026-07-12,2026-07-11,extra-mercado,Extra Mercado,ipca-sp-1107094,1107094,1.000000000000,1
2026-07-12,2026-07-11,pao-de-acucar,Pão de Açúcar,ipca-sp-1107094,1107094,1.000000000000,1
2026-07-12,2026-07-11,st-marche,St Marché,ipca-sp-1107094,1107094,1.000000000000,1
2026-07-12,2026-07-11,carrefour,Carrefour Mercado,ipca-sp-1107095,1107095,1.000000000000,2
2026-07-12,2026-07-11,extra-mercado,Extra Mercado,ipca-sp-1107095,1107095,1.000000000000,2
2026-07-12,2026-07-11,pao-de-acucar,Pão de Açúcar,ipca-sp-1107095,1107095,1.000000000000,3
2026-07-12,2026-07-11,st-marche,St Marché,ipca-sp-1107095,1107095,1.000000000000,3
2026-07-12,2026-07-11,carrefour,Carrefour Mercado,ipca-sp-1107099,1107099,1.000000000000,1
2026-07-12,2026-07-11,extra-mercado,Extra Mercado,ipca-sp-1107099,1107099,1.000000000000,2
2026-07-12,2026-07-11,pao-de-acucar,Pão de Açúcar,ipca-sp-1107099,1107099,1.000000000000,6
2026-07-12,2026-07-11,st-marche,St Marché,ipca-sp-1107099,1107099,1.000000000000,3
2026-07-12,2026-07-11,extra-mercado,Extra Mercado,ipca-sp-1108031,1108031,1.000000000000,2
2026-07-12,2026-07-11,pao-de-acucar,Pão de Açúcar,ipca-sp-1108031,1108031,1.000000000000,1
2026-07-12,2026-07-11,st-marche,St Marché,ipca-sp-1108031,1108031,1.000000000000,1
2026-07-12,2026-07-11,pao-de-acucar,Pão de Açúcar,ipca-sp-1108038,1108038,1.000000000000,3
2026-07-12,2026-07-11,st-marche,St Marché,ipca-sp-1108038,1108038,1.000000000000,1
2026-07-12,2026-07-11,extra-mercado,Extra Mercado,ipca-sp-1108075,1108075,1.000000000000,2
2026-07-12,2026-07-11,pao-de-acucar,Pão de Açúcar,ipca-sp-1108075,1108075,1.000000000000,33
2026-07-12,2026-07-11,st-marche,St Marché,ipca-sp-1108075,1108075,1.000000000000,6
2026-07-12,2026-07-11,extra-mercado,Extra Mercado,ipca-sp-1108080,1108080,1.000000000000,3
2026-07-12,2026-07-11,pao-de-acucar,Pão de Açúcar,ipca-sp-1108080,1108080,1.000000000000,6
2026-07-12,2026-07-11,st-marche,St Marché,ipca-sp-1108080,1108080,1.000000000000,3
2026-07-12,2026-07-11,extra-mercado,Extra Mercado,ipca-sp-1109002,1109002,1.000000000000,4
2026-07-12,2026-07-11,pao-de-acucar,Pão de Açúcar,ipca-sp-1109002,1109002,1.000000000000,18
2026-07-12,2026-07-11,st-marche,St Marché,ipca-sp-1109002,1109002,1.000000000000,6
2026-07-12,2026-07-11,extra-mercado,Extra Mercado,ipca-sp-1109007,1109007,1.000000000000,7
2026-07-12,2026-07-11,pao-de-acucar,Pão de Açúcar,ipca-sp-1109007,1109007,1.000000000000,6
2026-07-12,2026-07-11,extra-mercado,Extra Mercado,ipca-sp-1109008,1109008,1.000000000000,17
2026-07-12,2026-07-11,pao-de-acucar,Pão de Açúcar,ipca-sp-1109008,1109008,1.000000000000,42
2026-07-12,2026-07-11,st-marche,St Marché,ipca-sp-1109008,1109008,1.000000000000,34
2026-07-12,2026-07-11,extra-mercado,Extra Mercado,ipca-sp-1109010,1109010,1.000000000000,9
2026-07-12,2026-07-11,pao-de-acucar,Pão de Açúcar,ipca-sp-1109010,1109010,1.000000000000,1
2026-07-12,2026-07-11,st-marche,St Marché,ipca-sp-1109010,1109010,1.000000000000,4
2026-07-12,2026-07-11,carrefour,Carrefour Mercado,ipca-sp-1110009,1110009,1.000000000000,1
2026-07-12,2026-07-11,extra-mercado,Extra Mercado,ipca-sp-1110009,1110009,1.000000000000,2
2026-07-12,2026-07-11,pao-de-acucar,Pão de Açúcar,ipca-sp-1110009,1110009,1.000000000000,5
2026-07-12,2026-07-11,st-marche,St Marché,ipca-sp-1110009,1110009,1.000000000000,1
2026-07-12,2026-07-11,carrefour,Carrefour Mercado,ipca-sp-1110010,1110010,1.000000000000,3
2026-07-12,2026-07-11,extra-mercado,Extra Mercado,ipca-sp-1110010,1110010,1.000000000000,40
2026-07-12,2026-07-11,pao-de-acucar,Pão de Açúcar,ipca-sp-1110010,1110010,1.000000000000,33
2026-07-12,2026-07-11,st-marche,St Marché,ipca-sp-1110010,1110010,1.000000000000,54
2026-07-12,2026-07-11,extra-mercado,Extra Mercado,ipca-sp-1110044,1110044,1.000000000000,9
2026-07-12,2026-07-11,pao-de-acucar,Pão de Açúcar,ipca-sp-1110044,1110044,1.000000000000,8
2026-07-12,2026-07-11,st-marche,St Marché,ipca-sp-1110044,1110044,1.000000000000,7
2026-07-12,2026-07-11,carrefour,Carrefour Mercado,ipca-sp-1111004,1111004,1.000000000000,32
2026-07-12,2026-07-11,extra-mercado,Extra Mercado,ipca-sp-1111004,1111004,1.000000000000,12
2026-07-12,2026-07-11,pao-de-acucar,Pão de Açúcar,ipca-sp-1111004,1111004,1.000000000000,1
2026-07-12,2026-07-11,st-marche,St Marché,ipca-sp-1111004,1111004,1.000000000000,16
2026-07-12,2026-07-11,carrefour,Carrefour Mercado,ipca-sp-1111009,1111009,1.000000000000,8
2026-07-12,2026-07-11,extra-mercado,Extra Mercado,ipca-sp-1111009,1111009,1.000000000000,6
2026-07-12,2026-07-11,pao-de-acucar,Pão de Açúcar,ipca-sp-1111009,1111009,1.000000000000,2
2026-07-12,2026-07-11,st-marche,St Marché,ipca-sp-1111009,1111009,1.000000000000,2
2026-07-12,2026-07-11,carrefour,Carrefour Mercado,ipca-sp-1111011,1111011,1.000000000000,1
2026-07-12,2026-07-11,extra-mercado,Extra Mercado,ipca-sp-1111011,1111011,1.005646294350,44
2026-07-12,2026-07-11,pao-de-acucar,Pão de Açúcar,ipca-sp-1111011,1111011,1.000000000000,229
2026-07-12,2026-07-11,st-marche,St Marché,ipca-sp-1111011,1111011,1.000000000000,57
2026-07-12,2026-07-11,carrefour,Carrefour Mercado,ipca-sp-1111019,1111019,0.917912951992,35
2026-07-12,2026-07-11,extra-mercado,Extra Mercado,ipca-sp-1111019,1111019,1.000000000000,171
2026-07-12,2026-07-11,pao-de-acucar,Pão de Açúcar,ipca-sp-1111019,1111019,1.000000000000,19
2026-07-12,2026-07-11,st-marche,St Marché,ipca-sp-1111019,1111019,1.000000000000,86
2026-07-12,2026-07-11,extra-mercado,Extra Mercado,ipca-sp-1111021,1111021,1.000000000000,13
2026-07-12,2026-07-11,pao-de-acucar,Pão de Açúcar,ipca-sp-1111021,1111021,1.000000000000,5
2026-07-12,2026-07-11,st-marche,St Marché,ipca-sp-1111021,1111021,1.000000000000,18
2026-07-12,2026-07-11,carrefour,Carrefour Mercado,ipca-sp-1112003,1112003,0.990713019860,106
2026-07-12,2026-07-11,extra-mercado,Extra Mercado,ipca-sp-1112003,1112003,1.000000000000,164
2026-07-12,2026-07-11,pao-de-acucar,Pão de Açúcar,ipca-sp-1112003,1112003,1.000000000000,49
2026-07-12,2026-07-11,st-marche,St Marché,ipca-sp-1112003,1112003,1.000000000000,61
2026-07-12,2026-07-11,carrefour,Carrefour Mercado,ipca-sp-1112015,1112015,1.000000000000,4
2026-07-12,2026-07-11,extra-mercado,Extra Mercado,ipca-sp-1112015,1112015,1.000000000000,3
2026-07-12,2026-07-11,st-marche,St Marché,ipca-sp-1112015,1112015,1.000000000000,5
2026-07-12,2026-07-11,carrefour,Carrefour Mercado,ipca-sp-1112017,1112017,1.000000000000,2
2026-07-12,2026-07-11,extra-mercado,Extra Mercado,ipca-sp-1112017,1112017,1.000000000000,6
2026-07-12,2026-07-11,st-marche,St Marché,ipca-sp-1112017,1112017,1.000000000000,6
2026-07-12,2026-07-11,carrefour,Carrefour Mercado,ipca-sp-1112018,1112018,1.000000000000,47
2026-07-12,2026-07-11,extra-mercado,Extra Mercado,ipca-sp-1112018,1112018,1.000000000000,38
2026-07-12,2026-07-11,pao-de-acucar,Pão de Açúcar,ipca-sp-1112018,1112018,1.000000000000,6
2026-07-12,2026-07-11,st-marche,St Marché,ipca-sp-1112018,1112018,1.000000000000,26
2026-07-12,2026-07-11,carrefour,Carrefour Mercado,ipca-sp-1112019,1112019,1.000143729982,28
2026-07-12,2026-07-11,extra-mercado,Extra Mercado,ipca-sp-1112019,1112019,1.000000000000,54
2026-07-12,2026-07-11,pao-de-acucar,Pão de Açúcar,ipca-sp-1112019,1112019,1.000000000000,20
2026-07-12,2026-07-11,st-marche,St Marché,ipca-sp-1112019,1112019,1.000000000000,98
2026-07-12,2026-07-11,carrefour,Carrefour Mercado,ipca-sp-1113013,1113013,0.965899126593,4
2026-07-12,2026-07-11,extra-mercado,Extra Mercado,ipca-sp-1113013,1113013,1.000000000000,3
2026-07-12,2026-07-11,st-marche,St Marché,ipca-sp-1113013,1113013,1.000000000000,1
2026-07-12,2026-07-11,carrefour,Carrefour Mercado,ipca-sp-1113014,1113014,0.979681668195,14
2026-07-12,2026-07-11,extra-mercado,Extra Mercado,ipca-sp-1113014,1113014,1.000000000000,10
2026-07-12,2026-07-11,pao-de-acucar,Pão de Açúcar,ipca-sp-1113014,1113014,1.000000000000,5
2026-07-12,2026-07-11,st-marche,St Marché,ipca-sp-1113014,1113014,1.000000000000,6
2026-07-12,2026-07-11,extra-mercado,Extra Mercado,ipca-sp-1113040,1113040,1.000000000000,13
2026-07-12,2026-07-11,pao-de-acucar,Pão de Açúcar,ipca-sp-1113040,1113040,1.000000000000,2
2026-07-12,2026-07-11,st-marche,St Marché,ipca-sp-1113040,1113040,1.000000000000,3
2026-07-12,2026-07-11,carrefour,Carrefour Mercado,ipca-sp-1114001,1114001,0.982486819730,85
2026-07-12,2026-07-11,pao-de-acucar,Pão de Açúcar,ipca-sp-1114001,1114001,1.000000000000,8
2026-07-12,2026-07-11,st-marche,St Marché,ipca-sp-1114001,1114001,1.000000000000,23
2026-07-12,2026-07-11,carrefour,Carrefour Mercado,ipca-sp-1114022,1114022,0.976054646757,45
2026-07-12,2026-07-11,extra-mercado,Extra Mercado,ipca-sp-1114022,1114022,1.000000000000,44
2026-07-12,2026-07-11,pao-de-acucar,Pão de Açúcar,ipca-sp-1114022,1114022,1.000000000000,6
2026-07-12,2026-07-11,st-marche,St Marché,ipca-sp-1114022,1114022,1.000000000000,9
2026-07-12,2026-07-11,carrefour,Carrefour Mercado,ipca-sp-1114083,1114083,1.006630698071,94
2026-07-12,2026-07-11,st-marche,St Marché,ipca-sp-1114083,1114083,1.000000000000,82
2026-07-12,2026-07-11,carrefour,Carrefour Mercado,ipca-sp-1114084,1114084,1.026004946467,35
2026-07-12,2026-07-11,extra-mercado,Extra Mercado,ipca-sp-1114084,1114084,1.000000000000,1
2026-07-12,2026-07-11,carrefour,Carrefour Mercado,ipca-sp-1114087,1114087,1.013687940165,19
2026-07-12,2026-07-11,st-marche,St Marché,ipca-sp-1114087,1114087,1.000000000000,191
2026-07-12,2026-07-11,carrefour,Carrefour Mercado,ipca-sp-1114090,1114090,0.831959177296,20
2026-07-12,2026-07-11,st-marche,St Marché,ipca-sp-1114090,1114090,1.000000000000,2
2026-07-12,2026-07-11,carrefour,Carrefour Mercado,ipca-sp-1115016,1115016,0.956791715776,3
2026-07-12,2026-07-11,extra-mercado,Extra Mercado,ipca-sp-1115016,1115016,1.000000000000,8
2026-07-12,2026-07-11,pao-de-acucar,Pão de Açúcar,ipca-sp-1115016,1115016,1.000000000000,7
2026-07-12,2026-07-11,st-marche,St Marché,ipca-sp-1115016,1115016,1.000000000000,4
2026-07-12,2026-07-11,carrefour,Carrefour Mercado,ipca-sp-1115039,1115039,0.983289400960,6
2026-07-12,2026-07-11,extra-mercado,Extra Mercado,ipca-sp-1115039,1115039,1.000000000000,4
2026-07-12,2026-07-11,pao-de-acucar,Pão de Açúcar,ipca-sp-1115039,1115039,1.000000000000,2
2026-07-12,2026-07-11,st-marche,St Marché,ipca-sp-1115039,1115039,1.000000000000,1
2026-07-12,2026-07-11,carrefour,Carrefour Mercado,ipca-sp-1115057,1115057,1.064314958448,10
2026-07-12,2026-07-11,extra-mercado,Extra Mercado,ipca-sp-1115057,1115057,1.000000000000,18
2026-07-12,2026-07-11,pao-de-acucar,Pão de Açúcar,ipca-sp-1115057,1115057,1.000000000000,28
2026-07-12,2026-07-11,st-marche,St Marché,ipca-sp-1115057,1115057,1.000000000000,1
2026-07-12,2026-07-11,carrefour,Carrefour Mercado,ipca-sp-1115058,1115058,0.949842349549,2
2026-07-12,2026-07-11,extra-mercado,Extra Mercado,ipca-sp-1115058,1115058,1.000000000000,1
2026-07-12,2026-07-11,pao-de-acucar,Pão de Açúcar,ipca-sp-1115058,1115058,1.000000000000,1
2026-07-12,2026-07-11,st-marche,St Marché,ipca-sp-1115058,1115058,1.000000000000,1
2026-07-12,2026-07-11,carrefour,Carrefour Mercado,ipca-sp-1115075,1115075,0.915153245781,8
2026-07-12,2026-07-11,extra-mercado,Extra Mercado,ipca-sp-1115075,1115075,1.000000000000,10
2026-07-12,2026-07-11,pao-de-acucar,Pão de Açúcar,ipca-sp-1115075,1115075,1.000000000000,1
2026-07-12,2026-07-11,carrefour,Carrefour Mercado,ipca-sp-1116005,1116005,0.984856201899,31
2026-07-12,2026-07-11,extra-mercado,Extra Mercado,ipca-sp-1116005,1116005,1.000000000000,31
2026-07-12,2026-07-11,pao-de-acucar,Pão de Açúcar,ipca-sp-1116005,1116005,1.000000000000,7
2026-07-12,2026-07-11,st-marche,St Marché,ipca-sp-1116005,1116005,1.000000000000,9
2026-07-12,2026-07-11,carrefour,Carrefour Mercado,ipca-sp-1116010,1116010,0.966364812419,1
2026-07-12,2026-07-11,extra-mercado,Extra Mercado,ipca-sp-1116010,1116010,1.000000000000,5
2026-07-12,2026-07-11,pao-de-acucar,Pão de Açúcar,ipca-sp-1116010,1116010,1.000000000000,3
2026-07-12,2026-07-11,st-marche,St Marché,ipca-sp-1116010,1116010,1.000000000000,9
2026-07-12,2026-07-11,carrefour,Carrefour Mercado,ipca-sp-1116033,1116033,1.003766492450,13
2026-07-12,2026-07-11,extra-mercado,Extra Mercado,ipca-sp-1116033,1116033,1.000000000000,13
2026-07-12,2026-07-11,pao-de-acucar,Pão de Açúcar,ipca-sp-1116033,1116033,1.000000000000,5
2026-07-12,2026-07-11,st-marche,St Marché,ipca-sp-1116033,1116033,1.000000000000,3
2026-07-12,2026-07-11,carrefour,Carrefour Mercado,ipca-sp-1116041,1116041,1.013142120082,5
2026-07-12,2026-07-11,extra-mercado,Extra Mercado,ipca-sp-1116041,1116041,1.000000000000,8
2026-07-12,2026-07-11,pao-de-acucar,Pão de Açúcar,ipca-sp-1116041,1116041,1.000000000000,15
2026-07-12,2026-07-11,st-marche,St Marché,ipca-sp-1116041,1116041,1.000000000000,2
2026-07-12,2026-07-11,carrefour,Carrefour Mercado,ipca-sp-1116071,1116071,0.829511534050,14
2026-07-12,2026-07-11,extra-mercado,Extra Mercado,ipca-sp-1116071,1116071,1.000000000000,20
2026-07-12,2026-07-11,pao-de-acucar,Pão de Açúcar,ipca-sp-1116071,1116071,1.000000000000,13
2026-07-12,2026-07-11,st-marche,St Marché,ipca-sp-1116071,1116071,1.000000000000,1
2026-07-13,2026-07-12,carrefour,Carrefour Mercado,ipca-sp-1101002,1101002,1.000000000000,21
2026-07-13,2026-07-12,extra-mercado,Extra Mercado,ipca-sp-1101002,1101002,1.009347017235,24
2026-07-13,2026-07-12,pao-de-acucar,Pão de Açúcar,ipca-sp-1101002,1101002,1.009740783905,27
2026-07-13,2026-07-12,st-marche,St Marché,ipca-sp-1101002,1101002,1.000000000000,4
2026-07-13,2026-07-12,carrefour,Carrefour Mercado,ipca-sp-1101073,1101073,1.000000000000,9
2026-07-13,2026-07-12,extra-mercado,Extra Mercado,ipca-sp-1101073,1101073,1.000000000000,4
2026-07-13,2026-07-12,carrefour,Carrefour Mercado,ipca-sp-1102006,1102006,0.994611871509,46
2026-07-13,2026-07-12,extra-mercado,Extra Mercado,ipca-sp-1102006,1102006,1.005294742331,38
2026-07-13,2026-07-12,pao-de-acucar,Pão de Açúcar,ipca-sp-1102006,1102006,1.000000000000,18
2026-07-13,2026-07-12,st-marche,St Marché,ipca-sp-1102006,1102006,1.000000000000,22
2026-07-13,2026-07-12,carrefour,Carrefour Mercado,ipca-sp-1102012,1102012,1.043139584649,4
2026-07-13,2026-07-12,extra-mercado,Extra Mercado,ipca-sp-1102012,1102012,1.000000000000,4
2026-07-13,2026-07-12,st-marche,St Marché,ipca-sp-1102012,1102012,1.000000000000,3
2026-07-13,2026-07-12,carrefour,Carrefour Mercado,ipca-sp-1102023,1102023,1.000000000000,5
2026-07-13,2026-07-12,extra-mercado,Extra Mercado,ipca-sp-1102023,1102023,1.000000000000,4
2026-07-13,2026-07-12,st-marche,St Marché,ipca-sp-1102023,1102023,1.000000000000,1
2026-07-13,2026-07-12,carrefour,Carrefour Mercado,ipca-sp-1102029,1102029,0.964281835103,23
2026-07-13,2026-07-12,extra-mercado,Extra Mercado,ipca-sp-1102029,1102029,1.000000000000,40
2026-07-13,2026-07-12,pao-de-acucar,Pão de Açúcar,ipca-sp-1102029,1102029,1.000000000000,41
2026-07-13,2026-07-12,st-marche,St Marché,ipca-sp-1102029,1102029,1.000000000000,37
2026-07-13,2026-07-12,carrefour,Carrefour Mercado,ipca-sp-1102061,1102061,1.000000000000,16
2026-07-13,2026-07-12,extra-mercado,Extra Mercado,ipca-sp-1102061,1102061,1.007740100201,28
2026-07-13,2026-07-12,pao-de-acucar,Pão de Açúcar,ipca-sp-1102061,1102061,1.000000000000,2
2026-07-13,2026-07-12,st-marche,St Marché,ipca-sp-1102061,1102061,1.000000000000,5
2026-07-13,2026-07-12,extra-mercado,Extra Mercado,ipca-sp-1103002,1103002,1.000000000000,2
2026-07-13,2026-07-12,st-marche,St Marché,ipca-sp-1103002,1103002,1.000000000000,2
2026-07-13,2026-07-12,carrefour,Carrefour Mercado,ipca-sp-1103003,1103003,0.954432097742,5
2026-07-13,2026-07-12,extra-mercado,Extra Mercado,ipca-sp-1103003,1103003,1.000000000000,9
2026-07-13,2026-07-12,pao-de-acucar,Pão de Açúcar,ipca-sp-1103003,1103003,1.000000000000,9
2026-07-13,2026-07-12,st-marche,St Marché,ipca-sp-1103003,1103003,1.000000000000,3
2026-07-13,2026-07-12,extra-mercado,Extra Mercado,ipca-sp-1103020,1103020,1.000000000000,2
2026-07-13,2026-07-12,pao-de-acucar,Pão de Açúcar,ipca-sp-1103020,1103020,1.000000000000,1
2026-07-13,2026-07-12,st-marche,St Marché,ipca-sp-1103020,1103020,1.000000000000,2
2026-07-13,2026-07-12,extra-mercado,Extra Mercado,ipca-sp-1103026,1103026,1.000000000000,4
2026-07-13,2026-07-12,pao-de-acucar,Pão de Açúcar,ipca-sp-1103026,1103026,1.000000000000,2
2026-07-13,2026-07-12,st-marche,St Marché,ipca-sp-1103026,1103026,1.000000000000,4
2026-07-13,2026-07-12,carrefour,Carrefour Mercado,ipca-sp-1103028,1103028,1.000000000000,7
2026-07-13,2026-07-12,extra-mercado,Extra Mercado,ipca-sp-1103028,1103028,1.083053380367,4
2026-07-13,2026-07-12,pao-de-acucar,Pão de Açúcar,ipca-sp-1103028,1103028,1.000000000000,3
2026-07-13,2026-07-12,st-marche,St Marché,ipca-sp-1103028,1103028,1.000000000000,4
2026-07-13,2026-07-12,carrefour,Carrefour Mercado,ipca-sp-1103043,1103043,1.000000000000,2
2026-07-13,2026-07-12,extra-mercado,Extra Mercado,ipca-sp-1103043,1103043,1.000000000000,2
2026-07-13,2026-07-12,st-marche,St Marché,ipca-sp-1103043,1103043,1.000000000000,9
2026-07-13,2026-07-12,carrefour,Carrefour Mercado,ipca-sp-1103044,1103044,1.000000000000,1
2026-07-13,2026-07-12,extra-mercado,Extra Mercado,ipca-sp-1103044,1103044,1.000000000000,1
2026-07-13,2026-07-12,st-marche,St Marché,ipca-sp-1103044,1103044,1.000000000000,2
2026-07-13,2026-07-12,carrefour,Carrefour Mercado,ipca-sp-1104003,1104003,1.000000000000,7
2026-07-13,2026-07-12,extra-mercado,Extra Mercado,ipca-sp-1104003,1104003,1.000000000000,3
2026-07-13,2026-07-12,pao-de-acucar,Pão de Açúcar,ipca-sp-1104003,1104003,1.000000000000,1
2026-07-13,2026-07-12,st-marche,St Marché,ipca-sp-1104003,1104003,1.000000000000,1
2026-07-13,2026-07-12,carrefour,Carrefour Mercado,ipca-sp-1104023,1104023,0.996790686930,67
2026-07-13,2026-07-12,extra-mercado,Extra Mercado,ipca-sp-1104023,1104023,1.002827689093,112
2026-07-13,2026-07-12,pao-de-acucar,Pão de Açúcar,ipca-sp-1104023,1104023,1.000000000000,70
2026-07-13,2026-07-12,st-marche,St Marché,ipca-sp-1104023,1104023,1.000000000000,20
2026-07-13,2026-07-12,carrefour,Carrefour Mercado,ipca-sp-1104032,1104032,1.023933850877,20
2026-07-13,2026-07-12,extra-mercado,Extra Mercado,ipca-sp-1104032,1104032,1.000000000000,27
2026-07-13,2026-07-12,pao-de-acucar,Pão de Açúcar,ipca-sp-1104032,1104032,1.038879216037,92
2026-07-13,2026-07-12,st-marche,St Marché,ipca-sp-1104032,1104032,1.019801229794,98
2026-07-13,2026-07-12,carrefour,Carrefour Mercado,ipca-sp-1104052,1104052,1.000000000000,21
2026-07-13,2026-07-12,extra-mercado,Extra Mercado,ipca-sp-1104052,1104052,1.013481596107,15
2026-07-13,2026-07-12,pao-de-acucar,Pão de Açúcar,ipca-sp-1104052,1104052,1.000000000000,7
2026-07-13,2026-07-12,st-marche,St Marché,ipca-sp-1104052,1104052,1.000000000000,6
2026-07-13,2026-07-12,carrefour,Carrefour Mercado,ipca-sp-1105001,1105001,1.000000000000,1
2026-07-13,2026-07-12,extra-mercado,Extra Mercado,ipca-sp-1105001,1105001,1.000000000000,1
2026-07-13,2026-07-12,st-marche,St Marché,ipca-sp-1105001,1105001,1.000000000000,7
2026-07-13,2026-07-12,carrefour,Carrefour Mercado,ipca-sp-1105005,1105005,1.000000000000,1
2026-07-13,2026-07-12,st-marche,St Marché,ipca-sp-1105005,1105005,1.000000000000,1
2026-07-13,2026-07-12,extra-mercado,Extra Mercado,ipca-sp-1105010,1105010,1.000000000000,3
2026-07-13,2026-07-12,st-marche,St Marché,ipca-sp-1105010,1105010,1.000000000000,1
2026-07-13,2026-07-12,extra-mercado,Extra Mercado,ipca-sp-1105012,1105012,1.000000000000,2
2026-07-13,2026-07-12,carrefour,Carrefour Mercado,ipca-sp-1105019,1105019,0.929755061486,4
2026-07-13,2026-07-12,extra-mercado,Extra Mercado,ipca-sp-1105019,1105019,1.000000000000,2
2026-07-13,2026-07-12,pao-de-acucar,Pão de Açúcar,ipca-sp-1105019,1105019,1.000000000000,1
2026-07-13,2026-07-12,st-marche,St Marché,ipca-sp-1105019,1105019,1.000000000000,7
2026-07-13,2026-07-12,extra-mercado,Extra Mercado,ipca-sp-1106005,1106005,1.000000000000,1
2026-07-13,2026-07-12,st-marche,St Marché,ipca-sp-1106005,1106005,1.000000000000,1
2026-07-13,2026-07-12,carrefour,Carrefour Mercado,ipca-sp-1106008,1106008,1.000000000000,1
2026-07-13,2026-07-12,extra-mercado,Extra Mercado,ipca-sp-1106008,1106008,1.000000000000,1
2026-07-13,2026-07-12,st-marche,St Marché,ipca-sp-1106008,1106008,1.000000000000,1
2026-07-13,2026-07-12,carrefour,Carrefour Mercado,ipca-sp-1106015,1106015,1.000000000000,2
2026-07-13,2026-07-12,extra-mercado,Extra Mercado,ipca-sp-1106015,1106015,1.155183171854,2
2026-07-13,2026-07-12,st-marche,St Marché,ipca-sp-1106015,1106015,1.000000000000,2
2026-07-13,2026-07-12,carrefour,Carrefour Mercado,ipca-sp-1106017,1106017,1.000000000000,3
2026-07-13,2026-07-12,extra-mercado,Extra Mercado,ipca-sp-1106017,1106017,1.117473751062,4
2026-07-13,2026-07-12,st-marche,St Marché,ipca-sp-1106017,1106017,1.000000000000,8
2026-07-13,2026-07-12,carrefour,Carrefour Mercado,ipca-sp-1106018,1106018,1.000000000000,2
2026-07-13,2026-07-12,extra-mercado,Extra Mercado,ipca-sp-1106018,1106018,1.000000000000,4
2026-07-13,2026-07-12,pao-de-acucar,Pão de Açúcar,ipca-sp-1106018,1106018,1.000000000000,2
2026-07-13,2026-07-12,st-marche,St Marché,ipca-sp-1106018,1106018,1.000000000000,5
2026-07-13,2026-07-12,carrefour,Carrefour Mercado,ipca-sp-1106019,1106019,1.000000000000,1
2026-07-13,2026-07-12,extra-mercado,Extra Mercado,ipca-sp-1106019,1106019,1.000000000000,1
2026-07-13,2026-07-12,st-marche,St Marché,ipca-sp-1106019,1106019,1.000000000000,7
2026-07-13,2026-07-12,carrefour,Carrefour Mercado,ipca-sp-1106023,1106023,1.000000000000,1
2026-07-13,2026-07-12,extra-mercado,Extra Mercado,ipca-sp-1106023,1106023,1.283146650138,3
2026-07-13,2026-07-12,st-marche,St Marché,ipca-sp-1106023,1106023,1.000000000000,5
2026-07-13,2026-07-12,extra-mercado,Extra Mercado,ipca-sp-1106027,1106027,1.000000000000,1
2026-07-13,2026-07-12,st-marche,St Marché,ipca-sp-1106027,1106027,1.000000000000,6
2026-07-13,2026-07-12,extra-mercado,Extra Mercado,ipca-sp-1106028,1106028,1.000000000000,3
2026-07-13,2026-07-12,pao-de-acucar,Pão de Açúcar,ipca-sp-1106028,1106028,1.000000000000,1
2026-07-13,2026-07-12,st-marche,St Marché,ipca-sp-1106028,1106028,1.000000000000,9
2026-07-13,2026-07-12,carrefour,Carrefour Mercado,ipca-sp-1106039,1106039,1.000000000000,1
2026-07-13,2026-07-12,extra-mercado,Extra Mercado,ipca-sp-1106039,1106039,1.000000000000,2
2026-07-13,2026-07-12,pao-de-acucar,Pão de Açúcar,ipca-sp-1106039,1106039,1.000000000000,1
2026-07-13,2026-07-12,st-marche,St Marché,ipca-sp-1106039,1106039,1.000000000000,1
2026-07-13,2026-07-12,carrefour,Carrefour Mercado,ipca-sp-1107018,1107018,1.026403153343,15
2026-07-13,2026-07-12,extra-mercado,Extra Mercado,ipca-sp-1107018,1107018,1.000000000000,36
2026-07-13,2026-07-12,pao-de-acucar,Pão de Açúcar,ipca-sp-1107018,1107018,1.000000000000,46
2026-07-13,2026-07-12,st-marche,St Marché,ipca-sp-1107018,1107018,1.009364428575,24
2026-07-13,2026-07-12,carrefour,Carrefour Mercado,ipca-sp-1107084,1107084,1.024002866273,4
2026-07-13,2026-07-12,extra-mercado,Extra Mercado,ipca-sp-1107084,1107084,1.000000000000,4
2026-07-13,2026-07-12,pao-de-acucar,Pão de Açúcar,ipca-sp-1107084,1107084,1.049130055665,12
2026-07-13,2026-07-12,st-marche,St Marché,ipca-sp-1107084,1107084,1.000000000000,3
2026-07-13,2026-07-12,carrefour,Carrefour Mercado,ipca-sp-1107087,1107087,1.000000000000,4
2026-07-13,2026-07-12,extra-mercado,Extra Mercado,ipca-sp-1107087,1107087,1.000000000000,3
2026-07-13,2026-07-12,pao-de-acucar,Pão de Açúcar,ipca-sp-1107087,1107087,1.000000000000,2
2026-07-13,2026-07-12,st-marche,St Marché,ipca-sp-1107087,1107087,1.000000000000,6
2026-07-13,2026-07-12,carrefour,Carrefour Mercado,ipca-sp-1107088,1107088,1.000000000000,2
2026-07-13,2026-07-12,extra-mercado,Extra Mercado,ipca-sp-1107088,1107088,1.096970147710,4
2026-07-13,2026-07-12,pao-de-acucar,Pão de Açúcar,ipca-sp-1107088,1107088,1.000000000000,10
2026-07-13,2026-07-12,st-marche,St Marché,ipca-sp-1107088,1107088,1.000000000000,3
2026-07-13,2026-07-12,carrefour,Carrefour Mercado,ipca-sp-1107089,1107089,0.981442825185,3
2026-07-13,2026-07-12,extra-mercado,Extra Mercado,ipca-sp-1107089,1107089,1.000000000000,4
2026-07-13,2026-07-12,pao-de-acucar,Pão de Açúcar,ipca-sp-1107089,1107089,1.000000000000,1
2026-07-13,2026-07-12,st-marche,St Marché,ipca-sp-1107089,1107089,1.000000000000,6
2026-07-13,2026-07-12,carrefour,Carrefour Mercado,ipca-sp-1107091,1107091,1.000000000000,1
2026-07-13,2026-07-12,pao-de-acucar,Pão de Açúcar,ipca-sp-1107091,1107091,1.000000000000,4
2026-07-13,2026-07-12,st-marche,St Marché,ipca-sp-1107091,1107091,1.000000000000,3
2026-07-13,2026-07-12,carrefour,Carrefour Mercado,ipca-sp-1107093,1107093,1.000000000000,1
2026-07-13,2026-07-12,extra-mercado,Extra Mercado,ipca-sp-1107093,1107093,1.000000000000,4
2026-07-13,2026-07-12,pao-de-acucar,Pão de Açúcar,ipca-sp-1107093,1107093,1.064325368472,3
2026-07-13,2026-07-12,st-marche,St Marché,ipca-sp-1107093,1107093,1.000000000000,2
2026-07-13,2026-07-12,carrefour,Carrefour Mercado,ipca-sp-1107094,1107094,1.000000000000,1
2026-07-13,2026-07-12,extra-mercado,Extra Mercado,ipca-sp-1107094,1107094,1.000000000000,1
2026-07-13,2026-07-12,pao-de-acucar,Pão de Açúcar,ipca-sp-1107094,1107094,1.000000000000,1
2026-07-13,2026-07-12,st-marche,St Marché,ipca-sp-1107094,1107094,1.000000000000,1
2026-07-13,2026-07-12,carrefour,Carrefour Mercado,ipca-sp-1107095,1107095,0.970465382866,3
2026-07-13,2026-07-12,extra-mercado,Extra Mercado,ipca-sp-1107095,1107095,1.035180682464,2
2026-07-13,2026-07-12,pao-de-acucar,Pão de Açúcar,ipca-sp-1107095,1107095,1.000000000000,4
2026-07-13,2026-07-12,st-marche,St Marché,ipca-sp-1107095,1107095,1.000000000000,3
2026-07-13,2026-07-12,carrefour,Carrefour Mercado,ipca-sp-1107099,1107099,1.000000000000,2
2026-07-13,2026-07-12,extra-mercado,Extra Mercado,ipca-sp-1107099,1107099,1.000000000000,2
2026-07-13,2026-07-12,pao-de-acucar,Pão de Açúcar,ipca-sp-1107099,1107099,1.049327240213,7
2026-07-13,2026-07-12,st-marche,St Marché,ipca-sp-1107099,1107099,1.000000000000,3
2026-07-13,2026-07-12,carrefour,Carrefour Mercado,ipca-sp-1108031,1108031,1.000000000000,3
2026-07-13,2026-07-12,extra-mercado,Extra Mercado,ipca-sp-1108031,1108031,1.000000000000,2
2026-07-13,2026-07-12,pao-de-acucar,Pão de Açúcar,ipca-sp-1108031,1108031,1.000000000000,1
2026-07-13,2026-07-12,st-marche,St Marché,ipca-sp-1108031,1108031,1.000000000000,1
2026-07-13,2026-07-12,pao-de-acucar,Pão de Açúcar,ipca-sp-1108038,1108038,1.000000000000,3
2026-07-13,2026-07-12,st-marche,St Marché,ipca-sp-1108038,1108038,1.000000000000,1
2026-07-13,2026-07-12,carrefour,Carrefour Mercado,ipca-sp-1108075,1108075,1.028351193879,5
2026-07-13,2026-07-12,extra-mercado,Extra Mercado,ipca-sp-1108075,1108075,1.000000000000,2
2026-07-13,2026-07-12,pao-de-acucar,Pão de Açúcar,ipca-sp-1108075,1108075,1.000000000000,33
2026-07-13,2026-07-12,st-marche,St Marché,ipca-sp-1108075,1108075,1.000000000000,6
2026-07-13,2026-07-12,carrefour,Carrefour Mercado,ipca-sp-1108080,1108080,1.000000000000,5
2026-07-13,2026-07-12,extra-mercado,Extra Mercado,ipca-sp-1108080,1108080,1.000000000000,3
2026-07-13,2026-07-12,pao-de-acucar,Pão de Açúcar,ipca-sp-1108080,1108080,1.069597698087,7
2026-07-13,2026-07-12,st-marche,St Marché,ipca-sp-1108080,1108080,1.000000000000,3
2026-07-13,2026-07-12,carrefour,Carrefour Mercado,ipca-sp-1109002,1109002,1.021856192076,6
2026-07-13,2026-07-12,extra-mercado,Extra Mercado,ipca-sp-1109002,1109002,1.000000000000,4
2026-07-13,2026-07-12,pao-de-acucar,Pão de Açúcar,ipca-sp-1109002,1109002,1.000000000000,20
2026-07-13,2026-07-12,st-marche,St Marché,ipca-sp-1109002,1109002,1.000000000000,8
2026-07-13,2026-07-12,carrefour,Carrefour Mercado,ipca-sp-1109007,1109007,1.000000000000,5
2026-07-13,2026-07-12,extra-mercado,Extra Mercado,ipca-sp-1109007,1109007,1.000000000000,8
2026-07-13,2026-07-12,pao-de-acucar,Pão de Açúcar,ipca-sp-1109007,1109007,1.000000000000,10
2026-07-13,2026-07-12,carrefour,Carrefour Mercado,ipca-sp-1109008,1109008,1.022108749143,13
2026-07-13,2026-07-12,extra-mercado,Extra Mercado,ipca-sp-1109008,1109008,1.000000000000,22
2026-07-13,2026-07-12,pao-de-acucar,Pão de Açúcar,ipca-sp-1109008,1109008,1.000000000000,55
2026-07-13,2026-07-12,st-marche,St Marché,ipca-sp-1109008,1109008,1.000000000000,37
2026-07-13,2026-07-12,carrefour,Carrefour Mercado,ipca-sp-1109010,1109010,1.000000000000,3
2026-07-13,2026-07-12,extra-mercado,Extra Mercado,ipca-sp-1109010,1109010,1.000000000000,9
2026-07-13,2026-07-12,pao-de-acucar,Pão de Açúcar,ipca-sp-1109010,1109010,1.000000000000,2
2026-07-13,2026-07-12,st-marche,St Marché,ipca-sp-1109010,1109010,1.000000000000,5
2026-07-13,2026-07-12,carrefour,Carrefour Mercado,ipca-sp-1110009,1110009,1.000000000000,1
2026-07-13,2026-07-12,extra-mercado,Extra Mercado,ipca-sp-1110009,1110009,1.000000000000,3
2026-07-13,2026-07-12,pao-de-acucar,Pão de Açúcar,ipca-sp-1110009,1110009,1.000000000000,5
2026-07-13,2026-07-12,st-marche,St Marché,ipca-sp-1110009,1110009,1.000000000000,1
2026-07-13,2026-07-12,carrefour,Carrefour Mercado,ipca-sp-1110010,1110010,0.989834968667,34
2026-07-13,2026-07-12,extra-mercado,Extra Mercado,ipca-sp-1110010,1110010,1.000000000000,47
2026-07-13,2026-07-12,pao-de-acucar,Pão de Açúcar,ipca-sp-1110010,1110010,0.994838396262,55
2026-07-13,2026-07-12,st-marche,St Marché,ipca-sp-1110010,1110010,1.000000000000,57
2026-07-13,2026-07-12,carrefour,Carrefour Mercado,ipca-sp-1110044,1110044,1.000000000000,1
2026-07-13,2026-07-12,extra-mercado,Extra Mercado,ipca-sp-1110044,1110044,1.005529907333,11
2026-07-13,2026-07-12,pao-de-acucar,Pão de Açúcar,ipca-sp-1110044,1110044,1.000000000000,10
2026-07-13,2026-07-12,st-marche,St Marché,ipca-sp-1110044,1110044,1.000000000000,7
2026-07-13,2026-07-12,carrefour,Carrefour Mercado,ipca-sp-1111004,1111004,0.968990815847,36
2026-07-13,2026-07-12,extra-mercado,Extra Mercado,ipca-sp-1111004,1111004,1.000000000000,12
2026-07-13,2026-07-12,pao-de-acucar,Pão de Açúcar,ipca-sp-1111004,1111004,1.000000000000,1
2026-07-13,2026-07-12,st-marche,St Marché,ipca-sp-1111004,1111004,1.000000000000,17
2026-07-13,2026-07-12,carrefour,Carrefour Mercado,ipca-sp-1111009,1111009,0.936991989380,8
2026-07-13,2026-07-12,extra-mercado,Extra Mercado,ipca-sp-1111009,1111009,1.000000000000,7
2026-07-13,2026-07-12,pao-de-acucar,Pão de Açúcar,ipca-sp-1111009,1111009,1.000000000000,5
2026-07-13,2026-07-12,st-marche,St Marché,ipca-sp-1111009,1111009,1.000000000000,2
2026-07-13,2026-07-12,carrefour,Carrefour Mercado,ipca-sp-1111011,1111011,1.038012599303,38
2026-07-13,2026-07-12,extra-mercado,Extra Mercado,ipca-sp-1111011,1111011,1.000000000000,54
2026-07-13,2026-07-12,pao-de-acucar,Pão de Açúcar,ipca-sp-1111011,1111011,1.000000000000,258
2026-07-13,2026-07-12,st-marche,St Marché,ipca-sp-1111011,1111011,1.007837082260,70
2026-07-13,2026-07-12,carrefour,Carrefour Mercado,ipca-sp-1111019,1111019,0.981344277885,118
2026-07-13,2026-07-12,extra-mercado,Extra Mercado,ipca-sp-1111019,1111019,1.000171077250,203
2026-07-13,2026-07-12,pao-de-acucar,Pão de Açúcar,ipca-sp-1111019,1111019,1.000000000000,34
2026-07-13,2026-07-12,st-marche,St Marché,ipca-sp-1111019,1111019,1.000000000000,104
2026-07-13,2026-07-12,carrefour,Carrefour Mercado,ipca-sp-1111021,1111021,1.043831122934,28
2026-07-13,2026-07-12,extra-mercado,Extra Mercado,ipca-sp-1111021,1111021,1.025144765087,16
2026-07-13,2026-07-12,pao-de-acucar,Pão de Açúcar,ipca-sp-1111021,1111021,1.000000000000,10
2026-07-13,2026-07-12,st-marche,St Marché,ipca-sp-1111021,1111021,1.000000000000,22
2026-07-13,2026-07-12,carrefour,Carrefour Mercado,ipca-sp-1112003,1112003,1.000378330999,118
2026-07-13,2026-07-12,extra-mercado,Extra Mercado,ipca-sp-1112003,1112003,1.002794228541,182
2026-07-13,2026-07-12,pao-de-acucar,Pão de Açúcar,ipca-sp-1112003,1112003,1.001590271350,60
2026-07-13,2026-07-12,st-marche,St Marché,ipca-sp-1112003,1112003,1.000000000000,67
2026-07-13,2026-07-12,carrefour,Carrefour Mercado,ipca-sp-1112015,1112015,0.971534769037,4
2026-07-13,2026-07-12,extra-mercado,Extra Mercado,ipca-sp-1112015,1112015,1.000000000000,3
2026-07-13,2026-07-12,st-marche,St Marché,ipca-sp-1112015,1112015,1.000000000000,5
2026-07-13,2026-07-12,carrefour,Carrefour Mercado,ipca-sp-1112017,1112017,0.659355663662,2
2026-07-13,2026-07-12,extra-mercado,Extra Mercado,ipca-sp-1112017,1112017,1.000000000000,6
2026-07-13,2026-07-12,st-marche,St Marché,ipca-sp-1112017,1112017,1.000000000000,6
2026-07-13,2026-07-12,carrefour,Carrefour Mercado,ipca-sp-1112018,1112018,1.005116577124,50
2026-07-13,2026-07-12,extra-mercado,Extra Mercado,ipca-sp-1112018,1112018,1.003688166166,38
2026-07-13,2026-07-12,pao-de-acucar,Pão de Açúcar,ipca-sp-1112018,1112018,1.000000000000,8
2026-07-13,2026-07-12,st-marche,St Marché,ipca-sp-1112018,1112018,1.000000000000,26
2026-07-13,2026-07-12,carrefour,Carrefour Mercado,ipca-sp-1112019,1112019,1.084355801116,33
2026-07-13,2026-07-12,extra-mercado,Extra Mercado,ipca-sp-1112019,1112019,1.000000000000,64
2026-07-13,2026-07-12,pao-de-acucar,Pão de Açúcar,ipca-sp-1112019,1112019,1.000000000000,21
2026-07-13,2026-07-12,st-marche,St Marché,ipca-sp-1112019,1112019,1.000000000000,98
2026-07-13,2026-07-12,carrefour,Carrefour Mercado,ipca-sp-1113013,1113013,1.000000000000,4
2026-07-13,2026-07-12,extra-mercado,Extra Mercado,ipca-sp-1113013,1113013,1.000000000000,3
2026-07-13,2026-07-12,st-marche,St Marché,ipca-sp-1113013,1113013,1.000000000000,1
2026-07-13,2026-07-12,carrefour,Carrefour Mercado,ipca-sp-1113014,1113014,1.000000000000,15
2026-07-13,2026-07-12,extra-mercado,Extra Mercado,ipca-sp-1113014,1113014,1.000000000000,10
2026-07-13,2026-07-12,pao-de-acucar,Pão de Açúcar,ipca-sp-1113014,1113014,1.000000000000,8
2026-07-13,2026-07-12,st-marche,St Marché,ipca-sp-1113014,1113014,1.000000000000,6
2026-07-13,2026-07-12,carrefour,Carrefour Mercado,ipca-sp-1113040,1113040,1.000000000000,15
2026-07-13,2026-07-12,extra-mercado,Extra Mercado,ipca-sp-1113040,1113040,1.000000000000,13
2026-07-13,2026-07-12,pao-de-acucar,Pão de Açúcar,ipca-sp-1113040,1113040,1.000000000000,2
2026-07-13,2026-07-12,st-marche,St Marché,ipca-sp-1113040,1113040,1.000000000000,4
2026-07-13,2026-07-12,carrefour,Carrefour Mercado,ipca-sp-1114001,1114001,0.982108490022,88
2026-07-13,2026-07-12,extra-mercado,Extra Mercado,ipca-sp-1114001,1114001,1.008461715797,40
2026-07-13,2026-07-12,pao-de-acucar,Pão de Açúcar,ipca-sp-1114001,1114001,1.000000000000,12
2026-07-13,2026-07-12,st-marche,St Marché,ipca-sp-1114001,1114001,1.000000000000,36
2026-07-13,2026-07-12,carrefour,Carrefour Mercado,ipca-sp-1114022,1114022,1.027987205508,47
2026-07-13,2026-07-12,extra-mercado,Extra Mercado,ipca-sp-1114022,1114022,1.026466720414,54
2026-07-13,2026-07-12,pao-de-acucar,Pão de Açúcar,ipca-sp-1114022,1114022,1.000000000000,24
2026-07-13,2026-07-12,st-marche,St Marché,ipca-sp-1114022,1114022,1.000000000000,9
2026-07-13,2026-07-12,carrefour,Carrefour Mercado,ipca-sp-1114083,1114083,0.987904784610,103
2026-07-13,2026-07-12,extra-mercado,Extra Mercado,ipca-sp-1114083,1114083,0.990446982027,50
2026-07-13,2026-07-12,st-marche,St Marché,ipca-sp-1114083,1114083,1.000000000000,95
2026-07-13,2026-07-12,carrefour,Carrefour Mercado,ipca-sp-1114084,1114084,1.015490578288,36
2026-07-13,2026-07-12,extra-mercado,Extra Mercado,ipca-sp-1114084,1114084,0.983196116331,26
2026-07-13,2026-07-12,pao-de-acucar,Pão de Açúcar,ipca-sp-1114084,1114084,0.916189785822,3
2026-07-13,2026-07-12,carrefour,Carrefour Mercado,ipca-sp-1114087,1114087,1.062595859009,20
2026-07-13,2026-07-12,extra-mercado,Extra Mercado,ipca-sp-1114087,1114087,1.122171969994,14
2026-07-13,2026-07-12,pao-de-acucar,Pão de Açúcar,ipca-sp-1114087,1114087,1.040640743354,142
2026-07-13,2026-07-12,st-marche,St Marché,ipca-sp-1114087,1114087,1.000000000000,239
2026-07-13,2026-07-12,carrefour,Carrefour Mercado,ipca-sp-1114090,1114090,0.923609389367,20
2026-07-13,2026-07-12,extra-mercado,Extra Mercado,ipca-sp-1114090,1114090,1.000000000000,18
2026-07-13,2026-07-12,st-marche,St Marché,ipca-sp-1114090,1114090,1.000000000000,4
2026-07-13,2026-07-12,carrefour,Carrefour Mercado,ipca-sp-1115016,1115016,1.000000000000,4
2026-07-13,2026-07-12,extra-mercado,Extra Mercado,ipca-sp-1115016,1115016,1.000000000000,9
2026-07-13,2026-07-12,pao-de-acucar,Pão de Açúcar,ipca-sp-1115016,1115016,1.000000000000,9
2026-07-13,2026-07-12,st-marche,St Marché,ipca-sp-1115016,1115016,1.000000000000,4
2026-07-13,2026-07-12,carrefour,Carrefour Mercado,ipca-sp-1115039,1115039,1.000000000000,6
2026-07-13,2026-07-12,extra-mercado,Extra Mercado,ipca-sp-1115039,1115039,1.000000000000,4
2026-07-13,2026-07-12,pao-de-acucar,Pão de Açúcar,ipca-sp-1115039,1115039,1.000000000000,2
2026-07-13,2026-07-12,st-marche,St Marché,ipca-sp-1115039,1115039,1.000000000000,1
2026-07-13,2026-07-12,carrefour,Carrefour Mercado,ipca-sp-1115057,1115057,1.000000000000,11
2026-07-13,2026-07-12,extra-mercado,Extra Mercado,ipca-sp-1115057,1115057,1.000000000000,20
2026-07-13,2026-07-12,pao-de-acucar,Pão de Açúcar,ipca-sp-1115057,1115057,1.000000000000,35
2026-07-13,2026-07-12,st-marche,St Marché,ipca-sp-1115057,1115057,1.000000000000,2
2026-07-13,2026-07-12,carrefour,Carrefour Mercado,ipca-sp-1115058,1115058,1.000000000000,4
2026-07-13,2026-07-12,extra-mercado,Extra Mercado,ipca-sp-1115058,1115058,1.000000000000,1
2026-07-13,2026-07-12,pao-de-acucar,Pão de Açúcar,ipca-sp-1115058,1115058,1.000000000000,1
2026-07-13,2026-07-12,st-marche,St Marché,ipca-sp-1115058,1115058,1.000000000000,1
2026-07-13,2026-07-12,carrefour,Carrefour Mercado,ipca-sp-1115075,1115075,1.000000000000,13
2026-07-13,2026-07-12,extra-mercado,Extra Mercado,ipca-sp-1115075,1115075,1.000000000000,12
2026-07-13,2026-07-12,pao-de-acucar,Pão de Açúcar,ipca-sp-1115075,1115075,1.000000000000,3
2026-07-13,2026-07-12,carrefour,Carrefour Mercado,ipca-sp-1116005,1116005,1.006905349576,36
2026-07-13,2026-07-12,extra-mercado,Extra Mercado,ipca-sp-1116005,1116005,1.002545377079,34
2026-07-13,2026-07-12,pao-de-acucar,Pão de Açúcar,ipca-sp-1116005,1116005,1.000000000000,13
2026-07-13,2026-07-12,st-marche,St Marché,ipca-sp-1116005,1116005,1.000000000000,10
2026-07-13,2026-07-12,carrefour,Carrefour Mercado,ipca-sp-1116010,1116010,1.000000000000,1
2026-07-13,2026-07-12,extra-mercado,Extra Mercado,ipca-sp-1116010,1116010,1.000000000000,5
2026-07-13,2026-07-12,pao-de-acucar,Pão de Açúcar,ipca-sp-1116010,1116010,1.000000000000,6
2026-07-13,2026-07-12,st-marche,St Marché,ipca-sp-1116010,1116010,1.000000000000,12
2026-07-13,2026-07-12,carrefour,Carrefour Mercado,ipca-sp-1116033,1116033,1.000000000000,14
2026-07-13,2026-07-12,extra-mercado,Extra Mercado,ipca-sp-1116033,1116033,1.000000000000,13
2026-07-13,2026-07-12,pao-de-acucar,Pão de Açúcar,ipca-sp-1116033,1116033,1.000000000000,6
2026-07-13,2026-07-12,st-marche,St Marché,ipca-sp-1116033,1116033,1.000000000000,3
2026-07-13,2026-07-12,carrefour,Carrefour Mercado,ipca-sp-1116041,1116041,1.000000000000,7
2026-07-13,2026-07-12,extra-mercado,Extra Mercado,ipca-sp-1116041,1116041,1.000000000000,10
2026-07-13,2026-07-12,pao-de-acucar,Pão de Açúcar,ipca-sp-1116041,1116041,1.000000000000,17
2026-07-13,2026-07-12,st-marche,St Marché,ipca-sp-1116041,1116041,1.000000000000,2
2026-07-13,2026-07-12,carrefour,Carrefour Mercado,ipca-sp-1116071,1116071,0.997439870311,15
2026-07-13,2026-07-12,extra-mercado,Extra Mercado,ipca-sp-1116071,1116071,1.000000000000,24
2026-07-13,2026-07-12,pao-de-acucar,Pão de Açúcar,ipca-sp-1116071,1116071,1.000000000000,27
2026-07-13,2026-07-12,st-marche,St Marché,ipca-sp-1116071,1116071,1.000000000000,5
2026-07-14,2026-07-13,carrefour,Carrefour Mercado,ipca-sp-1101002,1101002,0.981758254183,21
2026-07-14,2026-07-13,extra-mercado,Extra Mercado,ipca-sp-1101002,1101002,1.010977186025,24
2026-07-14,2026-07-13,pao-de-acucar,Pão de Açúcar,ipca-sp-1101002,1101002,1.000000000000,27
2026-07-14,2026-07-13,st-marche,St Marché,ipca-sp-1101002,1101002,1.000000000000,4
2026-07-14,2026-07-13,carrefour,Carrefour Mercado,ipca-sp-1101073,1101073,0.982506537796,9
2026-07-14,2026-07-13,extra-mercado,Extra Mercado,ipca-sp-1101073,1101073,1.000000000000,4
2026-07-14,2026-07-13,carrefour,Carrefour Mercado,ipca-sp-1102006,1102006,1.000000000000,46
2026-07-14,2026-07-13,extra-mercado,Extra Mercado,ipca-sp-1102006,1102006,1.005294742331,38
2026-07-14,2026-07-13,pao-de-acucar,Pão de Açúcar,ipca-sp-1102006,1102006,1.000000000000,18
2026-07-14,2026-07-13,st-marche,St Marché,ipca-sp-1102006,1102006,1.000000000000,22
2026-07-14,2026-07-13,carrefour,Carrefour Mercado,ipca-sp-1102012,1102012,1.043139584649,4
2026-07-14,2026-07-13,extra-mercado,Extra Mercado,ipca-sp-1102012,1102012,1.000000000000,4
2026-07-14,2026-07-13,st-marche,St Marché,ipca-sp-1102012,1102012,1.000000000000,3
2026-07-14,2026-07-13,carrefour,Carrefour Mercado,ipca-sp-1102023,1102023,1.000000000000,5
2026-07-14,2026-07-13,extra-mercado,Extra Mercado,ipca-sp-1102023,1102023,1.000000000000,4
2026-07-14,2026-07-13,st-marche,St Marché,ipca-sp-1102023,1102023,1.000000000000,1
2026-07-14,2026-07-13,carrefour,Carrefour Mercado,ipca-sp-1102029,1102029,1.000000000000,24
2026-07-14,2026-07-13,extra-mercado,Extra Mercado,ipca-sp-1102029,1102029,1.007524825823,40
2026-07-14,2026-07-13,pao-de-acucar,Pão de Açúcar,ipca-sp-1102029,1102029,1.003103934631,41
2026-07-14,2026-07-13,st-marche,St Marché,ipca-sp-1102029,1102029,0.995675957498,37
2026-07-14,2026-07-13,carrefour,Carrefour Mercado,ipca-sp-1102061,1102061,1.000000000000,16
2026-07-14,2026-07-13,extra-mercado,Extra Mercado,ipca-sp-1102061,1102061,1.043832482857,28
2026-07-14,2026-07-13,pao-de-acucar,Pão de Açúcar,ipca-sp-1102061,1102061,1.000000000000,2
2026-07-14,2026-07-13,st-marche,St Marché,ipca-sp-1102061,1102061,1.000000000000,5
2026-07-14,2026-07-13,extra-mercado,Extra Mercado,ipca-sp-1103002,1103002,1.000000000000,2
2026-07-14,2026-07-13,st-marche,St Marché,ipca-sp-1103002,1103002,1.000000000000,2
2026-07-14,2026-07-13,carrefour,Carrefour Mercado,ipca-sp-1103003,1103003,1.000000000000,7
2026-07-14,2026-07-13,extra-mercado,Extra Mercado,ipca-sp-1103003,1103003,1.000000000000,9
2026-07-14,2026-07-13,pao-de-acucar,Pão de Açúcar,ipca-sp-1103003,1103003,1.000000000000,9
2026-07-14,2026-07-13,st-marche,St Marché,ipca-sp-1103003,1103003,1.000000000000,3
2026-07-14,2026-07-13,extra-mercado,Extra Mercado,ipca-sp-1103020,1103020,1.000000000000,2
2026-07-14,2026-07-13,pao-de-acucar,Pão de Açúcar,ipca-sp-1103020,1103020,1.000000000000,1
2026-07-14,2026-07-13,st-marche,St Marché,ipca-sp-1103020,1103020,1.000000000000,2
2026-07-14,2026-07-13,extra-mercado,Extra Mercado,ipca-sp-1103026,1103026,1.000000000000,4
2026-07-14,2026-07-13,pao-de-acucar,Pão de Açúcar,ipca-sp-1103026,1103026,1.000000000000,2
2026-07-14,2026-07-13,st-marche,St Marché,ipca-sp-1103026,1103026,1.000000000000,4
2026-07-14,2026-07-13,carrefour,Carrefour Mercado,ipca-sp-1103028,1103028,1.000000000000,8
2026-07-14,2026-07-13,extra-mercado,Extra Mercado,ipca-sp-1103028,1103028,0.934674554444,4
2026-07-14,2026-07-13,pao-de-acucar,Pão de Açúcar,ipca-sp-1103028,1103028,1.000000000000,3
2026-07-14,2026-07-13,st-marche,St Marché,ipca-sp-1103028,1103028,1.000000000000,4
2026-07-14,2026-07-13,carrefour,Carrefour Mercado,ipca-sp-1103043,1103043,1.000000000000,2
2026-07-14,2026-07-13,extra-mercado,Extra Mercado,ipca-sp-1103043,1103043,1.000000000000,2
2026-07-14,2026-07-13,st-marche,St Marché,ipca-sp-1103043,1103043,1.000000000000,9
2026-07-14,2026-07-13,carrefour,Carrefour Mercado,ipca-sp-1103044,1103044,1.000000000000,1
2026-07-14,2026-07-13,extra-mercado,Extra Mercado,ipca-sp-1103044,1103044,1.000000000000,1
2026-07-14,2026-07-13,st-marche,St Marché,ipca-sp-1103044,1103044,1.000000000000,2
2026-07-14,2026-07-13,carrefour,Carrefour Mercado,ipca-sp-1104003,1104003,1.000000000000,7
2026-07-14,2026-07-13,extra-mercado,Extra Mercado,ipca-sp-1104003,1104003,1.000000000000,3
2026-07-14,2026-07-13,pao-de-acucar,Pão de Açúcar,ipca-sp-1104003,1104003,1.000000000000,1
2026-07-14,2026-07-13,st-marche,St Marché,ipca-sp-1104003,1104003,1.000000000000,1
2026-07-14,2026-07-13,carrefour,Carrefour Mercado,ipca-sp-1104023,1104023,1.044697521855,67
2026-07-14,2026-07-13,extra-mercado,Extra Mercado,ipca-sp-1104023,1104023,1.026891197152,112
2026-07-14,2026-07-13,pao-de-acucar,Pão de Açúcar,ipca-sp-1104023,1104023,1.000000000000,70
2026-07-14,2026-07-13,st-marche,St Marché,ipca-sp-1104023,1104023,1.000000000000,20
2026-07-14,2026-07-13,carrefour,Carrefour Mercado,ipca-sp-1104032,1104032,0.983845985044,23
2026-07-14,2026-07-13,extra-mercado,Extra Mercado,ipca-sp-1104032,1104032,1.072390150991,27
2026-07-14,2026-07-13,pao-de-acucar,Pão de Açúcar,ipca-sp-1104032,1104032,1.045851127728,92
2026-07-14,2026-07-13,st-marche,St Marché,ipca-sp-1104032,1104032,1.012171094768,98
2026-07-14,2026-07-13,carrefour,Carrefour Mercado,ipca-sp-1104052,1104052,1.002861307944,22
2026-07-14,2026-07-13,extra-mercado,Extra Mercado,ipca-sp-1104052,1104052,1.026396991931,15
2026-07-14,2026-07-13,pao-de-acucar,Pão de Açúcar,ipca-sp-1104052,1104052,1.000000000000,7
2026-07-14,2026-07-13,st-marche,St Marché,ipca-sp-1104052,1104052,1.000000000000,6
2026-07-14,2026-07-13,carrefour,Carrefour Mercado,ipca-sp-1105001,1105001,1.000000000000,1
2026-07-14,2026-07-13,extra-mercado,Extra Mercado,ipca-sp-1105001,1105001,1.000000000000,1
2026-07-14,2026-07-13,st-marche,St Marché,ipca-sp-1105001,1105001,1.000000000000,7
2026-07-14,2026-07-13,carrefour,Carrefour Mercado,ipca-sp-1105005,1105005,1.000000000000,2
2026-07-14,2026-07-13,st-marche,St Marché,ipca-sp-1105005,1105005,1.000000000000,1
2026-07-14,2026-07-13,extra-mercado,Extra Mercado,ipca-sp-1105010,1105010,1.000000000000,3
2026-07-14,2026-07-13,st-marche,St Marché,ipca-sp-1105010,1105010,1.000000000000,1
2026-07-14,2026-07-13,carrefour,Carrefour Mercado,ipca-sp-1105012,1105012,1.000000000000,3
2026-07-14,2026-07-13,extra-mercado,Extra Mercado,ipca-sp-1105012,1105012,1.000000000000,2
2026-07-14,2026-07-13,carrefour,Carrefour Mercado,ipca-sp-1105019,1105019,1.000000000000,7
2026-07-14,2026-07-13,extra-mercado,Extra Mercado,ipca-sp-1105019,1105019,1.000000000000,2
2026-07-14,2026-07-13,pao-de-acucar,Pão de Açúcar,ipca-sp-1105019,1105019,1.000000000000,1
2026-07-14,2026-07-13,st-marche,St Marché,ipca-sp-1105019,1105019,1.000000000000,7
2026-07-14,2026-07-13,extra-mercado,Extra Mercado,ipca-sp-1106005,1106005,1.000000000000,1
2026-07-14,2026-07-13,st-marche,St Marché,ipca-sp-1106005,1106005,1.000000000000,1
2026-07-14,2026-07-13,carrefour,Carrefour Mercado,ipca-sp-1106008,1106008,1.000000000000,1
2026-07-14,2026-07-13,extra-mercado,Extra Mercado,ipca-sp-1106008,1106008,1.000000000000,1
2026-07-14,2026-07-13,st-marche,St Marché,ipca-sp-1106008,1106008,1.000000000000,1
2026-07-14,2026-07-13,carrefour,Carrefour Mercado,ipca-sp-1106015,1106015,1.000000000000,2
2026-07-14,2026-07-13,extra-mercado,Extra Mercado,ipca-sp-1106015,1106015,1.150855371064,2
2026-07-14,2026-07-13,st-marche,St Marché,ipca-sp-1106015,1106015,1.000000000000,2
2026-07-14,2026-07-13,carrefour,Carrefour Mercado,ipca-sp-1106017,1106017,1.000000000000,3
2026-07-14,2026-07-13,extra-mercado,Extra Mercado,ipca-sp-1106017,1106017,1.000000000000,4
2026-07-14,2026-07-13,st-marche,St Marché,ipca-sp-1106017,1106017,1.000000000000,8
2026-07-14,2026-07-13,carrefour,Carrefour Mercado,ipca-sp-1106018,1106018,1.000000000000,2
2026-07-14,2026-07-13,extra-mercado,Extra Mercado,ipca-sp-1106018,1106018,1.000000000000,4
2026-07-14,2026-07-13,pao-de-acucar,Pão de Açúcar,ipca-sp-1106018,1106018,0.816326317850,2
2026-07-14,2026-07-13,st-marche,St Marché,ipca-sp-1106018,1106018,1.000000000000,5
2026-07-14,2026-07-13,carrefour,Carrefour Mercado,ipca-sp-1106019,1106019,1.000000000000,2
2026-07-14,2026-07-13,extra-mercado,Extra Mercado,ipca-sp-1106019,1106019,1.000000000000,1
2026-07-14,2026-07-13,st-marche,St Marché,ipca-sp-1106019,1106019,1.000000000000,7
2026-07-14,2026-07-13,carrefour,Carrefour Mercado,ipca-sp-1106023,1106023,1.000000000000,1
2026-07-14,2026-07-13,extra-mercado,Extra Mercado,ipca-sp-1106023,1106023,1.000000000000,3
2026-07-14,2026-07-13,st-marche,St Marché,ipca-sp-1106023,1106023,1.000000000000,5
2026-07-14,2026-07-13,extra-mercado,Extra Mercado,ipca-sp-1106027,1106027,1.000000000000,1
2026-07-14,2026-07-13,st-marche,St Marché,ipca-sp-1106027,1106027,1.000000000000,6
2026-07-14,2026-07-13,extra-mercado,Extra Mercado,ipca-sp-1106028,1106028,1.000000000000,3
2026-07-14,2026-07-13,pao-de-acucar,Pão de Açúcar,ipca-sp-1106028,1106028,1.000000000000,1
2026-07-14,2026-07-13,st-marche,St Marché,ipca-sp-1106028,1106028,1.020426716181,9
2026-07-14,2026-07-13,carrefour,Carrefour Mercado,ipca-sp-1106039,1106039,1.000000000000,1
2026-07-14,2026-07-13,extra-mercado,Extra Mercado,ipca-sp-1106039,1106039,1.225598649726,2
2026-07-14,2026-07-13,pao-de-acucar,Pão de Açúcar,ipca-sp-1106039,1106039,1.000000000000,1
2026-07-14,2026-07-13,st-marche,St Marché,ipca-sp-1106039,1106039,1.000000000000,1
2026-07-14,2026-07-13,carrefour,Carrefour Mercado,ipca-sp-1107018,1107018,1.000000000000,19
2026-07-14,2026-07-13,extra-mercado,Extra Mercado,ipca-sp-1107018,1107018,0.985311847780,36
2026-07-14,2026-07-13,pao-de-acucar,Pão de Açúcar,ipca-sp-1107018,1107018,0.984861527550,46
2026-07-14,2026-07-13,st-marche,St Marché,ipca-sp-1107018,1107018,1.000000000000,24
2026-07-14,2026-07-13,carrefour,Carrefour Mercado,ipca-sp-1107084,1107084,1.000000000000,4
2026-07-14,2026-07-13,extra-mercado,Extra Mercado,ipca-sp-1107084,1107084,1.088868208463,4
2026-07-14,2026-07-13,pao-de-acucar,Pão de Açúcar,ipca-sp-1107084,1107084,1.011400564633,12
2026-07-14,2026-07-13,st-marche,St Marché,ipca-sp-1107084,1107084,1.000000000000,3
2026-07-14,2026-07-13,carrefour,Carrefour Mercado,ipca-sp-1107087,1107087,1.000000000000,4
2026-07-14,2026-07-13,extra-mercado,Extra Mercado,ipca-sp-1107087,1107087,1.000000000000,3
2026-07-14,2026-07-13,pao-de-acucar,Pão de Açúcar,ipca-sp-1107087,1107087,1.000000000000,2
2026-07-14,2026-07-13,st-marche,St Marché,ipca-sp-1107087,1107087,1.000000000000,6
2026-07-14,2026-07-13,carrefour,Carrefour Mercado,ipca-sp-1107088,1107088,1.000000000000,2
2026-07-14,2026-07-13,extra-mercado,Extra Mercado,ipca-sp-1107088,1107088,1.000000000000,4
2026-07-14,2026-07-13,pao-de-acucar,Pão de Açúcar,ipca-sp-1107088,1107088,0.990347659192,10
2026-07-14,2026-07-13,st-marche,St Marché,ipca-sp-1107088,1107088,1.000000000000,3
2026-07-14,2026-07-13,carrefour,Carrefour Mercado,ipca-sp-1107089,1107089,1.000000000000,3
2026-07-14,2026-07-13,extra-mercado,Extra Mercado,ipca-sp-1107089,1107089,1.000000000000,4
2026-07-14,2026-07-13,pao-de-acucar,Pão de Açúcar,ipca-sp-1107089,1107089,0.891598915989,1
2026-07-14,2026-07-13,st-marche,St Marché,ipca-sp-1107089,1107089,1.000000000000,6
2026-07-14,2026-07-13,carrefour,Carrefour Mercado,ipca-sp-1107091,1107091,1.000000000000,1
2026-07-14,2026-07-13,pao-de-acucar,Pão de Açúcar,ipca-sp-1107091,1107091,1.000000000000,4
2026-07-14,2026-07-13,st-marche,St Marché,ipca-sp-1107091,1107091,1.000000000000,3
2026-07-14,2026-07-13,carrefour,Carrefour Mercado,ipca-sp-1107093,1107093,1.000000000000,1
2026-07-14,2026-07-13,extra-mercado,Extra Mercado,ipca-sp-1107093,1107093,1.000000000000,4
2026-07-14,2026-07-13,pao-de-acucar,Pão de Açúcar,ipca-sp-1107093,1107093,0.882777331206,3
2026-07-14,2026-07-13,st-marche,St Marché,ipca-sp-1107093,1107093,1.000000000000,2
2026-07-14,2026-07-13,carrefour,Carrefour Mercado,ipca-sp-1107094,1107094,1.000000000000,1
2026-07-14,2026-07-13,extra-mercado,Extra Mercado,ipca-sp-1107094,1107094,1.000000000000,1
2026-07-14,2026-07-13,pao-de-acucar,Pão de Açúcar,ipca-sp-1107094,1107094,1.000000000000,1
2026-07-14,2026-07-13,st-marche,St Marché,ipca-sp-1107094,1107094,1.000000000000,1
2026-07-14,2026-07-13,carrefour,Carrefour Mercado,ipca-sp-1107095,1107095,1.000000000000,3
2026-07-14,2026-07-13,extra-mercado,Extra Mercado,ipca-sp-1107095,1107095,1.000000000000,2
2026-07-14,2026-07-13,pao-de-acucar,Pão de Açúcar,ipca-sp-1107095,1107095,1.000000000000,4
2026-07-14,2026-07-13,st-marche,St Marché,ipca-sp-1107095,1107095,1.000000000000,3
2026-07-14,2026-07-13,carrefour,Carrefour Mercado,ipca-sp-1107099,1107099,1.000000000000,2
2026-07-14,2026-07-13,extra-mercado,Extra Mercado,ipca-sp-1107099,1107099,1.000000000000,2
2026-07-14,2026-07-13,pao-de-acucar,Pão de Açúcar,ipca-sp-1107099,1107099,1.000000000000,7
2026-07-14,2026-07-13,st-marche,St Marché,ipca-sp-1107099,1107099,1.000000000000,3
2026-07-14,2026-07-13,carrefour,Carrefour Mercado,ipca-sp-1108031,1108031,1.000000000000,3
2026-07-14,2026-07-13,extra-mercado,Extra Mercado,ipca-sp-1108031,1108031,1.000000000000,2
2026-07-14,2026-07-13,pao-de-acucar,Pão de Açúcar,ipca-sp-1108031,1108031,1.000000000000,1
2026-07-14,2026-07-13,st-marche,St Marché,ipca-sp-1108031,1108031,1.000000000000,1
2026-07-14,2026-07-13,pao-de-acucar,Pão de Açúcar,ipca-sp-1108038,1108038,1.000000000000,3
2026-07-14,2026-07-13,st-marche,St Marché,ipca-sp-1108038,1108038,1.000000000000,1
2026-07-14,2026-07-13,carrefour,Carrefour Mercado,ipca-sp-1108075,1108075,1.000000000000,5
2026-07-14,2026-07-13,extra-mercado,Extra Mercado,ipca-sp-1108075,1108075,1.265704028975,2
2026-07-14,2026-07-13,pao-de-acucar,Pão de Açúcar,ipca-sp-1108075,1108075,1.000000000000,33
2026-07-14,2026-07-13,st-marche,St Marché,ipca-sp-1108075,1108075,1.000000000000,6
2026-07-14,2026-07-13,carrefour,Carrefour Mercado,ipca-sp-1108080,1108080,1.000000000000,5
2026-07-14,2026-07-13,extra-mercado,Extra Mercado,ipca-sp-1108080,1108080,1.000000000000,3
2026-07-14,2026-07-13,pao-de-acucar,Pão de Açúcar,ipca-sp-1108080,1108080,1.000000000000,7
2026-07-14,2026-07-13,st-marche,St Marché,ipca-sp-1108080,1108080,1.000000000000,3
2026-07-14,2026-07-13,carrefour,Carrefour Mercado,ipca-sp-1109002,1109002,0.938894365317,6
2026-07-14,2026-07-13,extra-mercado,Extra Mercado,ipca-sp-1109002,1109002,1.000000000000,4
2026-07-14,2026-07-13,pao-de-acucar,Pão de Açúcar,ipca-sp-1109002,1109002,1.034631158355,20
2026-07-14,2026-07-13,st-marche,St Marché,ipca-sp-1109002,1109002,1.000000000000,8
2026-07-14,2026-07-13,carrefour,Carrefour Mercado,ipca-sp-1109007,1109007,1.000000000000,5
2026-07-14,2026-07-13,extra-mercado,Extra Mercado,ipca-sp-1109007,1109007,1.000000000000,8
2026-07-14,2026-07-13,pao-de-acucar,Pão de Açúcar,ipca-sp-1109007,1109007,1.000000000000,10
2026-07-14,2026-07-13,carrefour,Carrefour Mercado,ipca-sp-1109008,1109008,1.000000000000,13
2026-07-14,2026-07-13,extra-mercado,Extra Mercado,ipca-sp-1109008,1109008,1.000000000000,22
2026-07-14,2026-07-13,pao-de-acucar,Pão de Açúcar,ipca-sp-1109008,1109008,1.000000000000,55
2026-07-14,2026-07-13,st-marche,St Marché,ipca-sp-1109008,1109008,1.000000000000,37
2026-07-14,2026-07-13,carrefour,Carrefour Mercado,ipca-sp-1109010,1109010,1.000000000000,3
2026-07-14,2026-07-13,extra-mercado,Extra Mercado,ipca-sp-1109010,1109010,1.000000000000,9
2026-07-14,2026-07-13,pao-de-acucar,Pão de Açúcar,ipca-sp-1109010,1109010,1.000000000000,2
2026-07-14,2026-07-13,st-marche,St Marché,ipca-sp-1109010,1109010,1.000000000000,5
2026-07-14,2026-07-13,carrefour,Carrefour Mercado,ipca-sp-1110009,1110009,1.000000000000,1
2026-07-14,2026-07-13,extra-mercado,Extra Mercado,ipca-sp-1110009,1110009,1.000000000000,3
2026-07-14,2026-07-13,pao-de-acucar,Pão de Açúcar,ipca-sp-1110009,1110009,1.008386918993,5
2026-07-14,2026-07-13,st-marche,St Marché,ipca-sp-1110009,1110009,1.000000000000,1
2026-07-14,2026-07-13,carrefour,Carrefour Mercado,ipca-sp-1110010,1110010,1.000000000000,36
2026-07-14,2026-07-13,extra-mercado,Extra Mercado,ipca-sp-1110010,1110010,1.007843206185,47
2026-07-14,2026-07-13,pao-de-acucar,Pão de Açúcar,ipca-sp-1110010,1110010,0.981808936941,56
2026-07-14,2026-07-13,st-marche,St Marché,ipca-sp-1110010,1110010,0.998323964411,57
2026-07-14,2026-07-13,carrefour,Carrefour Mercado,ipca-sp-1110044,1110044,1.000000000000,1
2026-07-14,2026-07-13,extra-mercado,Extra Mercado,ipca-sp-1110044,1110044,0.973923518946,12
2026-07-14,2026-07-13,pao-de-acucar,Pão de Açúcar,ipca-sp-1110044,1110044,1.000000000000,10
2026-07-14,2026-07-13,st-marche,St Marché,ipca-sp-1110044,1110044,1.000000000000,7
2026-07-14,2026-07-13,carrefour,Carrefour Mercado,ipca-sp-1111004,1111004,0.970384734962,42
2026-07-14,2026-07-13,extra-mercado,Extra Mercado,ipca-sp-1111004,1111004,1.000000000000,12
2026-07-14,2026-07-13,pao-de-acucar,Pão de Açúcar,ipca-sp-1111004,1111004,1.000000000000,1
2026-07-14,2026-07-13,st-marche,St Marché,ipca-sp-1111004,1111004,1.000000000000,17
2026-07-14,2026-07-13,carrefour,Carrefour Mercado,ipca-sp-1111009,1111009,0.988623195908,14
2026-07-14,2026-07-13,extra-mercado,Extra Mercado,ipca-sp-1111009,1111009,1.000000000000,7
2026-07-14,2026-07-13,pao-de-acucar,Pão de Açúcar,ipca-sp-1111009,1111009,0.942263714821,5
2026-07-14,2026-07-13,st-marche,St Marché,ipca-sp-1111009,1111009,1.000000000000,2
2026-07-14,2026-07-13,carrefour,Carrefour Mercado,ipca-sp-1111011,1111011,0.980196534281,42
2026-07-14,2026-07-13,extra-mercado,Extra Mercado,ipca-sp-1111011,1111011,1.000000000000,54
2026-07-14,2026-07-13,pao-de-acucar,Pão de Açúcar,ipca-sp-1111011,1111011,1.000000000000,258
2026-07-14,2026-07-13,st-marche,St Marché,ipca-sp-1111011,1111011,0.993009041827,70
2026-07-14,2026-07-13,carrefour,Carrefour Mercado,ipca-sp-1111019,1111019,0.990985059391,123
2026-07-14,2026-07-13,extra-mercado,Extra Mercado,ipca-sp-1111019,1111019,1.000000000000,203
2026-07-14,2026-07-13,pao-de-acucar,Pão de Açúcar,ipca-sp-1111019,1111019,1.000000000000,34
2026-07-14,2026-07-13,st-marche,St Marché,ipca-sp-1111019,1111019,1.002510860473,104
2026-07-14,2026-07-13,carrefour,Carrefour Mercado,ipca-sp-1111021,1111021,0.966482520746,31
2026-07-14,2026-07-13,extra-mercado,Extra Mercado,ipca-sp-1111021,1111021,1.000000000000,16
2026-07-14,2026-07-13,pao-de-acucar,Pão de Açúcar,ipca-sp-1111021,1111021,1.000000000000,10
2026-07-14,2026-07-13,st-marche,St Marché,ipca-sp-1111021,1111021,1.000000000000,22
2026-07-14,2026-07-13,carrefour,Carrefour Mercado,ipca-sp-1112003,1112003,0.993681745766,121
2026-07-14,2026-07-13,extra-mercado,Extra Mercado,ipca-sp-1112003,1112003,1.025773726156,183
2026-07-14,2026-07-13,pao-de-acucar,Pão de Açúcar,ipca-sp-1112003,1112003,1.017753024825,60
2026-07-14,2026-07-13,st-marche,St Marché,ipca-sp-1112003,1112003,1.000000000000,67
2026-07-14,2026-07-13,carrefour,Carrefour Mercado,ipca-sp-1112015,1112015,1.000000000000,5
2026-07-14,2026-07-13,extra-mercado,Extra Mercado,ipca-sp-1112015,1112015,1.000000000000,3
2026-07-14,2026-07-13,st-marche,St Marché,ipca-sp-1112015,1112015,1.000000000000,5
2026-07-14,2026-07-13,carrefour,Carrefour Mercado,ipca-sp-1112017,1112017,1.000000000000,4
2026-07-14,2026-07-13,extra-mercado,Extra Mercado,ipca-sp-1112017,1112017,1.000000000000,6
2026-07-14,2026-07-13,st-marche,St Marché,ipca-sp-1112017,1112017,1.000000000000,6
2026-07-14,2026-07-13,carrefour,Carrefour Mercado,ipca-sp-1112018,1112018,1.005759645524,58
2026-07-14,2026-07-13,extra-mercado,Extra Mercado,ipca-sp-1112018,1112018,1.003723424220,38
2026-07-14,2026-07-13,pao-de-acucar,Pão de Açúcar,ipca-sp-1112018,1112018,1.000000000000,8
2026-07-14,2026-07-13,st-marche,St Marché,ipca-sp-1112018,1112018,1.000000000000,26
2026-07-14,2026-07-13,carrefour,Carrefour Mercado,ipca-sp-1112019,1112019,1.001621435006,33
2026-07-14,2026-07-13,extra-mercado,Extra Mercado,ipca-sp-1112019,1112019,0.994907795352,64
2026-07-14,2026-07-13,pao-de-acucar,Pão de Açúcar,ipca-sp-1112019,1112019,1.000000000000,21
2026-07-14,2026-07-13,st-marche,St Marché,ipca-sp-1112019,1112019,1.000000000000,98
2026-07-14,2026-07-13,carrefour,Carrefour Mercado,ipca-sp-1113013,1113013,1.000000000000,4
2026-07-14,2026-07-13,extra-mercado,Extra Mercado,ipca-sp-1113013,1113013,1.000000000000,3
2026-07-14,2026-07-13,st-marche,St Marché,ipca-sp-1113013,1113013,1.000000000000,1
2026-07-14,2026-07-13,carrefour,Carrefour Mercado,ipca-sp-1113014,1113014,0.989348198281,15
2026-07-14,2026-07-13,extra-mercado,Extra Mercado,ipca-sp-1113014,1113014,1.000000000000,10
2026-07-14,2026-07-13,pao-de-acucar,Pão de Açúcar,ipca-sp-1113014,1113014,1.000000000000,8
2026-07-14,2026-07-13,st-marche,St Marché,ipca-sp-1113014,1113014,1.000000000000,6
2026-07-14,2026-07-13,carrefour,Carrefour Mercado,ipca-sp-1113040,1113040,0.989493111401,16
2026-07-14,2026-07-13,extra-mercado,Extra Mercado,ipca-sp-1113040,1113040,1.000000000000,13
2026-07-14,2026-07-13,pao-de-acucar,Pão de Açúcar,ipca-sp-1113040,1113040,1.000000000000,2
2026-07-14,2026-07-13,st-marche,St Marché,ipca-sp-1113040,1113040,1.000000000000,4
2026-07-14,2026-07-13,carrefour,Carrefour Mercado,ipca-sp-1114001,1114001,0.985722655348,92
2026-07-14,2026-07-13,extra-mercado,Extra Mercado,ipca-sp-1114001,1114001,1.002640994475,40
2026-07-14,2026-07-13,pao-de-acucar,Pão de Açúcar,ipca-sp-1114001,1114001,1.000000000000,12
2026-07-14,2026-07-13,st-marche,St Marché,ipca-sp-1114001,1114001,1.000000000000,36
2026-07-14,2026-07-13,carrefour,Carrefour Mercado,ipca-sp-1114022,1114022,1.022919954003,47
2026-07-14,2026-07-13,extra-mercado,Extra Mercado,ipca-sp-1114022,1114022,1.054183193030,54
2026-07-14,2026-07-13,pao-de-acucar,Pão de Açúcar,ipca-sp-1114022,1114022,0.997313641353,24
2026-07-14,2026-07-13,st-marche,St Marché,ipca-sp-1114022,1114022,1.000000000000,9
2026-07-14,2026-07-13,carrefour,Carrefour Mercado,ipca-sp-1114083,1114083,0.980146200498,109
2026-07-14,2026-07-13,extra-mercado,Extra Mercado,ipca-sp-1114083,1114083,1.015942998798,50
2026-07-14,2026-07-13,st-marche,St Marché,ipca-sp-1114083,1114083,1.000000000000,95
2026-07-14,2026-07-13,carrefour,Carrefour Mercado,ipca-sp-1114084,1114084,1.134909336453,38
2026-07-14,2026-07-13,extra-mercado,Extra Mercado,ipca-sp-1114084,1114084,1.000442517913,28
2026-07-14,2026-07-13,pao-de-acucar,Pão de Açúcar,ipca-sp-1114084,1114084,1.000000000000,3
2026-07-14,2026-07-13,carrefour,Carrefour Mercado,ipca-sp-1114087,1114087,1.000000000000,20
2026-07-14,2026-07-13,extra-mercado,Extra Mercado,ipca-sp-1114087,1114087,1.000000000000,14
2026-07-14,2026-07-13,pao-de-acucar,Pão de Açúcar,ipca-sp-1114087,1114087,1.000000000000,142
2026-07-14,2026-07-13,st-marche,St Marché,ipca-sp-1114087,1114087,1.000000000000,239
2026-07-14,2026-07-13,carrefour,Carrefour Mercado,ipca-sp-1114090,1114090,1.000000000000,20
2026-07-14,2026-07-13,extra-mercado,Extra Mercado,ipca-sp-1114090,1114090,1.000000000000,18
2026-07-14,2026-07-13,st-marche,St Marché,ipca-sp-1114090,1114090,1.000000000000,4
2026-07-14,2026-07-13,carrefour,Carrefour Mercado,ipca-sp-1115016,1115016,1.000000000000,4
2026-07-14,2026-07-13,extra-mercado,Extra Mercado,ipca-sp-1115016,1115016,0.988808296694,9
2026-07-14,2026-07-13,pao-de-acucar,Pão de Açúcar,ipca-sp-1115016,1115016,0.977296060859,9
2026-07-14,2026-07-13,st-marche,St Marché,ipca-sp-1115016,1115016,1.000000000000,4
2026-07-14,2026-07-13,carrefour,Carrefour Mercado,ipca-sp-1115039,1115039,1.000000000000,6
2026-07-14,2026-07-13,extra-mercado,Extra Mercado,ipca-sp-1115039,1115039,1.000000000000,4
2026-07-14,2026-07-13,pao-de-acucar,Pão de Açúcar,ipca-sp-1115039,1115039,1.000000000000,2
2026-07-14,2026-07-13,st-marche,St Marché,ipca-sp-1115039,1115039,1.000000000000,1
2026-07-14,2026-07-13,carrefour,Carrefour Mercado,ipca-sp-1115057,1115057,1.000000000000,11
2026-07-14,2026-07-13,extra-mercado,Extra Mercado,ipca-sp-1115057,1115057,1.000000000000,20
2026-07-14,2026-07-13,pao-de-acucar,Pão de Açúcar,ipca-sp-1115057,1115057,1.000000000000,35
2026-07-14,2026-07-13,st-marche,St Marché,ipca-sp-1115057,1115057,1.000000000000,2
2026-07-14,2026-07-13,carrefour,Carrefour Mercado,ipca-sp-1115058,1115058,1.000000000000,4
2026-07-14,2026-07-13,extra-mercado,Extra Mercado,ipca-sp-1115058,1115058,1.000000000000,1
2026-07-14,2026-07-13,pao-de-acucar,Pão de Açúcar,ipca-sp-1115058,1115058,1.000000000000,1
2026-07-14,2026-07-13,st-marche,St Marché,ipca-sp-1115058,1115058,1.000000000000,1
2026-07-14,2026-07-13,carrefour,Carrefour Mercado,ipca-sp-1115075,1115075,1.000000000000,13
2026-07-14,2026-07-13,extra-mercado,Extra Mercado,ipca-sp-1115075,1115075,1.000000000000,12
2026-07-14,2026-07-13,pao-de-acucar,Pão de Açúcar,ipca-sp-1115075,1115075,1.000000000000,3
2026-07-14,2026-07-13,carrefour,Carrefour Mercado,ipca-sp-1116005,1116005,1.000000000000,36
2026-07-14,2026-07-13,extra-mercado,Extra Mercado,ipca-sp-1116005,1116005,1.039206588683,34
2026-07-14,2026-07-13,pao-de-acucar,Pão de Açúcar,ipca-sp-1116005,1116005,1.000000000000,13
2026-07-14,2026-07-13,st-marche,St Marché,ipca-sp-1116005,1116005,1.000000000000,10
2026-07-14,2026-07-13,carrefour,Carrefour Mercado,ipca-sp-1116010,1116010,1.000000000000,3
2026-07-14,2026-07-13,extra-mercado,Extra Mercado,ipca-sp-1116010,1116010,1.000000000000,5
2026-07-14,2026-07-13,pao-de-acucar,Pão de Açúcar,ipca-sp-1116010,1116010,1.000000000000,6
2026-07-14,2026-07-13,st-marche,St Marché,ipca-sp-1116010,1116010,1.000000000000,12
2026-07-14,2026-07-13,carrefour,Carrefour Mercado,ipca-sp-1116033,1116033,0.984176533890,14
2026-07-14,2026-07-13,extra-mercado,Extra Mercado,ipca-sp-1116033,1116033,1.021717397859,13
2026-07-14,2026-07-13,pao-de-acucar,Pão de Açúcar,ipca-sp-1116033,1116033,1.000000000000,6
2026-07-14,2026-07-13,st-marche,St Marché,ipca-sp-1116033,1116033,1.000000000000,3
2026-07-14,2026-07-13,carrefour,Carrefour Mercado,ipca-sp-1116041,1116041,1.000000000000,7
2026-07-14,2026-07-13,extra-mercado,Extra Mercado,ipca-sp-1116041,1116041,1.000000000000,10
2026-07-14,2026-07-13,pao-de-acucar,Pão de Açúcar,ipca-sp-1116041,1116041,1.000000000000,17
2026-07-14,2026-07-13,st-marche,St Marché,ipca-sp-1116041,1116041,1.000000000000,2
2026-07-14,2026-07-13,carrefour,Carrefour Mercado,ipca-sp-1116071,1116071,1.000000000000,15
2026-07-14,2026-07-13,extra-mercado,Extra Mercado,ipca-sp-1116071,1116071,1.000000000000,24
2026-07-14,2026-07-13,pao-de-acucar,Pão de Açúcar,ipca-sp-1116071,1116071,1.000000000000,27
2026-07-14,2026-07-13,st-marche,St Marché,ipca-sp-1116071,1116071,1.000000000000,5
2026-07-15,2026-07-14,carrefour,Carrefour Mercado,ipca-sp-1101002,1101002,0.992674940572,21
2026-07-15,2026-07-14,extra-mercado,Extra Mercado,ipca-sp-1101002,1101002,1.000000000000,24
2026-07-15,2026-07-14,pao-de-acucar,Pão de Açúcar,ipca-sp-1101002,1101002,1.002477745883,27
2026-07-15,2026-07-14,st-marche,St Marché,ipca-sp-1101002,1101002,1.000000000000,4
2026-07-15,2026-07-14,carrefour,Carrefour Mercado,ipca-sp-1101073,1101073,0.987616759982,9
2026-07-15,2026-07-14,extra-mercado,Extra Mercado,ipca-sp-1101073,1101073,1.000000000000,4
2026-07-15,2026-07-14,carrefour,Carrefour Mercado,ipca-sp-1102006,1102006,1.000000000000,46
2026-07-15,2026-07-14,extra-mercado,Extra Mercado,ipca-sp-1102006,1102006,1.000000000000,38
2026-07-15,2026-07-14,pao-de-acucar,Pão de Açúcar,ipca-sp-1102006,1102006,1.000000000000,18
2026-07-15,2026-07-14,st-marche,St Marché,ipca-sp-1102006,1102006,1.000000000000,25
2026-07-15,2026-07-14,carrefour,Carrefour Mercado,ipca-sp-1102012,1102012,0.958644475501,4
2026-07-15,2026-07-14,extra-mercado,Extra Mercado,ipca-sp-1102012,1102012,1.000000000000,4
2026-07-15,2026-07-14,st-marche,St Marché,ipca-sp-1102012,1102012,1.000000000000,3
2026-07-15,2026-07-14,carrefour,Carrefour Mercado,ipca-sp-1102023,1102023,1.069754489227,5
2026-07-15,2026-07-14,extra-mercado,Extra Mercado,ipca-sp-1102023,1102023,0.994057966334,4
2026-07-15,2026-07-14,st-marche,St Marché,ipca-sp-1102023,1102023,1.000000000000,1
2026-07-15,2026-07-14,carrefour,Carrefour Mercado,ipca-sp-1102029,1102029,1.000000000000,24
2026-07-15,2026-07-14,extra-mercado,Extra Mercado,ipca-sp-1102029,1102029,1.000000000000,40
2026-07-15,2026-07-14,pao-de-acucar,Pão de Açúcar,ipca-sp-1102029,1102029,1.000000000000,41
2026-07-15,2026-07-14,st-marche,St Marché,ipca-sp-1102029,1102029,1.001944686108,44
2026-07-15,2026-07-14,carrefour,Carrefour Mercado,ipca-sp-1102061,1102061,1.000000000000,16
2026-07-15,2026-07-14,extra-mercado,Extra Mercado,ipca-sp-1102061,1102061,1.015540109553,28
2026-07-15,2026-07-14,pao-de-acucar,Pão de Açúcar,ipca-sp-1102061,1102061,1.000000000000,2
2026-07-15,2026-07-14,st-marche,St Marché,ipca-sp-1102061,1102061,1.000000000000,5
2026-07-15,2026-07-14,extra-mercado,Extra Mercado,ipca-sp-1103002,1103002,1.000000000000,2
2026-07-15,2026-07-14,st-marche,St Marché,ipca-sp-1103002,1103002,1.000000000000,2
2026-07-15,2026-07-14,carrefour,Carrefour Mercado,ipca-sp-1103003,1103003,0.919342346306,7
2026-07-15,2026-07-14,extra-mercado,Extra Mercado,ipca-sp-1103003,1103003,0.956687984124,9
2026-07-15,2026-07-14,pao-de-acucar,Pão de Açúcar,ipca-sp-1103003,1103003,1.000000000000,9
2026-07-15,2026-07-14,st-marche,St Marché,ipca-sp-1103003,1103003,1.000000000000,3
2026-07-15,2026-07-14,extra-mercado,Extra Mercado,ipca-sp-1103020,1103020,0.865799493932,2
2026-07-15,2026-07-14,pao-de-acucar,Pão de Açúcar,ipca-sp-1103020,1103020,1.000000000000,1
2026-07-15,2026-07-14,st-marche,St Marché,ipca-sp-1103020,1103020,1.000000000000,2
2026-07-15,2026-07-14,extra-mercado,Extra Mercado,ipca-sp-1103026,1103026,1.000000000000,4
2026-07-15,2026-07-14,pao-de-acucar,Pão de Açúcar,ipca-sp-1103026,1103026,1.000000000000,2
2026-07-15,2026-07-14,st-marche,St Marché,ipca-sp-1103026,1103026,1.000000000000,4
2026-07-15,2026-07-14,carrefour,Carrefour Mercado,ipca-sp-1103028,1103028,0.791784469756,8
2026-07-15,2026-07-14,extra-mercado,Extra Mercado,ipca-sp-1103028,1103028,1.000000000000,4
2026-07-15,2026-07-14,pao-de-acucar,Pão de Açúcar,ipca-sp-1103028,1103028,1.000000000000,3
2026-07-15,2026-07-14,st-marche,St Marché,ipca-sp-1103028,1103028,1.000000000000,4
2026-07-15,2026-07-14,carrefour,Carrefour Mercado,ipca-sp-1103043,1103043,1.000000000000,2
2026-07-15,2026-07-14,extra-mercado,Extra Mercado,ipca-sp-1103043,1103043,1.000000000000,2
2026-07-15,2026-07-14,st-marche,St Marché,ipca-sp-1103043,1103043,1.000000000000,9
2026-07-15,2026-07-14,carrefour,Carrefour Mercado,ipca-sp-1103044,1103044,0.749687108886,1
2026-07-15,2026-07-14,extra-mercado,Extra Mercado,ipca-sp-1103044,1103044,1.000000000000,1
2026-07-15,2026-07-14,st-marche,St Marché,ipca-sp-1103044,1103044,1.000000000000,2
2026-07-15,2026-07-14,carrefour,Carrefour Mercado,ipca-sp-1104003,1104003,0.955251980619,7
2026-07-15,2026-07-14,extra-mercado,Extra Mercado,ipca-sp-1104003,1104003,1.000000000000,3
2026-07-15,2026-07-14,pao-de-acucar,Pão de Açúcar,ipca-sp-1104003,1104003,1.000000000000,1
2026-07-15,2026-07-14,st-marche,St Marché,ipca-sp-1104003,1104003,1.000000000000,1
2026-07-15,2026-07-14,carrefour,Carrefour Mercado,ipca-sp-1104023,1104023,1.000394755714,67
2026-07-15,2026-07-14,extra-mercado,Extra Mercado,ipca-sp-1104023,1104023,1.005424553613,112
2026-07-15,2026-07-14,pao-de-acucar,Pão de Açúcar,ipca-sp-1104023,1104023,0.999699218919,70
2026-07-15,2026-07-14,st-marche,St Marché,ipca-sp-1104023,1104023,1.012226847641,20
2026-07-15,2026-07-14,carrefour,Carrefour Mercado,ipca-sp-1104032,1104032,1.000000000000,23
2026-07-15,2026-07-14,extra-mercado,Extra Mercado,ipca-sp-1104032,1104032,1.009992001279,27
2026-07-15,2026-07-14,pao-de-acucar,Pão de Açúcar,ipca-sp-1104032,1104032,0.986299115032,92
2026-07-15,2026-07-14,st-marche,St Marché,ipca-sp-1104032,1104032,1.003481865335,98
2026-07-15,2026-07-14,carrefour,Carrefour Mercado,ipca-sp-1104052,1104052,0.985204415790,22
2026-07-15,2026-07-14,extra-mercado,Extra Mercado,ipca-sp-1104052,1104052,1.000302870357,17
2026-07-15,2026-07-14,pao-de-acucar,Pão de Açúcar,ipca-sp-1104052,1104052,0.808858027310,7
2026-07-15,2026-07-14,st-marche,St Marché,ipca-sp-1104052,1104052,1.000000000000,6
2026-07-15,2026-07-14,carrefour,Carrefour Mercado,ipca-sp-1105001,1105001,1.000000000000,1
2026-07-15,2026-07-14,extra-mercado,Extra Mercado,ipca-sp-1105001,1105001,1.000000000000,1
2026-07-15,2026-07-14,st-marche,St Marché,ipca-sp-1105001,1105001,1.000000000000,7
2026-07-15,2026-07-14,carrefour,Carrefour Mercado,ipca-sp-1105005,1105005,1.000000000000,2
2026-07-15,2026-07-14,st-marche,St Marché,ipca-sp-1105005,1105005,1.000000000000,1
2026-07-15,2026-07-14,extra-mercado,Extra Mercado,ipca-sp-1105010,1105010,0.793332390251,3
2026-07-15,2026-07-14,st-marche,St Marché,ipca-sp-1105010,1105010,1.000000000000,1
2026-07-15,2026-07-14,carrefour,Carrefour Mercado,ipca-sp-1105012,1105012,1.000000000000,3
2026-07-15,2026-07-14,extra-mercado,Extra Mercado,ipca-sp-1105012,1105012,1.000000000000,2
2026-07-15,2026-07-14,carrefour,Carrefour Mercado,ipca-sp-1105019,1105019,1.015328216033,7
2026-07-15,2026-07-14,extra-mercado,Extra Mercado,ipca-sp-1105019,1105019,1.000000000000,2
2026-07-15,2026-07-14,pao-de-acucar,Pão de Açúcar,ipca-sp-1105019,1105019,1.000000000000,1
2026-07-15,2026-07-14,st-marche,St Marché,ipca-sp-1105019,1105019,0.976279124651,7
2026-07-15,2026-07-14,extra-mercado,Extra Mercado,ipca-sp-1106005,1106005,1.000000000000,1
2026-07-15,2026-07-14,st-marche,St Marché,ipca-sp-1106005,1106005,1.000000000000,1
2026-07-15,2026-07-14,carrefour,Carrefour Mercado,ipca-sp-1106008,1106008,0.545040946315,1
2026-07-15,2026-07-14,extra-mercado,Extra Mercado,ipca-sp-1106008,1106008,1.000000000000,1
2026-07-15,2026-07-14,st-marche,St Marché,ipca-sp-1106008,1106008,0.692070823711,1
2026-07-15,2026-07-14,carrefour,Carrefour Mercado,ipca-sp-1106015,1106015,1.000000000000,2
2026-07-15,2026-07-14,extra-mercado,Extra Mercado,ipca-sp-1106015,1106015,1.000000000000,2
2026-07-15,2026-07-14,st-marche,St Marché,ipca-sp-1106015,1106015,1.000000000000,2
2026-07-15,2026-07-14,carrefour,Carrefour Mercado,ipca-sp-1106017,1106017,0.908433931978,3
2026-07-15,2026-07-14,extra-mercado,Extra Mercado,ipca-sp-1106017,1106017,0.894875605847,4
2026-07-15,2026-07-14,st-marche,St Marché,ipca-sp-1106017,1106017,1.000000000000,8
2026-07-15,2026-07-14,carrefour,Carrefour Mercado,ipca-sp-1106018,1106018,0.851186176072,2
2026-07-15,2026-07-14,extra-mercado,Extra Mercado,ipca-sp-1106018,1106018,0.844507535019,4
2026-07-15,2026-07-14,pao-de-acucar,Pão de Açúcar,ipca-sp-1106018,1106018,1.000000000000,2
2026-07-15,2026-07-14,st-marche,St Marché,ipca-sp-1106018,1106018,1.000000000000,5
2026-07-15,2026-07-14,carrefour,Carrefour Mercado,ipca-sp-1106019,1106019,1.000000000000,2
2026-07-15,2026-07-14,extra-mercado,Extra Mercado,ipca-sp-1106019,1106019,1.000000000000,1
2026-07-15,2026-07-14,st-marche,St Marché,ipca-sp-1106019,1106019,1.000000000000,7
2026-07-15,2026-07-14,carrefour,Carrefour Mercado,ipca-sp-1106023,1106023,1.000000000000,1
2026-07-15,2026-07-14,extra-mercado,Extra Mercado,ipca-sp-1106023,1106023,0.779334146953,3
2026-07-15,2026-07-14,st-marche,St Marché,ipca-sp-1106023,1106023,1.000000000000,5
2026-07-15,2026-07-14,extra-mercado,Extra Mercado,ipca-sp-1106027,1106027,1.000000000000,1
2026-07-15,2026-07-14,st-marche,St Marché,ipca-sp-1106027,1106027,1.000000000000,6
2026-07-15,2026-07-14,extra-mercado,Extra Mercado,ipca-sp-1106028,1106028,0.837768518409,3
2026-07-15,2026-07-14,pao-de-acucar,Pão de Açúcar,ipca-sp-1106028,1106028,1.000000000000,1
2026-07-15,2026-07-14,st-marche,St Marché,ipca-sp-1106028,1106028,1.000000000000,9
2026-07-15,2026-07-14,carrefour,Carrefour Mercado,ipca-sp-1106039,1106039,0.799666110184,1
2026-07-15,2026-07-14,extra-mercado,Extra Mercado,ipca-sp-1106039,1106039,0.815927791879,2
2026-07-15,2026-07-14,pao-de-acucar,Pão de Açúcar,ipca-sp-1106039,1106039,1.000000000000,1
2026-07-15,2026-07-14,st-marche,St Marché,ipca-sp-1106039,1106039,1.000000000000,1
2026-07-15,2026-07-14,carrefour,Carrefour Mercado,ipca-sp-1107018,1107018,0.989125331354,19
2026-07-15,2026-07-14,extra-mercado,Extra Mercado,ipca-sp-1107018,1107018,0.985872236786,36
2026-07-15,2026-07-14,pao-de-acucar,Pão de Açúcar,ipca-sp-1107018,1107018,1.000000000000,46
2026-07-15,2026-07-14,st-marche,St Marché,ipca-sp-1107018,1107018,1.000000000000,24
2026-07-15,2026-07-14,carrefour,Carrefour Mercado,ipca-sp-1107084,1107084,0.985510415176,4
2026-07-15,2026-07-14,extra-mercado,Extra Mercado,ipca-sp-1107084,1107084,0.925728138501,4
2026-07-15,2026-07-14,pao-de-acucar,Pão de Açúcar,ipca-sp-1107084,1107084,1.024298797995,12
2026-07-15,2026-07-14,st-marche,St Marché,ipca-sp-1107084,1107084,1.000000000000,3
2026-07-15,2026-07-14,carrefour,Carrefour Mercado,ipca-sp-1107087,1107087,1.000000000000,4
2026-07-15,2026-07-14,extra-mercado,Extra Mercado,ipca-sp-1107087,1107087,1.000000000000,3
2026-07-15,2026-07-14,pao-de-acucar,Pão de Açúcar,ipca-sp-1107087,1107087,1.000000000000,2
2026-07-15,2026-07-14,st-marche,St Marché,ipca-sp-1107087,1107087,1.000000000000,6
2026-07-15,2026-07-14,carrefour,Carrefour Mercado,ipca-sp-1107088,1107088,1.000000000000,2
2026-07-15,2026-07-14,extra-mercado,Extra Mercado,ipca-sp-1107088,1107088,1.000000000000,4
2026-07-15,2026-07-14,pao-de-acucar,Pão de Açúcar,ipca-sp-1107088,1107088,1.000000000000,10
2026-07-15,2026-07-14,st-marche,St Marché,ipca-sp-1107088,1107088,1.000000000000,3
2026-07-15,2026-07-14,carrefour,Carrefour Mercado,ipca-sp-1107089,1107089,1.000000000000,3
2026-07-15,2026-07-14,extra-mercado,Extra Mercado,ipca-sp-1107089,1107089,1.000000000000,4
2026-07-15,2026-07-14,pao-de-acucar,Pão de Açúcar,ipca-sp-1107089,1107089,1.000000000000,1
2026-07-15,2026-07-14,st-marche,St Marché,ipca-sp-1107089,1107089,1.000000000000,6
2026-07-15,2026-07-14,carrefour,Carrefour Mercado,ipca-sp-1107091,1107091,1.000000000000,1
2026-07-15,2026-07-14,pao-de-acucar,Pão de Açúcar,ipca-sp-1107091,1107091,1.000000000000,4
2026-07-15,2026-07-14,st-marche,St Marché,ipca-sp-1107091,1107091,0.836566823317,3
2026-07-15,2026-07-14,carrefour,Carrefour Mercado,ipca-sp-1107093,1107093,1.000000000000,1
2026-07-15,2026-07-14,extra-mercado,Extra Mercado,ipca-sp-1107093,1107093,1.000000000000,4
2026-07-15,2026-07-14,pao-de-acucar,Pão de Açúcar,ipca-sp-1107093,1107093,1.000000000000,3
2026-07-15,2026-07-14,st-marche,St Marché,ipca-sp-1107093,1107093,1.000000000000,2
2026-07-15,2026-07-14,carrefour,Carrefour Mercado,ipca-sp-1107094,1107094,0.899227799228,1
2026-07-15,2026-07-14,extra-mercado,Extra Mercado,ipca-sp-1107094,1107094,1.000000000000,1
2026-07-15,2026-07-14,pao-de-acucar,Pão de Açúcar,ipca-sp-1107094,1107094,1.000000000000,1
2026-07-15,2026-07-14,st-marche,St Marché,ipca-sp-1107094,1107094,1.000000000000,1
2026-07-15,2026-07-14,carrefour,Carrefour Mercado,ipca-sp-1107095,1107095,1.000000000000,3
2026-07-15,2026-07-14,extra-mercado,Extra Mercado,ipca-sp-1107095,1107095,0.906546347753,2
2026-07-15,2026-07-14,pao-de-acucar,Pão de Açúcar,ipca-sp-1107095,1107095,1.000000000000,4
2026-07-15,2026-07-14,st-marche,St Marché,ipca-sp-1107095,1107095,1.000000000000,3
2026-07-15,2026-07-14,carrefour,Carrefour Mercado,ipca-sp-1107099,1107099,1.000000000000,2
2026-07-15,2026-07-14,extra-mercado,Extra Mercado,ipca-sp-1107099,1107099,1.000000000000,2
2026-07-15,2026-07-14,pao-de-acucar,Pão de Açúcar,ipca-sp-1107099,1107099,1.000000000000,7
2026-07-15,2026-07-14,st-marche,St Marché,ipca-sp-1107099,1107099,1.000000000000,3
2026-07-15,2026-07-14,carrefour,Carrefour Mercado,ipca-sp-1108031,1108031,1.000000000000,3
2026-07-15,2026-07-14,extra-mercado,Extra Mercado,ipca-sp-1108031,1108031,1.000000000000,2
2026-07-15,2026-07-14,pao-de-acucar,Pão de Açúcar,ipca-sp-1108031,1108031,1.000000000000,1
2026-07-15,2026-07-14,st-marche,St Marché,ipca-sp-1108031,1108031,1.000000000000,1
2026-07-15,2026-07-14,pao-de-acucar,Pão de Açúcar,ipca-sp-1108038,1108038,1.000000000000,3
2026-07-15,2026-07-14,st-marche,St Marché,ipca-sp-1108038,1108038,1.000000000000,1
2026-07-15,2026-07-14,carrefour,Carrefour Mercado,ipca-sp-1108075,1108075,0.972138483156,5
2026-07-15,2026-07-14,extra-mercado,Extra Mercado,ipca-sp-1108075,1108075,0.853581427053,2
2026-07-15,2026-07-14,pao-de-acucar,Pão de Açúcar,ipca-sp-1108075,1108075,1.000000000000,33
2026-07-15,2026-07-14,st-marche,St Marché,ipca-sp-1108075,1108075,1.000000000000,6
2026-07-15,2026-07-14,carrefour,Carrefour Mercado,ipca-sp-1108080,1108080,1.056324740657,5
2026-07-15,2026-07-14,extra-mercado,Extra Mercado,ipca-sp-1108080,1108080,0.940861245068,3
2026-07-15,2026-07-14,pao-de-acucar,Pão de Açúcar,ipca-sp-1108080,1108080,1.000000000000,7
2026-07-15,2026-07-14,st-marche,St Marché,ipca-sp-1108080,1108080,1.000000000000,3
2026-07-15,2026-07-14,carrefour,Carrefour Mercado,ipca-sp-1109002,1109002,0.978611283813,6
2026-07-15,2026-07-14,extra-mercado,Extra Mercado,ipca-sp-1109002,1109002,1.000000000000,4
2026-07-15,2026-07-14,pao-de-acucar,Pão de Açúcar,ipca-sp-1109002,1109002,1.000000000000,20
2026-07-15,2026-07-14,st-marche,St Marché,ipca-sp-1109002,1109002,1.000000000000,8
2026-07-15,2026-07-14,carrefour,Carrefour Mercado,ipca-sp-1109007,1109007,1.000000000000,5
2026-07-15,2026-07-14,extra-mercado,Extra Mercado,ipca-sp-1109007,1109007,1.000000000000,8
2026-07-15,2026-07-14,pao-de-acucar,Pão de Açúcar,ipca-sp-1109007,1109007,1.000000000000,10
2026-07-15,2026-07-14,carrefour,Carrefour Mercado,ipca-sp-1109008,1109008,0.966881334953,13
2026-07-15,2026-07-14,extra-mercado,Extra Mercado,ipca-sp-1109008,1109008,1.017110290640,22
2026-07-15,2026-07-14,pao-de-acucar,Pão de Açúcar,ipca-sp-1109008,1109008,1.000000000000,55
2026-07-15,2026-07-14,st-marche,St Marché,ipca-sp-1109008,1109008,1.000000000000,37
2026-07-15,2026-07-14,carrefour,Carrefour Mercado,ipca-sp-1109010,1109010,1.000000000000,3
2026-07-15,2026-07-14,extra-mercado,Extra Mercado,ipca-sp-1109010,1109010,1.000000000000,9
2026-07-15,2026-07-14,pao-de-acucar,Pão de Açúcar,ipca-sp-1109010,1109010,1.000000000000,2
2026-07-15,2026-07-14,st-marche,St Marché,ipca-sp-1109010,1109010,1.000000000000,5
2026-07-15,2026-07-14,carrefour,Carrefour Mercado,ipca-sp-1110009,1110009,1.000000000000,1
2026-07-15,2026-07-14,extra-mercado,Extra Mercado,ipca-sp-1110009,1110009,1.000000000000,3
2026-07-15,2026-07-14,pao-de-acucar,Pão de Açúcar,ipca-sp-1110009,1110009,1.000000000000,5
2026-07-15,2026-07-14,st-marche,St Marché,ipca-sp-1110009,1110009,1.000000000000,1
2026-07-15,2026-07-14,carrefour,Carrefour Mercado,ipca-sp-1110010,1110010,0.990331284993,36
2026-07-15,2026-07-14,extra-mercado,Extra Mercado,ipca-sp-1110010,1110010,0.998142327144,47
2026-07-15,2026-07-14,pao-de-acucar,Pão de Açúcar,ipca-sp-1110010,1110010,1.000000000000,56
2026-07-15,2026-07-14,st-marche,St Marché,ipca-sp-1110010,1110010,0.996976176959,57
2026-07-15,2026-07-14,carrefour,Carrefour Mercado,ipca-sp-1110044,1110044,1.000000000000,1
2026-07-15,2026-07-14,extra-mercado,Extra Mercado,ipca-sp-1110044,1110044,0.954696962860,12
2026-07-15,2026-07-14,pao-de-acucar,Pão de Açúcar,ipca-sp-1110044,1110044,1.000000000000,10
2026-07-15,2026-07-14,st-marche,St Marché,ipca-sp-1110044,1110044,1.000000000000,7
2026-07-15,2026-07-14,carrefour,Carrefour Mercado,ipca-sp-1111004,1111004,1.000000000000,42
2026-07-15,2026-07-14,extra-mercado,Extra Mercado,ipca-sp-1111004,1111004,0.988697867446,12
2026-07-15,2026-07-14,pao-de-acucar,Pão de Açúcar,ipca-sp-1111004,1111004,1.000000000000,1
2026-07-15,2026-07-14,st-marche,St Marché,ipca-sp-1111004,1111004,0.993620269226,17
2026-07-15,2026-07-14,carrefour,Carrefour Mercado,ipca-sp-1111009,1111009,1.000000000000,14
2026-07-15,2026-07-14,extra-mercado,Extra Mercado,ipca-sp-1111009,1111009,0.908758563313,7
2026-07-15,2026-07-14,pao-de-acucar,Pão de Açúcar,ipca-sp-1111009,1111009,1.061274019439,5
2026-07-15,2026-07-14,st-marche,St Marché,ipca-sp-1111009,1111009,1.000000000000,2
2026-07-15,2026-07-14,carrefour,Carrefour Mercado,ipca-sp-1111011,1111011,1.000000000000,42
2026-07-15,2026-07-14,extra-mercado,Extra Mercado,ipca-sp-1111011,1111011,1.001485370107,54
2026-07-15,2026-07-14,pao-de-acucar,Pão de Açúcar,ipca-sp-1111011,1111011,1.000000000000,258
2026-07-15,2026-07-14,st-marche,St Marché,ipca-sp-1111011,1111011,1.004736035553,70
2026-07-15,2026-07-14,carrefour,Carrefour Mercado,ipca-sp-1111019,1111019,1.003711272355,125
2026-07-15,2026-07-14,extra-mercado,Extra Mercado,ipca-sp-1111019,1111019,0.997792225398,203
2026-07-15,2026-07-14,pao-de-acucar,Pão de Açúcar,ipca-sp-1111019,1111019,1.000000000000,34
2026-07-15,2026-07-14,st-marche,St Marché,ipca-sp-1111019,1111019,1.007199923644,105
2026-07-15,2026-07-14,carrefour,Carrefour Mercado,ipca-sp-1111021,1111021,1.000000000000,31
2026-07-15,2026-07-14,extra-mercado,Extra Mercado,ipca-sp-1111021,1111021,1.000000000000,16
2026-07-15,2026-07-14,pao-de-acucar,Pão de Açúcar,ipca-sp-1111021,1111021,1.000000000000,10
2026-07-15,2026-07-14,st-marche,St Marché,ipca-sp-1111021,1111021,0.998877314568,22
2026-07-15,2026-07-14,carrefour,Carrefour Mercado,ipca-sp-1112003,1112003,0.994055125322,121
2026-07-15,2026-07-14,extra-mercado,Extra Mercado,ipca-sp-1112003,1112003,1.017070118939,194
2026-07-15,2026-07-14,pao-de-acucar,Pão de Açúcar,ipca-sp-1112003,1112003,1.000000000000,60
2026-07-15,2026-07-14,st-marche,St Marché,ipca-sp-1112003,1112003,0.999710364011,67
2026-07-15,2026-07-14,carrefour,Carrefour Mercado,ipca-sp-1112015,1112015,1.000000000000,5
2026-07-15,2026-07-14,extra-mercado,Extra Mercado,ipca-sp-1112015,1112015,1.000000000000,3
2026-07-15,2026-07-14,st-marche,St Marché,ipca-sp-1112015,1112015,1.000000000000,5
2026-07-15,2026-07-14,carrefour,Carrefour Mercado,ipca-sp-1112017,1112017,1.000000000000,4
2026-07-15,2026-07-14,extra-mercado,Extra Mercado,ipca-sp-1112017,1112017,1.000000000000,6
2026-07-15,2026-07-14,st-marche,St Marché,ipca-sp-1112017,1112017,1.000000000000,7
2026-07-15,2026-07-14,carrefour,Carrefour Mercado,ipca-sp-1112018,1112018,1.000000000000,58
2026-07-15,2026-07-14,extra-mercado,Extra Mercado,ipca-sp-1112018,1112018,0.997633080516,38
2026-07-15,2026-07-14,pao-de-acucar,Pão de Açúcar,ipca-sp-1112018,1112018,1.000000000000,8
2026-07-15,2026-07-14,st-marche,St Marché,ipca-sp-1112018,1112018,1.000000000000,55
2026-07-15,2026-07-14,carrefour,Carrefour Mercado,ipca-sp-1112019,1112019,1.000000000000,33
2026-07-15,2026-07-14,extra-mercado,Extra Mercado,ipca-sp-1112019,1112019,0.996918978333,64
2026-07-15,2026-07-14,pao-de-acucar,Pão de Açúcar,ipca-sp-1112019,1112019,1.000000000000,21
2026-07-15,2026-07-14,st-marche,St Marché,ipca-sp-1112019,1112019,0.998243727812,105
2026-07-15,2026-07-14,carrefour,Carrefour Mercado,ipca-sp-1113013,1113013,1.000000000000,4
2026-07-15,2026-07-14,extra-mercado,Extra Mercado,ipca-sp-1113013,1113013,1.000000000000,3
2026-07-15,2026-07-14,st-marche,St Marché,ipca-sp-1113013,1113013,1.000000000000,1
2026-07-15,2026-07-14,carrefour,Carrefour Mercado,ipca-sp-1113014,1113014,0.985101359544,15
2026-07-15,2026-07-14,extra-mercado,Extra Mercado,ipca-sp-1113014,1113014,1.000000000000,10
2026-07-15,2026-07-14,pao-de-acucar,Pão de Açúcar,ipca-sp-1113014,1113014,0.977459391714,8
2026-07-15,2026-07-14,st-marche,St Marché,ipca-sp-1113014,1113014,1.000000000000,6
2026-07-15,2026-07-14,carrefour,Carrefour Mercado,ipca-sp-1113040,1113040,1.000000000000,17
2026-07-15,2026-07-14,extra-mercado,Extra Mercado,ipca-sp-1113040,1113040,0.990521171256,13
2026-07-15,2026-07-14,pao-de-acucar,Pão de Açúcar,ipca-sp-1113040,1113040,1.000000000000,2
2026-07-15,2026-07-14,st-marche,St Marché,ipca-sp-1113040,1113040,1.000000000000,4
2026-07-15,2026-07-14,carrefour,Carrefour Mercado,ipca-sp-1114001,1114001,0.998186341049,92
2026-07-15,2026-07-14,extra-mercado,Extra Mercado,ipca-sp-1114001,1114001,1.000000000000,40
2026-07-15,2026-07-14,pao-de-acucar,Pão de Açúcar,ipca-sp-1114001,1114001,1.000000000000,12
2026-07-15,2026-07-14,st-marche,St Marché,ipca-sp-1114001,1114001,1.005080437876,36
2026-07-15,2026-07-14,carrefour,Carrefour Mercado,ipca-sp-1114022,1114022,0.998749471991,47
2026-07-15,2026-07-14,extra-mercado,Extra Mercado,ipca-sp-1114022,1114022,0.969783505332,54
2026-07-15,2026-07-14,pao-de-acucar,Pão de Açúcar,ipca-sp-1114022,1114022,1.000000000000,24
2026-07-15,2026-07-14,st-marche,St Marché,ipca-sp-1114022,1114022,1.000000000000,9
2026-07-15,2026-07-14,carrefour,Carrefour Mercado,ipca-sp-1114083,1114083,0.995880825467,109
2026-07-15,2026-07-14,extra-mercado,Extra Mercado,ipca-sp-1114083,1114083,0.996437409963,50
2026-07-15,2026-07-14,st-marche,St Marché,ipca-sp-1114083,1114083,1.005568358533,95
2026-07-15,2026-07-14,carrefour,Carrefour Mercado,ipca-sp-1114084,1114084,0.879185752205,38
2026-07-15,2026-07-14,extra-mercado,Extra Mercado,ipca-sp-1114084,1114084,1.000000000000,28
2026-07-15,2026-07-14,pao-de-acucar,Pão de Açúcar,ipca-sp-1114084,1114084,1.000000000000,3
2026-07-15,2026-07-14,carrefour,Carrefour Mercado,ipca-sp-1114087,1114087,1.000000000000,20
2026-07-15,2026-07-14,extra-mercado,Extra Mercado,ipca-sp-1114087,1114087,1.000000000000,14
2026-07-15,2026-07-14,pao-de-acucar,Pão de Açúcar,ipca-sp-1114087,1114087,1.072245704664,142
2026-07-15,2026-07-14,st-marche,St Marché,ipca-sp-1114087,1114087,1.011605957273,239
2026-07-15,2026-07-14,carrefour,Carrefour Mercado,ipca-sp-1114090,1114090,1.000000000000,20
2026-07-15,2026-07-14,extra-mercado,Extra Mercado,ipca-sp-1114090,1114090,1.000000000000,18
2026-07-15,2026-07-14,st-marche,St Marché,ipca-sp-1114090,1114090,1.000000000000,4
2026-07-15,2026-07-14,carrefour,Carrefour Mercado,ipca-sp-1115016,1115016,1.014286417368,4
2026-07-15,2026-07-14,extra-mercado,Extra Mercado,ipca-sp-1115016,1115016,1.000000000000,9
2026-07-15,2026-07-14,pao-de-acucar,Pão de Açúcar,ipca-sp-1115016,1115016,1.000000000000,9
2026-07-15,2026-07-14,st-marche,St Marché,ipca-sp-1115016,1115016,1.000000000000,4
2026-07-15,2026-07-14,carrefour,Carrefour Mercado,ipca-sp-1115039,1115039,1.000000000000,6
2026-07-15,2026-07-14,extra-mercado,Extra Mercado,ipca-sp-1115039,1115039,0.925278842540,4
2026-07-15,2026-07-14,pao-de-acucar,Pão de Açúcar,ipca-sp-1115039,1115039,0.790421076657,2
2026-07-15,2026-07-14,st-marche,St Marché,ipca-sp-1115039,1115039,1.000000000000,1
2026-07-15,2026-07-14,carrefour,Carrefour Mercado,ipca-sp-1115057,1115057,1.000000000000,11
2026-07-15,2026-07-14,extra-mercado,Extra Mercado,ipca-sp-1115057,1115057,1.000000000000,20
2026-07-15,2026-07-14,pao-de-acucar,Pão de Açúcar,ipca-sp-1115057,1115057,1.000000000000,35
2026-07-15,2026-07-14,st-marche,St Marché,ipca-sp-1115057,1115057,1.000000000000,2
2026-07-15,2026-07-14,carrefour,Carrefour Mercado,ipca-sp-1115058,1115058,1.000000000000,4
2026-07-15,2026-07-14,extra-mercado,Extra Mercado,ipca-sp-1115058,1115058,0.906759906760,1
2026-07-15,2026-07-14,pao-de-acucar,Pão de Açúcar,ipca-sp-1115058,1115058,1.000000000000,1
2026-07-15,2026-07-14,st-marche,St Marché,ipca-sp-1115058,1115058,1.000000000000,1
2026-07-15,2026-07-14,carrefour,Carrefour Mercado,ipca-sp-1115075,1115075,1.000000000000,13
2026-07-15,2026-07-14,extra-mercado,Extra Mercado,ipca-sp-1115075,1115075,0.963821331155,12
2026-07-15,2026-07-14,pao-de-acucar,Pão de Açúcar,ipca-sp-1115075,1115075,1.000000000000,3
2026-07-15,2026-07-14,carrefour,Carrefour Mercado,ipca-sp-1116005,1116005,0.998638998469,36
2026-07-15,2026-07-14,extra-mercado,Extra Mercado,ipca-sp-1116005,1116005,1.000000000000,34
2026-07-15,2026-07-14,pao-de-acucar,Pão de Açúcar,ipca-sp-1116005,1116005,0.996052028289,13
2026-07-15,2026-07-14,st-marche,St Marché,ipca-sp-1116005,1116005,1.000000000000,10
2026-07-15,2026-07-14,carrefour,Carrefour Mercado,ipca-sp-1116010,1116010,1.000000000000,3
2026-07-15,2026-07-14,extra-mercado,Extra Mercado,ipca-sp-1116010,1116010,1.000000000000,5
2026-07-15,2026-07-14,pao-de-acucar,Pão de Açúcar,ipca-sp-1116010,1116010,1.000000000000,6
2026-07-15,2026-07-14,st-marche,St Marché,ipca-sp-1116010,1116010,1.005293327303,12
2026-07-15,2026-07-14,carrefour,Carrefour Mercado,ipca-sp-1116033,1116033,1.000000000000,14
2026-07-15,2026-07-14,extra-mercado,Extra Mercado,ipca-sp-1116033,1116033,1.007209961088,14
2026-07-15,2026-07-14,pao-de-acucar,Pão de Açúcar,ipca-sp-1116033,1116033,1.043541499937,6
2026-07-15,2026-07-14,st-marche,St Marché,ipca-sp-1116033,1116033,1.000000000000,3
2026-07-15,2026-07-14,carrefour,Carrefour Mercado,ipca-sp-1116041,1116041,1.000000000000,7
2026-07-15,2026-07-14,extra-mercado,Extra Mercado,ipca-sp-1116041,1116041,1.000000000000,10
2026-07-15,2026-07-14,pao-de-acucar,Pão de Açúcar,ipca-sp-1116041,1116041,1.000000000000,17
2026-07-15,2026-07-14,st-marche,St Marché,ipca-sp-1116041,1116041,1.000000000000,2
2026-07-15,2026-07-14,carrefour,Carrefour Mercado,ipca-sp-1116071,1116071,1.000000000000,15
2026-07-15,2026-07-14,extra-mercado,Extra Mercado,ipca-sp-1116071,1116071,0.980530106806,24
2026-07-15,2026-07-14,pao-de-acucar,Pão de Açúcar,ipca-sp-1116071,1116071,1.000000000000,27
2026-07-15,2026-07-14,st-marche,St Marché,ipca-sp-1116071,1116071,1.000000000000,5
2026-07-16,2026-07-15,extra-mercado,Extra Mercado,ipca-sp-1101002,1101002,1.003396774302,24
2026-07-16,2026-07-15,pao-de-acucar,Pão de Açúcar,ipca-sp-1101002,1101002,1.012879500631,27
2026-07-16,2026-07-15,st-marche,St Marché,ipca-sp-1101002,1101002,1.000000000000,4
2026-07-16,2026-07-15,extra-mercado,Extra Mercado,ipca-sp-1101073,1101073,0.986559697373,4
2026-07-16,2026-07-15,extra-mercado,Extra Mercado,ipca-sp-1102006,1102006,1.000000000000,38
2026-07-16,2026-07-15,pao-de-acucar,Pão de Açúcar,ipca-sp-1102006,1102006,1.000000000000,18
2026-07-16,2026-07-15,st-marche,St Marché,ipca-sp-1102006,1102006,1.000000000000,26
2026-07-16,2026-07-15,extra-mercado,Extra Mercado,ipca-sp-1102012,1102012,1.000000000000,4
2026-07-16,2026-07-15,st-marche,St Marché,ipca-sp-1102012,1102012,1.000000000000,3
2026-07-16,2026-07-15,extra-mercado,Extra Mercado,ipca-sp-1102023,1102023,1.000000000000,4
2026-07-16,2026-07-15,st-marche,St Marché,ipca-sp-1102023,1102023,1.000000000000,1
2026-07-16,2026-07-15,extra-mercado,Extra Mercado,ipca-sp-1102029,1102029,1.000000000000,40
2026-07-16,2026-07-15,pao-de-acucar,Pão de Açúcar,ipca-sp-1102029,1102029,1.000000000000,41
2026-07-16,2026-07-15,st-marche,St Marché,ipca-sp-1102029,1102029,1.001474034989,47
2026-07-16,2026-07-15,extra-mercado,Extra Mercado,ipca-sp-1102061,1102061,1.000000000000,28
2026-07-16,2026-07-15,pao-de-acucar,Pão de Açúcar,ipca-sp-1102061,1102061,1.000000000000,2
2026-07-16,2026-07-15,st-marche,St Marché,ipca-sp-1102061,1102061,1.000000000000,5
2026-07-16,2026-07-15,extra-mercado,Extra Mercado,ipca-sp-1103002,1103002,1.000000000000,2
2026-07-16,2026-07-15,st-marche,St Marché,ipca-sp-1103002,1103002,1.000000000000,2
2026-07-16,2026-07-15,extra-mercado,Extra Mercado,ipca-sp-1103003,1103003,1.000000000000,9
2026-07-16,2026-07-15,pao-de-acucar,Pão de Açúcar,ipca-sp-1103003,1103003,1.000000000000,9
2026-07-16,2026-07-15,st-marche,St Marché,ipca-sp-1103003,1103003,1.000000000000,3
2026-07-16,2026-07-15,extra-mercado,Extra Mercado,ipca-sp-1103020,1103020,1.000000000000,2
2026-07-16,2026-07-15,pao-de-acucar,Pão de Açúcar,ipca-sp-1103020,1103020,1.000000000000,1
2026-07-16,2026-07-15,st-marche,St Marché,ipca-sp-1103020,1103020,0.816326317850,2
2026-07-16,2026-07-15,extra-mercado,Extra Mercado,ipca-sp-1103026,1103026,1.000000000000,4
2026-07-16,2026-07-15,pao-de-acucar,Pão de Açúcar,ipca-sp-1103026,1103026,1.000000000000,2
2026-07-16,2026-07-15,st-marche,St Marché,ipca-sp-1103026,1103026,1.000000000000,4
2026-07-16,2026-07-15,extra-mercado,Extra Mercado,ipca-sp-1103028,1103028,1.011756100135,4
2026-07-16,2026-07-15,pao-de-acucar,Pão de Açúcar,ipca-sp-1103028,1103028,1.000000000000,3
2026-07-16,2026-07-15,st-marche,St Marché,ipca-sp-1103028,1103028,1.000000000000,4
2026-07-16,2026-07-15,extra-mercado,Extra Mercado,ipca-sp-1103043,1103043,1.000000000000,2
2026-07-16,2026-07-15,st-marche,St Marché,ipca-sp-1103043,1103043,1.000000000000,9
2026-07-16,2026-07-15,extra-mercado,Extra Mercado,ipca-sp-1103044,1103044,1.000000000000,1
2026-07-16,2026-07-15,st-marche,St Marché,ipca-sp-1103044,1103044,1.000000000000,2
2026-07-16,2026-07-15,extra-mercado,Extra Mercado,ipca-sp-1104003,1104003,1.050207470914,3
2026-07-16,2026-07-15,pao-de-acucar,Pão de Açúcar,ipca-sp-1104003,1104003,1.000000000000,1
2026-07-16,2026-07-15,st-marche,St Marché,ipca-sp-1104003,1104003,1.000000000000,1
2026-07-16,2026-07-15,extra-mercado,Extra Mercado,ipca-sp-1104023,1104023,0.981414520619,112
2026-07-16,2026-07-15,pao-de-acucar,Pão de Açúcar,ipca-sp-1104023,1104023,1.005791697437,70
2026-07-16,2026-07-15,st-marche,St Marché,ipca-sp-1104023,1104023,1.000000000000,20
2026-07-16,2026-07-15,extra-mercado,Extra Mercado,ipca-sp-1104032,1104032,1.005727831532,27
2026-07-16,2026-07-15,pao-de-acucar,Pão de Açúcar,ipca-sp-1104032,1104032,0.988742821979,92
2026-07-16,2026-07-15,st-marche,St Marché,ipca-sp-1104032,1104032,1.006975854056,98
2026-07-16,2026-07-15,extra-mercado,Extra Mercado,ipca-sp-1104052,1104052,1.005135920362,17
2026-07-16,2026-07-15,pao-de-acucar,Pão de Açúcar,ipca-sp-1104052,1104052,1.210396136630,7
2026-07-16,2026-07-15,st-marche,St Marché,ipca-sp-1104052,1104052,1.000000000000,6
2026-07-16,2026-07-15,extra-mercado,Extra Mercado,ipca-sp-1105001,1105001,1.000000000000,1
2026-07-16,2026-07-15,st-marche,St Marché,ipca-sp-1105001,1105001,1.000000000000,7
2026-07-16,2026-07-15,st-marche,St Marché,ipca-sp-1105005,1105005,1.000000000000,1
2026-07-16,2026-07-15,extra-mercado,Extra Mercado,ipca-sp-1105010,1105010,1.000000000000,3
2026-07-16,2026-07-15,st-marche,St Marché,ipca-sp-1105010,1105010,1.000000000000,1
2026-07-16,2026-07-15,extra-mercado,Extra Mercado,ipca-sp-1105012,1105012,1.000000000000,2
2026-07-16,2026-07-15,extra-mercado,Extra Mercado,ipca-sp-1105019,1105019,1.000000000000,2
2026-07-16,2026-07-15,pao-de-acucar,Pão de Açúcar,ipca-sp-1105019,1105019,1.000000000000,1
2026-07-16,2026-07-15,st-marche,St Marché,ipca-sp-1105019,1105019,1.000000000000,7
2026-07-16,2026-07-15,extra-mercado,Extra Mercado,ipca-sp-1106005,1106005,1.000000000000,1
2026-07-16,2026-07-15,st-marche,St Marché,ipca-sp-1106005,1106005,1.000000000000,1
2026-07-16,2026-07-15,extra-mercado,Extra Mercado,ipca-sp-1106008,1106008,1.000000000000,1
2026-07-16,2026-07-15,st-marche,St Marché,ipca-sp-1106008,1106008,1.000000000000,1
2026-07-16,2026-07-15,extra-mercado,Extra Mercado,ipca-sp-1106015,1106015,0.865663579911,2
2026-07-16,2026-07-15,st-marche,St Marché,ipca-sp-1106015,1106015,1.000000000000,2
2026-07-16,2026-07-15,extra-mercado,Extra Mercado,ipca-sp-1106017,1106017,1.000000000000,4
2026-07-16,2026-07-15,st-marche,St Marché,ipca-sp-1106017,1106017,1.000000000000,8
2026-07-16,2026-07-15,extra-mercado,Extra Mercado,ipca-sp-1106018,1106018,1.000000000000,4
2026-07-16,2026-07-15,pao-de-acucar,Pão de Açúcar,ipca-sp-1106018,1106018,1.000000000000,2
2026-07-16,2026-07-15,st-marche,St Marché,ipca-sp-1106018,1106018,1.000000000000,5
2026-07-16,2026-07-15,extra-mercado,Extra Mercado,ipca-sp-1106019,1106019,1.000000000000,1
2026-07-16,2026-07-15,st-marche,St Marché,ipca-sp-1106019,1106019,1.000000000000,7
2026-07-16,2026-07-15,extra-mercado,Extra Mercado,ipca-sp-1106023,1106023,0.961455148082,3
2026-07-16,2026-07-15,st-marche,St Marché,ipca-sp-1106023,1106023,1.000000000000,5
2026-07-16,2026-07-15,extra-mercado,Extra Mercado,ipca-sp-1106027,1106027,1.000000000000,1
2026-07-16,2026-07-15,st-marche,St Marché,ipca-sp-1106027,1106027,0.948281342197,6
2026-07-16,2026-07-15,extra-mercado,Extra Mercado,ipca-sp-1106028,1106028,1.000000000000,3
2026-07-16,2026-07-15,pao-de-acucar,Pão de Açúcar,ipca-sp-1106028,1106028,1.000000000000,1
2026-07-16,2026-07-15,st-marche,St Marché,ipca-sp-1106028,1106028,1.039487700686,9
2026-07-16,2026-07-15,extra-mercado,Extra Mercado,ipca-sp-1106039,1106039,1.000000000000,2
2026-07-16,2026-07-15,pao-de-acucar,Pão de Açúcar,ipca-sp-1106039,1106039,1.000000000000,1
2026-07-16,2026-07-15,st-marche,St Marché,ipca-sp-1106039,1106039,1.000000000000,1
2026-07-16,2026-07-15,extra-mercado,Extra Mercado,ipca-sp-1107018,1107018,1.000000000000,36
2026-07-16,2026-07-15,pao-de-acucar,Pão de Açúcar,ipca-sp-1107018,1107018,1.000000000000,46
2026-07-16,2026-07-15,st-marche,St Marché,ipca-sp-1107018,1107018,0.983069084480,25
2026-07-16,2026-07-15,extra-mercado,Extra Mercado,ipca-sp-1107084,1107084,1.000000000000,4
2026-07-16,2026-07-15,pao-de-acucar,Pão de Açúcar,ipca-sp-1107084,1107084,1.000000000000,12
2026-07-16,2026-07-15,st-marche,St Marché,ipca-sp-1107084,1107084,0.873418480593,3
2026-07-16,2026-07-15,extra-mercado,Extra Mercado,ipca-sp-1107087,1107087,1.000000000000,3
2026-07-16,2026-07-15,pao-de-acucar,Pão de Açúcar,ipca-sp-1107087,1107087,1.000000000000,2
2026-07-16,2026-07-15,st-marche,St Marché,ipca-sp-1107087,1107087,1.000000000000,6
2026-07-16,2026-07-15,extra-mercado,Extra Mercado,ipca-sp-1107088,1107088,1.000000000000,4
2026-07-16,2026-07-15,pao-de-acucar,Pão de Açúcar,ipca-sp-1107088,1107088,1.000000000000,10
2026-07-16,2026-07-15,st-marche,St Marché,ipca-sp-1107088,1107088,1.000000000000,3
2026-07-16,2026-07-15,extra-mercado,Extra Mercado,ipca-sp-1107089,1107089,1.000000000000,4
2026-07-16,2026-07-15,pao-de-acucar,Pão de Açúcar,ipca-sp-1107089,1107089,1.000000000000,1
2026-07-16,2026-07-15,st-marche,St Marché,ipca-sp-1107089,1107089,1.000000000000,6
2026-07-16,2026-07-15,pao-de-acucar,Pão de Açúcar,ipca-sp-1107091,1107091,1.000000000000,4
2026-07-16,2026-07-15,st-marche,St Marché,ipca-sp-1107091,1107091,1.000000000000,3
2026-07-16,2026-07-15,extra-mercado,Extra Mercado,ipca-sp-1107093,1107093,1.112414948870,4
2026-07-16,2026-07-15,pao-de-acucar,Pão de Açúcar,ipca-sp-1107093,1107093,1.000000000000,3
2026-07-16,2026-07-15,st-marche,St Marché,ipca-sp-1107093,1107093,1.000000000000,2
2026-07-16,2026-07-15,extra-mercado,Extra Mercado,ipca-sp-1107094,1107094,1.000000000000,1
2026-07-16,2026-07-15,pao-de-acucar,Pão de Açúcar,ipca-sp-1107094,1107094,1.000000000000,1
2026-07-16,2026-07-15,st-marche,St Marché,ipca-sp-1107094,1107094,1.000000000000,1
2026-07-16,2026-07-15,extra-mercado,Extra Mercado,ipca-sp-1107095,1107095,0.906546347753,2
2026-07-16,2026-07-15,pao-de-acucar,Pão de Açúcar,ipca-sp-1107095,1107095,1.000000000000,4
2026-07-16,2026-07-15,st-marche,St Marché,ipca-sp-1107095,1107095,1.000000000000,3
2026-07-16,2026-07-15,extra-mercado,Extra Mercado,ipca-sp-1107099,1107099,0.931194548777,2
2026-07-16,2026-07-15,pao-de-acucar,Pão de Açúcar,ipca-sp-1107099,1107099,1.000000000000,7
2026-07-16,2026-07-15,st-marche,St Marché,ipca-sp-1107099,1107099,1.000000000000,3
2026-07-16,2026-07-15,extra-mercado,Extra Mercado,ipca-sp-1108031,1108031,1.000000000000,2
2026-07-16,2026-07-15,pao-de-acucar,Pão de Açúcar,ipca-sp-1108031,1108031,1.000000000000,1
2026-07-16,2026-07-15,st-marche,St Marché,ipca-sp-1108031,1108031,1.000000000000,1
2026-07-16,2026-07-15,pao-de-acucar,Pão de Açúcar,ipca-sp-1108038,1108038,1.000000000000,3
2026-07-16,2026-07-15,st-marche,St Marché,ipca-sp-1108038,1108038,1.000000000000,1
2026-07-16,2026-07-15,extra-mercado,Extra Mercado,ipca-sp-1108075,1108075,1.000000000000,2
2026-07-16,2026-07-15,pao-de-acucar,Pão de Açúcar,ipca-sp-1108075,1108075,1.000000000000,33
2026-07-16,2026-07-15,st-marche,St Marché,ipca-sp-1108075,1108075,1.000000000000,6
2026-07-16,2026-07-15,extra-mercado,Extra Mercado,ipca-sp-1108080,1108080,1.000000000000,3
2026-07-16,2026-07-15,pao-de-acucar,Pão de Açúcar,ipca-sp-1108080,1108080,1.000000000000,7
2026-07-16,2026-07-15,st-marche,St Marché,ipca-sp-1108080,1108080,1.000000000000,4
2026-07-16,2026-07-15,extra-mercado,Extra Mercado,ipca-sp-1109002,1109002,1.000000000000,4
2026-07-16,2026-07-15,pao-de-acucar,Pão de Açúcar,ipca-sp-1109002,1109002,1.000000000000,20
2026-07-16,2026-07-15,st-marche,St Marché,ipca-sp-1109002,1109002,1.000000000000,8
2026-07-16,2026-07-15,extra-mercado,Extra Mercado,ipca-sp-1109007,1109007,1.000000000000,8
2026-07-16,2026-07-15,pao-de-acucar,Pão de Açúcar,ipca-sp-1109007,1109007,1.000000000000,10
2026-07-16,2026-07-15,extra-mercado,Extra Mercado,ipca-sp-1109008,1109008,1.000000000000,22
2026-07-16,2026-07-15,pao-de-acucar,Pão de Açúcar,ipca-sp-1109008,1109008,1.000000000000,55
2026-07-16,2026-07-15,st-marche,St Marché,ipca-sp-1109008,1109008,0.994212463614,41
2026-07-16,2026-07-15,extra-mercado,Extra Mercado,ipca-sp-1109010,1109010,1.000000000000,9
2026-07-16,2026-07-15,pao-de-acucar,Pão de Açúcar,ipca-sp-1109010,1109010,1.000000000000,2
2026-07-16,2026-07-15,st-marche,St Marché,ipca-sp-1109010,1109010,1.000000000000,5
2026-07-16,2026-07-15,extra-mercado,Extra Mercado,ipca-sp-1110009,1110009,1.000000000000,3
2026-07-16,2026-07-15,pao-de-acucar,Pão de Açúcar,ipca-sp-1110009,1110009,1.000000000000,5
2026-07-16,2026-07-15,st-marche,St Marché,ipca-sp-1110009,1110009,1.000000000000,1
2026-07-16,2026-07-15,extra-mercado,Extra Mercado,ipca-sp-1110010,1110010,0.990374332636,47
2026-07-16,2026-07-15,pao-de-acucar,Pão de Açúcar,ipca-sp-1110010,1110010,0.994851198146,56
2026-07-16,2026-07-15,st-marche,St Marché,ipca-sp-1110010,1110010,0.995457682465,59
2026-07-16,2026-07-15,extra-mercado,Extra Mercado,ipca-sp-1110044,1110044,1.000000000000,12
2026-07-16,2026-07-15,pao-de-acucar,Pão de Açúcar,ipca-sp-1110044,1110044,1.000000000000,10
2026-07-16,2026-07-15,st-marche,St Marché,ipca-sp-1110044,1110044,1.000000000000,7
2026-07-16,2026-07-15,extra-mercado,Extra Mercado,ipca-sp-1111004,1111004,0.998410884925,12
2026-07-16,2026-07-15,pao-de-acucar,Pão de Açúcar,ipca-sp-1111004,1111004,1.000000000000,1
2026-07-16,2026-07-15,st-marche,St Marché,ipca-sp-1111004,1111004,1.000000000000,17
2026-07-16,2026-07-15,extra-mercado,Extra Mercado,ipca-sp-1111009,1111009,1.000000000000,7
2026-07-16,2026-07-15,pao-de-acucar,Pão de Açúcar,ipca-sp-1111009,1111009,0.960641151478,5
2026-07-16,2026-07-15,st-marche,St Marché,ipca-sp-1111009,1111009,1.000000000000,2
2026-07-16,2026-07-15,extra-mercado,Extra Mercado,ipca-sp-1111011,1111011,0.992754306692,54
2026-07-16,2026-07-15,pao-de-acucar,Pão de Açúcar,ipca-sp-1111011,1111011,1.002323313883,258
2026-07-16,2026-07-15,st-marche,St Marché,ipca-sp-1111011,1111011,1.011948536471,70
2026-07-16,2026-07-15,extra-mercado,Extra Mercado,ipca-sp-1111019,1111019,1.000000000000,203
2026-07-16,2026-07-15,pao-de-acucar,Pão de Açúcar,ipca-sp-1111019,1111019,1.000000000000,34
2026-07-16,2026-07-15,st-marche,St Marché,ipca-sp-1111019,1111019,1.001192896808,105
2026-07-16,2026-07-15,extra-mercado,Extra Mercado,ipca-sp-1111021,1111021,0.998594854593,16
2026-07-16,2026-07-15,pao-de-acucar,Pão de Açúcar,ipca-sp-1111021,1111021,1.000000000000,10
2026-07-16,2026-07-15,st-marche,St Marché,ipca-sp-1111021,1111021,1.002859951357,22
2026-07-16,2026-07-15,extra-mercado,Extra Mercado,ipca-sp-1112003,1112003,1.003385039356,195
2026-07-16,2026-07-15,pao-de-acucar,Pão de Açúcar,ipca-sp-1112003,1112003,1.000000000000,60
2026-07-16,2026-07-15,st-marche,St Marché,ipca-sp-1112003,1112003,1.002844642794,67
2026-07-16,2026-07-15,extra-mercado,Extra Mercado,ipca-sp-1112015,1112015,1.000000000000,3
2026-07-16,2026-07-15,st-marche,St Marché,ipca-sp-1112015,1112015,1.000000000000,5
2026-07-16,2026-07-15,extra-mercado,Extra Mercado,ipca-sp-1112017,1112017,1.000000000000,6
2026-07-16,2026-07-15,st-marche,St Marché,ipca-sp-1112017,1112017,1.000000000000,7
2026-07-16,2026-07-15,extra-mercado,Extra Mercado,ipca-sp-1112018,1112018,1.000000000000,39
2026-07-16,2026-07-15,pao-de-acucar,Pão de Açúcar,ipca-sp-1112018,1112018,1.000000000000,8
2026-07-16,2026-07-15,st-marche,St Marché,ipca-sp-1112018,1112018,1.000000000000,57
2026-07-16,2026-07-15,extra-mercado,Extra Mercado,ipca-sp-1112019,1112019,1.000000000000,64
2026-07-16,2026-07-15,pao-de-acucar,Pão de Açúcar,ipca-sp-1112019,1112019,1.000000000000,21
2026-07-16,2026-07-15,st-marche,St Marché,ipca-sp-1112019,1112019,0.997910319805,105
2026-07-16,2026-07-15,extra-mercado,Extra Mercado,ipca-sp-1113013,1113013,0.965961460494,3
2026-07-16,2026-07-15,st-marche,St Marché,ipca-sp-1113013,1113013,1.000000000000,1
2026-07-16,2026-07-15,extra-mercado,Extra Mercado,ipca-sp-1113014,1113014,1.000000000000,10
2026-07-16,2026-07-15,pao-de-acucar,Pão de Açúcar,ipca-sp-1113014,1113014,1.000000000000,8
2026-07-16,2026-07-15,st-marche,St Marché,ipca-sp-1113014,1113014,1.000000000000,6
2026-07-16,2026-07-15,extra-mercado,Extra Mercado,ipca-sp-1113040,1113040,1.035633446214,13
2026-07-16,2026-07-15,pao-de-acucar,Pão de Açúcar,ipca-sp-1113040,1113040,1.000000000000,2
2026-07-16,2026-07-15,st-marche,St Marché,ipca-sp-1113040,1113040,1.053613311467,4
2026-07-16,2026-07-15,extra-mercado,Extra Mercado,ipca-sp-1114001,1114001,1.001081675225,40
2026-07-16,2026-07-15,pao-de-acucar,Pão de Açúcar,ipca-sp-1114001,1114001,1.000000000000,12
2026-07-16,2026-07-15,st-marche,St Marché,ipca-sp-1114001,1114001,1.001795504846,36
2026-07-16,2026-07-15,extra-mercado,Extra Mercado,ipca-sp-1114022,1114022,1.000000000000,54
2026-07-16,2026-07-15,pao-de-acucar,Pão de Açúcar,ipca-sp-1114022,1114022,1.000000000000,24
2026-07-16,2026-07-15,st-marche,St Marché,ipca-sp-1114022,1114022,1.044732300065,9
2026-07-16,2026-07-15,extra-mercado,Extra Mercado,ipca-sp-1114083,1114083,1.014683483646,50
2026-07-16,2026-07-15,st-marche,St Marché,ipca-sp-1114083,1114083,1.002114638788,95
2026-07-16,2026-07-15,extra-mercado,Extra Mercado,ipca-sp-1114084,1114084,1.000095172243,28
2026-07-16,2026-07-15,pao-de-acucar,Pão de Açúcar,ipca-sp-1114084,1114084,0.977257047201,3
2026-07-16,2026-07-15,extra-mercado,Extra Mercado,ipca-sp-1114087,1114087,1.000000000000,14
2026-07-16,2026-07-15,pao-de-acucar,Pão de Açúcar,ipca-sp-1114087,1114087,1.000000000000,142
2026-07-16,2026-07-15,st-marche,St Marché,ipca-sp-1114087,1114087,1.008997848147,239
2026-07-16,2026-07-15,extra-mercado,Extra Mercado,ipca-sp-1114090,1114090,1.000000000000,18
2026-07-16,2026-07-15,st-marche,St Marché,ipca-sp-1114090,1114090,1.000000000000,4
2026-07-16,2026-07-15,extra-mercado,Extra Mercado,ipca-sp-1115016,1115016,1.000000000000,9
2026-07-16,2026-07-15,pao-de-acucar,Pão de Açúcar,ipca-sp-1115016,1115016,1.000000000000,9
2026-07-16,2026-07-15,st-marche,St Marché,ipca-sp-1115016,1115016,1.000000000000,4
2026-07-16,2026-07-15,extra-mercado,Extra Mercado,ipca-sp-1115039,1115039,1.000000000000,4
2026-07-16,2026-07-15,pao-de-acucar,Pão de Açúcar,ipca-sp-1115039,1115039,1.000000000000,2
2026-07-16,2026-07-15,st-marche,St Marché,ipca-sp-1115039,1115039,1.000000000000,1
2026-07-16,2026-07-15,extra-mercado,Extra Mercado,ipca-sp-1115057,1115057,1.000000000000,20
2026-07-16,2026-07-15,pao-de-acucar,Pão de Açúcar,ipca-sp-1115057,1115057,1.000000000000,35
2026-07-16,2026-07-15,st-marche,St Marché,ipca-sp-1115057,1115057,1.000000000000,2
2026-07-16,2026-07-15,extra-mercado,Extra Mercado,ipca-sp-1115058,1115058,1.000000000000,1
2026-07-16,2026-07-15,pao-de-acucar,Pão de Açúcar,ipca-sp-1115058,1115058,1.000000000000,1
2026-07-16,2026-07-15,st-marche,St Marché,ipca-sp-1115058,1115058,1.000000000000,1
2026-07-16,2026-07-15,extra-mercado,Extra Mercado,ipca-sp-1115075,1115075,0.990410912019,12
2026-07-16,2026-07-15,pao-de-acucar,Pão de Açúcar,ipca-sp-1115075,1115075,1.000000000000,3
2026-07-16,2026-07-15,extra-mercado,Extra Mercado,ipca-sp-1116005,1116005,1.012720690015,34
2026-07-16,2026-07-15,pao-de-acucar,Pão de Açúcar,ipca-sp-1116005,1116005,1.000000000000,13
2026-07-16,2026-07-15,st-marche,St Marché,ipca-sp-1116005,1116005,1.000000000000,12
2026-07-16,2026-07-15,extra-mercado,Extra Mercado,ipca-sp-1116010,1116010,1.000000000000,5
2026-07-16,2026-07-15,pao-de-acucar,Pão de Açúcar,ipca-sp-1116010,1116010,1.000000000000,6
2026-07-16,2026-07-15,st-marche,St Marché,ipca-sp-1116010,1116010,1.000000000000,12
2026-07-16,2026-07-15,extra-mercado,Extra Mercado,ipca-sp-1116033,1116033,1.000000000000,16
2026-07-16,2026-07-15,pao-de-acucar,Pão de Açúcar,ipca-sp-1116033,1116033,1.000000000000,6
2026-07-16,2026-07-15,st-marche,St Marché,ipca-sp-1116033,1116033,1.000000000000,3
2026-07-16,2026-07-15,extra-mercado,Extra Mercado,ipca-sp-1116041,1116041,1.000000000000,10
2026-07-16,2026-07-15,pao-de-acucar,Pão de Açúcar,ipca-sp-1116041,1116041,1.029836326598,17
2026-07-16,2026-07-15,st-marche,St Marché,ipca-sp-1116041,1116041,1.000000000000,2
2026-07-16,2026-07-15,extra-mercado,Extra Mercado,ipca-sp-1116071,1116071,1.019856497071,24
2026-07-16,2026-07-15,pao-de-acucar,Pão de Açúcar,ipca-sp-1116071,1116071,1.000000000000,27
2026-07-16,2026-07-15,st-marche,St Marché,ipca-sp-1116071,1116071,1.000000000000,5
2026-07-17,2026-07-16,extra-mercado,Extra Mercado,ipca-sp-1101002,1101002,1.000000000000,24
2026-07-17,2026-07-16,pao-de-acucar,Pão de Açúcar,ipca-sp-1101002,1101002,1.008943137429,27
2026-07-17,2026-07-16,st-marche,St Marché,ipca-sp-1101002,1101002,1.083053380367,4
2026-07-17,2026-07-16,extra-mercado,Extra Mercado,ipca-sp-1101073,1101073,1.000000000000,4
2026-07-17,2026-07-16,extra-mercado,Extra Mercado,ipca-sp-1102006,1102006,1.000000000000,38
2026-07-17,2026-07-16,pao-de-acucar,Pão de Açúcar,ipca-sp-1102006,1102006,1.000000000000,18
2026-07-17,2026-07-16,st-marche,St Marché,ipca-sp-1102006,1102006,1.009442311243,26
2026-07-17,2026-07-16,extra-mercado,Extra Mercado,ipca-sp-1102012,1102012,1.000000000000,4
2026-07-17,2026-07-16,st-marche,St Marché,ipca-sp-1102012,1102012,1.000000000000,3
2026-07-17,2026-07-16,extra-mercado,Extra Mercado,ipca-sp-1102023,1102023,1.000000000000,4
2026-07-17,2026-07-16,st-marche,St Marché,ipca-sp-1102023,1102023,1.000000000000,1
2026-07-17,2026-07-16,extra-mercado,Extra Mercado,ipca-sp-1102029,1102029,1.000000000000,41
2026-07-17,2026-07-16,pao-de-acucar,Pão de Açúcar,ipca-sp-1102029,1102029,1.001488778173,41
2026-07-17,2026-07-16,st-marche,St Marché,ipca-sp-1102029,1102029,0.998182863702,47
2026-07-17,2026-07-16,extra-mercado,Extra Mercado,ipca-sp-1102061,1102061,1.000000000000,28
2026-07-17,2026-07-16,pao-de-acucar,Pão de Açúcar,ipca-sp-1102061,1102061,1.000000000000,2
2026-07-17,2026-07-16,st-marche,St Marché,ipca-sp-1102061,1102061,1.099114690086,5
2026-07-17,2026-07-16,extra-mercado,Extra Mercado,ipca-sp-1103002,1103002,1.000000000000,2
2026-07-17,2026-07-16,st-marche,St Marché,ipca-sp-1103002,1103002,1.000000000000,2
2026-07-17,2026-07-16,extra-mercado,Extra Mercado,ipca-sp-1103003,1103003,0.944734682831,9
2026-07-17,2026-07-16,pao-de-acucar,Pão de Açúcar,ipca-sp-1103003,1103003,1.000000000000,9
2026-07-17,2026-07-16,st-marche,St Marché,ipca-sp-1103003,1103003,1.000000000000,3
2026-07-17,2026-07-16,extra-mercado,Extra Mercado,ipca-sp-1103020,1103020,1.000000000000,2
2026-07-17,2026-07-16,pao-de-acucar,Pão de Açúcar,ipca-sp-1103020,1103020,1.000000000000,1
2026-07-17,2026-07-16,st-marche,St Marché,ipca-sp-1103020,1103020,1.225000319277,2
2026-07-17,2026-07-16,extra-mercado,Extra Mercado,ipca-sp-1103026,1103026,1.000000000000,4
2026-07-17,2026-07-16,pao-de-acucar,Pão de Açúcar,ipca-sp-1103026,1103026,1.000000000000,2
2026-07-17,2026-07-16,st-marche,St Marché,ipca-sp-1103026,1103026,1.000000000000,4
2026-07-17,2026-07-16,extra-mercado,Extra Mercado,ipca-sp-1103028,1103028,1.000000000000,4
2026-07-17,2026-07-16,pao-de-acucar,Pão de Açúcar,ipca-sp-1103028,1103028,1.000000000000,3
2026-07-17,2026-07-16,st-marche,St Marché,ipca-sp-1103028,1103028,1.000000000000,4
2026-07-17,2026-07-16,extra-mercado,Extra Mercado,ipca-sp-1103043,1103043,1.000000000000,2
2026-07-17,2026-07-16,st-marche,St Marché,ipca-sp-1103043,1103043,1.000000000000,9
2026-07-17,2026-07-16,extra-mercado,Extra Mercado,ipca-sp-1103044,1103044,1.000000000000,1
2026-07-17,2026-07-16,st-marche,St Marché,ipca-sp-1103044,1103044,1.000000000000,2
2026-07-17,2026-07-16,extra-mercado,Extra Mercado,ipca-sp-1104003,1104003,1.000000000000,3
2026-07-17,2026-07-16,pao-de-acucar,Pão de Açúcar,ipca-sp-1104003,1104003,1.000000000000,1
2026-07-17,2026-07-16,st-marche,St Marché,ipca-sp-1104003,1104003,1.000000000000,1
2026-07-17,2026-07-16,extra-mercado,Extra Mercado,ipca-sp-1104023,1104023,0.997085878722,112
2026-07-17,2026-07-16,pao-de-acucar,Pão de Açúcar,ipca-sp-1104023,1104023,1.005791697437,70
2026-07-17,2026-07-16,st-marche,St Marché,ipca-sp-1104023,1104023,1.000000000000,20
2026-07-17,2026-07-16,extra-mercado,Extra Mercado,ipca-sp-1104032,1104032,1.000000000000,27
2026-07-17,2026-07-16,pao-de-acucar,Pão de Açúcar,ipca-sp-1104032,1104032,0.999389842439,92
2026-07-17,2026-07-16,st-marche,St Marché,ipca-sp-1104032,1104032,0.995304935280,98
2026-07-17,2026-07-16,extra-mercado,Extra Mercado,ipca-sp-1104052,1104052,1.008958533590,17
2026-07-17,2026-07-16,pao-de-acucar,Pão de Açúcar,ipca-sp-1104052,1104052,1.000000000000,7
2026-07-17,2026-07-16,st-marche,St Marché,ipca-sp-1104052,1104052,1.000000000000,6
2026-07-17,2026-07-16,extra-mercado,Extra Mercado,ipca-sp-1105001,1105001,1.000000000000,1
2026-07-17,2026-07-16,st-marche,St Marché,ipca-sp-1105001,1105001,1.000000000000,7
2026-07-17,2026-07-16,st-marche,St Marché,ipca-sp-1105005,1105005,1.000000000000,1
2026-07-17,2026-07-16,extra-mercado,Extra Mercado,ipca-sp-1105010,1105010,1.000000000000,3
2026-07-17,2026-07-16,st-marche,St Marché,ipca-sp-1105010,1105010,1.000000000000,1
2026-07-17,2026-07-16,extra-mercado,Extra Mercado,ipca-sp-1105012,1105012,1.000000000000,2
2026-07-17,2026-07-16,extra-mercado,Extra Mercado,ipca-sp-1105019,1105019,1.000000000000,2
2026-07-17,2026-07-16,pao-de-acucar,Pão de Açúcar,ipca-sp-1105019,1105019,1.000000000000,1
2026-07-17,2026-07-16,st-marche,St Marché,ipca-sp-1105019,1105019,1.024297226838,7
2026-07-17,2026-07-16,extra-mercado,Extra Mercado,ipca-sp-1106005,1106005,1.000000000000,1
2026-07-17,2026-07-16,st-marche,St Marché,ipca-sp-1106005,1106005,1.000000000000,1
2026-07-17,2026-07-16,extra-mercado,Extra Mercado,ipca-sp-1106008,1106008,0.499284692418,1
2026-07-17,2026-07-16,st-marche,St Marché,ipca-sp-1106008,1106008,1.444938820912,1
2026-07-17,2026-07-16,extra-mercado,Extra Mercado,ipca-sp-1106015,1106015,1.155183171854,2
2026-07-17,2026-07-16,st-marche,St Marché,ipca-sp-1106015,1106015,1.000000000000,2
2026-07-17,2026-07-16,extra-mercado,Extra Mercado,ipca-sp-1106017,1106017,0.962138097591,4
2026-07-17,2026-07-16,st-marche,St Marché,ipca-sp-1106017,1106017,1.000000000000,8
2026-07-17,2026-07-16,extra-mercado,Extra Mercado,ipca-sp-1106018,1106018,1.000000000000,4
2026-07-17,2026-07-16,pao-de-acucar,Pão de Açúcar,ipca-sp-1106018,1106018,1.323183084521,2
2026-07-17,2026-07-16,st-marche,St Marché,ipca-sp-1106018,1106018,1.000000000000,5
2026-07-17,2026-07-16,extra-mercado,Extra Mercado,ipca-sp-1106019,1106019,1.000000000000,1
2026-07-17,2026-07-16,st-marche,St Marché,ipca-sp-1106019,1106019,1.000000000000,7
2026-07-17,2026-07-16,extra-mercado,Extra Mercado,ipca-sp-1106023,1106023,1.000000000000,3
2026-07-17,2026-07-16,st-marche,St Marché,ipca-sp-1106023,1106023,1.000000000000,5
2026-07-17,2026-07-16,extra-mercado,Extra Mercado,ipca-sp-1106027,1106027,1.000000000000,1
2026-07-17,2026-07-16,st-marche,St Marché,ipca-sp-1106027,1106027,1.054539360316,6
2026-07-17,2026-07-16,extra-mercado,Extra Mercado,ipca-sp-1106028,1106028,1.000000000000,3
2026-07-17,2026-07-16,pao-de-acucar,Pão de Açúcar,ipca-sp-1106028,1106028,1.000000000000,1
2026-07-17,2026-07-16,st-marche,St Marché,ipca-sp-1106028,1106028,1.000000000000,9
2026-07-17,2026-07-16,extra-mercado,Extra Mercado,ipca-sp-1106039,1106039,1.000000000000,2
2026-07-17,2026-07-16,pao-de-acucar,Pão de Açúcar,ipca-sp-1106039,1106039,1.000000000000,1
2026-07-17,2026-07-16,st-marche,St Marché,ipca-sp-1106039,1106039,1.000000000000,1
2026-07-17,2026-07-16,extra-mercado,Extra Mercado,ipca-sp-1107018,1107018,0.994925178217,36
2026-07-17,2026-07-16,pao-de-acucar,Pão de Açúcar,ipca-sp-1107018,1107018,1.004884675488,46
2026-07-17,2026-07-16,st-marche,St Marché,ipca-sp-1107018,1107018,1.000000000000,25
2026-07-17,2026-07-16,extra-mercado,Extra Mercado,ipca-sp-1107084,1107084,1.000000000000,4
2026-07-17,2026-07-16,pao-de-acucar,Pão de Açúcar,ipca-sp-1107084,1107084,1.015779072033,12
2026-07-17,2026-07-16,st-marche,St Marché,ipca-sp-1107084,1107084,1.000000000000,3
2026-07-17,2026-07-16,extra-mercado,Extra Mercado,ipca-sp-1107087,1107087,1.000000000000,3
2026-07-17,2026-07-16,pao-de-acucar,Pão de Açúcar,ipca-sp-1107087,1107087,1.000000000000,2
2026-07-17,2026-07-16,st-marche,St Marché,ipca-sp-1107087,1107087,1.000000000000,6
2026-07-17,2026-07-16,extra-mercado,Extra Mercado,ipca-sp-1107088,1107088,1.000000000000,4
2026-07-17,2026-07-16,pao-de-acucar,Pão de Açúcar,ipca-sp-1107088,1107088,1.009746416542,10
2026-07-17,2026-07-16,st-marche,St Marché,ipca-sp-1107088,1107088,1.000000000000,3
2026-07-17,2026-07-16,extra-mercado,Extra Mercado,ipca-sp-1107089,1107089,1.000000000000,4
2026-07-17,2026-07-16,pao-de-acucar,Pão de Açúcar,ipca-sp-1107089,1107089,1.030395136778,1
2026-07-17,2026-07-16,st-marche,St Marché,ipca-sp-1107089,1107089,1.000000000000,6
2026-07-17,2026-07-16,pao-de-acucar,Pão de Açúcar,ipca-sp-1107091,1107091,1.000000000000,4
2026-07-17,2026-07-16,st-marche,St Marché,ipca-sp-1107091,1107091,1.000000000000,3
2026-07-17,2026-07-16,extra-mercado,Extra Mercado,ipca-sp-1107093,1107093,1.000000000000,4
2026-07-17,2026-07-16,pao-de-acucar,Pão de Açúcar,ipca-sp-1107093,1107093,1.132788489974,3
2026-07-17,2026-07-16,st-marche,St Marché,ipca-sp-1107093,1107093,1.000000000000,2
2026-07-17,2026-07-16,extra-mercado,Extra Mercado,ipca-sp-1107094,1107094,1.000000000000,1
2026-07-17,2026-07-16,pao-de-acucar,Pão de Açúcar,ipca-sp-1107094,1107094,1.000000000000,1
2026-07-17,2026-07-16,st-marche,St Marché,ipca-sp-1107094,1107094,1.000000000000,1
2026-07-17,2026-07-16,extra-mercado,Extra Mercado,ipca-sp-1107095,1107095,1.000000000000,2
2026-07-17,2026-07-16,pao-de-acucar,Pão de Açúcar,ipca-sp-1107095,1107095,1.000000000000,4
2026-07-17,2026-07-16,st-marche,St Marché,ipca-sp-1107095,1107095,1.000000000000,3
2026-07-17,2026-07-16,extra-mercado,Extra Mercado,ipca-sp-1107099,1107099,1.000000000000,2
2026-07-17,2026-07-16,pao-de-acucar,Pão de Açúcar,ipca-sp-1107099,1107099,1.000000000000,7
2026-07-17,2026-07-16,st-marche,St Marché,ipca-sp-1107099,1107099,1.000000000000,3
2026-07-17,2026-07-16,extra-mercado,Extra Mercado,ipca-sp-1108031,1108031,1.000000000000,2
2026-07-17,2026-07-16,pao-de-acucar,Pão de Açúcar,ipca-sp-1108031,1108031,1.000000000000,1
2026-07-17,2026-07-16,st-marche,St Marché,ipca-sp-1108031,1108031,1.000000000000,1
2026-07-17,2026-07-16,pao-de-acucar,Pão de Açúcar,ipca-sp-1108038,1108038,1.000000000000,3
2026-07-17,2026-07-16,st-marche,St Marché,ipca-sp-1108038,1108038,1.000000000000,1
2026-07-17,2026-07-16,extra-mercado,Extra Mercado,ipca-sp-1108075,1108075,1.000000000000,2
2026-07-17,2026-07-16,pao-de-acucar,Pão de Açúcar,ipca-sp-1108075,1108075,1.000000000000,33
2026-07-17,2026-07-16,st-marche,St Marché,ipca-sp-1108075,1108075,0.981092358175,7
2026-07-17,2026-07-16,extra-mercado,Extra Mercado,ipca-sp-1108080,1108080,1.000000000000,3
2026-07-17,2026-07-16,pao-de-acucar,Pão de Açúcar,ipca-sp-1108080,1108080,0.959678400941,7
2026-07-17,2026-07-16,st-marche,St Marché,ipca-sp-1108080,1108080,1.000000000000,4
2026-07-17,2026-07-16,extra-mercado,Extra Mercado,ipca-sp-1109002,1109002,1.000000000000,4
2026-07-17,2026-07-16,pao-de-acucar,Pão de Açúcar,ipca-sp-1109002,1109002,1.000000000000,20
2026-07-17,2026-07-16,st-marche,St Marché,ipca-sp-1109002,1109002,1.000000000000,8
2026-07-17,2026-07-16,extra-mercado,Extra Mercado,ipca-sp-1109007,1109007,1.000000000000,8
2026-07-17,2026-07-16,pao-de-acucar,Pão de Açúcar,ipca-sp-1109007,1109007,1.000000000000,10
2026-07-17,2026-07-16,extra-mercado,Extra Mercado,ipca-sp-1109008,1109008,0.980007899188,22
2026-07-17,2026-07-16,pao-de-acucar,Pão de Açúcar,ipca-sp-1109008,1109008,1.000000000000,55
2026-07-17,2026-07-16,st-marche,St Marché,ipca-sp-1109008,1109008,1.004709835616,41
2026-07-17,2026-07-16,extra-mercado,Extra Mercado,ipca-sp-1109010,1109010,1.000000000000,9
2026-07-17,2026-07-16,pao-de-acucar,Pão de Açúcar,ipca-sp-1109010,1109010,1.000000000000,2
2026-07-17,2026-07-16,st-marche,St Marché,ipca-sp-1109010,1109010,1.000000000000,5
2026-07-17,2026-07-16,extra-mercado,Extra Mercado,ipca-sp-1110009,1110009,1.000000000000,3
2026-07-17,2026-07-16,pao-de-acucar,Pão de Açúcar,ipca-sp-1110009,1110009,1.000000000000,5
2026-07-17,2026-07-16,st-marche,St Marché,ipca-sp-1110009,1110009,1.000000000000,1
2026-07-17,2026-07-16,extra-mercado,Extra Mercado,ipca-sp-1110010,1110010,0.995236898388,47
2026-07-17,2026-07-16,pao-de-acucar,Pão de Açúcar,ipca-sp-1110010,1110010,1.009773397483,56
2026-07-17,2026-07-16,st-marche,St Marché,ipca-sp-1110010,1110010,1.000000000000,59
2026-07-17,2026-07-16,extra-mercado,Extra Mercado,ipca-sp-1110044,1110044,0.992769003653,12
2026-07-17,2026-07-16,pao-de-acucar,Pão de Açúcar,ipca-sp-1110044,1110044,1.000000000000,10
2026-07-17,2026-07-16,st-marche,St Marché,ipca-sp-1110044,1110044,1.000000000000,7
2026-07-17,2026-07-16,extra-mercado,Extra Mercado,ipca-sp-1111004,1111004,1.019213447161,12
2026-07-17,2026-07-16,pao-de-acucar,Pão de Açúcar,ipca-sp-1111004,1111004,1.000000000000,1
2026-07-17,2026-07-16,st-marche,St Marché,ipca-sp-1111004,1111004,1.000000000000,17
2026-07-17,2026-07-16,extra-mercado,Extra Mercado,ipca-sp-1111009,1111009,1.000000000000,7
2026-07-17,2026-07-16,pao-de-acucar,Pão de Açúcar,ipca-sp-1111009,1111009,0.995512998961,5
2026-07-17,2026-07-16,st-marche,St Marché,ipca-sp-1111009,1111009,1.000000000000,2
2026-07-17,2026-07-16,extra-mercado,Extra Mercado,ipca-sp-1111011,1111011,0.995419738720,54
2026-07-17,2026-07-16,pao-de-acucar,Pão de Açúcar,ipca-sp-1111011,1111011,1.007459376629,258
2026-07-17,2026-07-16,st-marche,St Marché,ipca-sp-1111011,1111011,0.989005626089,70
2026-07-17,2026-07-16,extra-mercado,Extra Mercado,ipca-sp-1111019,1111019,1.002669897176,203
2026-07-17,2026-07-16,pao-de-acucar,Pão de Açúcar,ipca-sp-1111019,1111019,0.991566349148,34
2026-07-17,2026-07-16,st-marche,St Marché,ipca-sp-1111019,1111019,0.993143554786,105
2026-07-17,2026-07-16,extra-mercado,Extra Mercado,ipca-sp-1111021,1111021,0.990167731197,16
2026-07-17,2026-07-16,pao-de-acucar,Pão de Açúcar,ipca-sp-1111021,1111021,1.000000000000,10
2026-07-17,2026-07-16,st-marche,St Marché,ipca-sp-1111021,1111021,0.994654244736,22
2026-07-17,2026-07-16,extra-mercado,Extra Mercado,ipca-sp-1112003,1112003,1.007691008374,195
2026-07-17,2026-07-16,pao-de-acucar,Pão de Açúcar,ipca-sp-1112003,1112003,1.002743041635,60
2026-07-17,2026-07-16,st-marche,St Marché,ipca-sp-1112003,1112003,1.001425063651,67
2026-07-17,2026-07-16,extra-mercado,Extra Mercado,ipca-sp-1112015,1112015,1.000000000000,3
2026-07-17,2026-07-16,st-marche,St Marché,ipca-sp-1112015,1112015,1.000000000000,5
2026-07-17,2026-07-16,extra-mercado,Extra Mercado,ipca-sp-1112017,1112017,1.000000000000,6
2026-07-17,2026-07-16,st-marche,St Marché,ipca-sp-1112017,1112017,0.986907708766,8
2026-07-17,2026-07-16,extra-mercado,Extra Mercado,ipca-sp-1112018,1112018,0.998184768973,39
2026-07-17,2026-07-16,pao-de-acucar,Pão de Açúcar,ipca-sp-1112018,1112018,1.000000000000,8
2026-07-17,2026-07-16,st-marche,St Marché,ipca-sp-1112018,1112018,1.003368371592,58
2026-07-17,2026-07-16,extra-mercado,Extra Mercado,ipca-sp-1112019,1112019,1.008426530179,64
2026-07-17,2026-07-16,pao-de-acucar,Pão de Açúcar,ipca-sp-1112019,1112019,1.002728661188,21
2026-07-17,2026-07-16,st-marche,St Marché,ipca-sp-1112019,1112019,1.000564239894,108
2026-07-17,2026-07-16,extra-mercado,Extra Mercado,ipca-sp-1113013,1113013,1.000000000000,3
2026-07-17,2026-07-16,st-marche,St Marché,ipca-sp-1113013,1113013,1.000000000000,1
2026-07-17,2026-07-16,extra-mercado,Extra Mercado,ipca-sp-1113014,1113014,1.000000000000,10
2026-07-17,2026-07-16,pao-de-acucar,Pão de Açúcar,ipca-sp-1113014,1113014,1.000000000000,8
2026-07-17,2026-07-16,st-marche,St Marché,ipca-sp-1113014,1113014,0.944464224082,6
2026-07-17,2026-07-16,extra-mercado,Extra Mercado,ipca-sp-1113040,1113040,0.942506441497,13
2026-07-17,2026-07-16,pao-de-acucar,Pão de Açúcar,ipca-sp-1113040,1113040,1.000000000000,2
2026-07-17,2026-07-16,st-marche,St Marché,ipca-sp-1113040,1113040,1.020723660156,4
2026-07-17,2026-07-16,extra-mercado,Extra Mercado,ipca-sp-1114001,1114001,0.989935506504,40
2026-07-17,2026-07-16,pao-de-acucar,Pão de Açúcar,ipca-sp-1114001,1114001,1.000000000000,12
2026-07-17,2026-07-16,st-marche,St Marché,ipca-sp-1114001,1114001,1.000000000000,36
2026-07-17,2026-07-16,extra-mercado,Extra Mercado,ipca-sp-1114022,1114022,1.007984605181,54
2026-07-17,2026-07-16,pao-de-acucar,Pão de Açúcar,ipca-sp-1114022,1114022,1.000000000000,24
2026-07-17,2026-07-16,st-marche,St Marché,ipca-sp-1114022,1114022,0.960973909142,9
2026-07-17,2026-07-16,extra-mercado,Extra Mercado,ipca-sp-1114083,1114083,1.006051290087,50
2026-07-17,2026-07-16,st-marche,St Marché,ipca-sp-1114083,1114083,0.999333961398,95
2026-07-17,2026-07-16,extra-mercado,Extra Mercado,ipca-sp-1114084,1114084,0.990897820596,29
2026-07-17,2026-07-16,pao-de-acucar,Pão de Açúcar,ipca-sp-1114084,1114084,1.000000000000,3
2026-07-17,2026-07-16,extra-mercado,Extra Mercado,ipca-sp-1114087,1114087,0.942082724766,14
2026-07-17,2026-07-16,pao-de-acucar,Pão de Açúcar,ipca-sp-1114087,1114087,0.972897117709,142
2026-07-17,2026-07-16,st-marche,St Marché,ipca-sp-1114087,1114087,1.000000000000,239
2026-07-17,2026-07-16,extra-mercado,Extra Mercado,ipca-sp-1114090,1114090,1.000000000000,18
2026-07-17,2026-07-16,st-marche,St Marché,ipca-sp-1114090,1114090,1.000000000000,4
2026-07-17,2026-07-16,extra-mercado,Extra Mercado,ipca-sp-1115016,1115016,1.000000000000,9
2026-07-17,2026-07-16,pao-de-acucar,Pão de Açúcar,ipca-sp-1115016,1115016,0.978137953022,9
2026-07-17,2026-07-16,st-marche,St Marché,ipca-sp-1115016,1115016,1.000000000000,4
2026-07-17,2026-07-16,extra-mercado,Extra Mercado,ipca-sp-1115039,1115039,1.000000000000,4
2026-07-17,2026-07-16,pao-de-acucar,Pão de Açúcar,ipca-sp-1115039,1115039,1.000000000000,2
2026-07-17,2026-07-16,st-marche,St Marché,ipca-sp-1115039,1115039,1.000000000000,1
2026-07-17,2026-07-16,extra-mercado,Extra Mercado,ipca-sp-1115057,1115057,1.000000000000,20
2026-07-17,2026-07-16,pao-de-acucar,Pão de Açúcar,ipca-sp-1115057,1115057,1.000000000000,35
2026-07-17,2026-07-16,st-marche,St Marché,ipca-sp-1115057,1115057,1.000000000000,2
2026-07-17,2026-07-16,extra-mercado,Extra Mercado,ipca-sp-1115058,1115058,1.000000000000,1
2026-07-17,2026-07-16,pao-de-acucar,Pão de Açúcar,ipca-sp-1115058,1115058,1.000000000000,1
2026-07-17,2026-07-16,st-marche,St Marché,ipca-sp-1115058,1115058,1.000000000000,1
2026-07-17,2026-07-16,extra-mercado,Extra Mercado,ipca-sp-1115075,1115075,1.000000000000,12
2026-07-17,2026-07-16,pao-de-acucar,Pão de Açúcar,ipca-sp-1115075,1115075,1.000000000000,3
2026-07-17,2026-07-16,extra-mercado,Extra Mercado,ipca-sp-1116005,1116005,0.992834408128,34
2026-07-17,2026-07-16,pao-de-acucar,Pão de Açúcar,ipca-sp-1116005,1116005,0.979101222826,13
2026-07-17,2026-07-16,st-marche,St Marché,ipca-sp-1116005,1116005,1.000000000000,12
2026-07-17,2026-07-16,extra-mercado,Extra Mercado,ipca-sp-1116010,1116010,1.000000000000,5
2026-07-17,2026-07-16,pao-de-acucar,Pão de Açúcar,ipca-sp-1116010,1116010,1.000000000000,6
2026-07-17,2026-07-16,st-marche,St Marché,ipca-sp-1116010,1116010,1.000000000000,12
2026-07-17,2026-07-16,extra-mercado,Extra Mercado,ipca-sp-1116033,1116033,0.967918095726,16
2026-07-17,2026-07-16,pao-de-acucar,Pão de Açúcar,ipca-sp-1116033,1116033,1.000000000000,6
2026-07-17,2026-07-16,st-marche,St Marché,ipca-sp-1116033,1116033,1.000000000000,3
2026-07-17,2026-07-16,extra-mercado,Extra Mercado,ipca-sp-1116041,1116041,1.000000000000,10
2026-07-17,2026-07-16,pao-de-acucar,Pão de Açúcar,ipca-sp-1116041,1116041,0.962768311521,17
2026-07-17,2026-07-16,st-marche,St Marché,ipca-sp-1116041,1116041,1.000000000000,2
2026-07-17,2026-07-16,extra-mercado,Extra Mercado,ipca-sp-1116071,1116071,1.000000000000,24
2026-07-17,2026-07-16,pao-de-acucar,Pão de Açúcar,ipca-sp-1116071,1116071,1.000000000000,27
2026-07-17,2026-07-16,st-marche,St Marché,ipca-sp-1116071,1116071,1.000000000000,5
2026-07-18,2026-07-17,carrefour,Carrefour Mercado,ipca-sp-1101002,1101002,1.013548028849,21
2026-07-18,2026-07-17,extra-mercado,Extra Mercado,ipca-sp-1101002,1101002,1.007190268314,24
2026-07-18,2026-07-17,pao-de-acucar,Pão de Açúcar,ipca-sp-1101002,1101002,1.000000000000,27
2026-07-18,2026-07-17,st-marche,St Marché,ipca-sp-1101002,1101002,1.000000000000,4
2026-07-18,2026-07-17,carrefour,Carrefour Mercado,ipca-sp-1101073,1101073,1.099059402475,9
2026-07-18,2026-07-17,extra-mercado,Extra Mercado,ipca-sp-1101073,1101073,1.000000000000,4
2026-07-18,2026-07-17,carrefour,Carrefour Mercado,ipca-sp-1102006,1102006,1.049941222179,46
2026-07-18,2026-07-17,extra-mercado,Extra Mercado,ipca-sp-1102006,1102006,0.991470211472,38
2026-07-18,2026-07-17,pao-de-acucar,Pão de Açúcar,ipca-sp-1102006,1102006,1.000000000000,18
2026-07-18,2026-07-17,st-marche,St Marché,ipca-sp-1102006,1102006,1.000000000000,26
2026-07-18,2026-07-17,carrefour,Carrefour Mercado,ipca-sp-1102012,1102012,1.029266744557,4
2026-07-18,2026-07-17,extra-mercado,Extra Mercado,ipca-sp-1102012,1102012,1.042072472479,4
2026-07-18,2026-07-17,st-marche,St Marché,ipca-sp-1102012,1102012,1.000000000000,3
2026-07-18,2026-07-17,carrefour,Carrefour Mercado,ipca-sp-1102023,1102023,0.999749561702,5
2026-07-18,2026-07-17,extra-mercado,Extra Mercado,ipca-sp-1102023,1102023,1.000000000000,4
2026-07-18,2026-07-17,st-marche,St Marché,ipca-sp-1102023,1102023,1.000000000000,1
2026-07-18,2026-07-17,carrefour,Carrefour Mercado,ipca-sp-1102029,1102029,0.998562928630,24
2026-07-18,2026-07-17,extra-mercado,Extra Mercado,ipca-sp-1102029,1102029,0.997769365183,41
2026-07-18,2026-07-17,pao-de-acucar,Pão de Açúcar,ipca-sp-1102029,1102029,0.982989238623,41
2026-07-18,2026-07-17,st-marche,St Marché,ipca-sp-1102029,1102029,0.999091018728,47
2026-07-18,2026-07-17,carrefour,Carrefour Mercado,ipca-sp-1102061,1102061,1.017040588402,16
2026-07-18,2026-07-17,extra-mercado,Extra Mercado,ipca-sp-1102061,1102061,1.000000000000,28
2026-07-18,2026-07-17,pao-de-acucar,Pão de Açúcar,ipca-sp-1102061,1102061,1.000000000000,2
2026-07-18,2026-07-17,st-marche,St Marché,ipca-sp-1102061,1102061,1.023907568228,5
2026-07-18,2026-07-17,carrefour,Carrefour Mercado,ipca-sp-1103002,1103002,1.000000000000,1
2026-07-18,2026-07-17,extra-mercado,Extra Mercado,ipca-sp-1103002,1103002,1.000000000000,2
2026-07-18,2026-07-17,st-marche,St Marché,ipca-sp-1103002,1103002,1.000000000000,2
2026-07-18,2026-07-17,carrefour,Carrefour Mercado,ipca-sp-1103003,1103003,1.000000000000,8
2026-07-18,2026-07-17,extra-mercado,Extra Mercado,ipca-sp-1103003,1103003,1.045310201289,9
2026-07-18,2026-07-17,pao-de-acucar,Pão de Açúcar,ipca-sp-1103003,1103003,1.000000000000,9
2026-07-18,2026-07-17,st-marche,St Marché,ipca-sp-1103003,1103003,1.000000000000,3
2026-07-18,2026-07-17,carrefour,Carrefour Mercado,ipca-sp-1103020,1103020,1.000000000000,1
2026-07-18,2026-07-17,extra-mercado,Extra Mercado,ipca-sp-1103020,1103020,1.000000000000,2
2026-07-18,2026-07-17,pao-de-acucar,Pão de Açúcar,ipca-sp-1103020,1103020,1.000000000000,1
2026-07-18,2026-07-17,st-marche,St Marché,ipca-sp-1103020,1103020,1.000000000000,2
2026-07-18,2026-07-17,extra-mercado,Extra Mercado,ipca-sp-1103026,1103026,1.000000000000,4
2026-07-18,2026-07-17,pao-de-acucar,Pão de Açúcar,ipca-sp-1103026,1103026,1.000000000000,2
2026-07-18,2026-07-17,st-marche,St Marché,ipca-sp-1103026,1103026,1.000000000000,4
2026-07-18,2026-07-17,carrefour,Carrefour Mercado,ipca-sp-1103028,1103028,0.975472339677,9
2026-07-18,2026-07-17,extra-mercado,Extra Mercado,ipca-sp-1103028,1103028,1.000000000000,4
2026-07-18,2026-07-17,pao-de-acucar,Pão de Açúcar,ipca-sp-1103028,1103028,1.000000000000,3
2026-07-18,2026-07-17,st-marche,St Marché,ipca-sp-1103028,1103028,1.000000000000,4
2026-07-18,2026-07-17,carrefour,Carrefour Mercado,ipca-sp-1103043,1103043,1.000000000000,3
2026-07-18,2026-07-17,extra-mercado,Extra Mercado,ipca-sp-1103043,1103043,1.000000000000,2
2026-07-18,2026-07-17,st-marche,St Marché,ipca-sp-1103043,1103043,1.000000000000,9
2026-07-18,2026-07-17,carrefour,Carrefour Mercado,ipca-sp-1103044,1103044,1.000000000000,2
2026-07-18,2026-07-17,extra-mercado,Extra Mercado,ipca-sp-1103044,1103044,1.000000000000,1
2026-07-18,2026-07-17,st-marche,St Marché,ipca-sp-1103044,1103044,1.000000000000,2
2026-07-18,2026-07-17,carrefour,Carrefour Mercado,ipca-sp-1104003,1104003,1.030462205287,7
2026-07-18,2026-07-17,extra-mercado,Extra Mercado,ipca-sp-1104003,1104003,1.000000000000,3
2026-07-18,2026-07-17,pao-de-acucar,Pão de Açúcar,ipca-sp-1104003,1104003,1.000000000000,1
2026-07-18,2026-07-17,st-marche,St Marché,ipca-sp-1104003,1104003,1.000000000000,1
2026-07-18,2026-07-17,carrefour,Carrefour Mercado,ipca-sp-1104023,1104023,0.949757658433,67
2026-07-18,2026-07-17,extra-mercado,Extra Mercado,ipca-sp-1104023,1104023,0.977762069479,113
2026-07-18,2026-07-17,pao-de-acucar,Pão de Açúcar,ipca-sp-1104023,1104023,1.000000000000,70
2026-07-18,2026-07-17,st-marche,St Marché,ipca-sp-1104023,1104023,1.000000000000,20
2026-07-18,2026-07-17,carrefour,Carrefour Mercado,ipca-sp-1104032,1104032,1.009752769366,23
2026-07-18,2026-07-17,extra-mercado,Extra Mercado,ipca-sp-1104032,1104032,0.901312273537,27
2026-07-18,2026-07-17,pao-de-acucar,Pão de Açúcar,ipca-sp-1104032,1104032,0.980169329424,92
2026-07-18,2026-07-17,st-marche,St Marché,ipca-sp-1104032,1104032,1.000000000000,98
2026-07-18,2026-07-17,carrefour,Carrefour Mercado,ipca-sp-1104052,1104052,0.993968389297,22
2026-07-18,2026-07-17,extra-mercado,Extra Mercado,ipca-sp-1104052,1104052,0.942304003677,18
2026-07-18,2026-07-17,pao-de-acucar,Pão de Açúcar,ipca-sp-1104052,1104052,1.000000000000,7
2026-07-18,2026-07-17,st-marche,St Marché,ipca-sp-1104052,1104052,1.000000000000,6
2026-07-18,2026-07-17,carrefour,Carrefour Mercado,ipca-sp-1105001,1105001,1.000000000000,2
2026-07-18,2026-07-17,extra-mercado,Extra Mercado,ipca-sp-1105001,1105001,1.000000000000,1
2026-07-18,2026-07-17,st-marche,St Marché,ipca-sp-1105001,1105001,1.000000000000,7
2026-07-18,2026-07-17,carrefour,Carrefour Mercado,ipca-sp-1105005,1105005,1.127748589562,2
2026-07-18,2026-07-17,st-marche,St Marché,ipca-sp-1105005,1105005,1.000000000000,1
2026-07-18,2026-07-17,extra-mercado,Extra Mercado,ipca-sp-1105010,1105010,1.000000000000,3
2026-07-18,2026-07-17,st-marche,St Marché,ipca-sp-1105010,1105010,1.000000000000,1
2026-07-18,2026-07-17,carrefour,Carrefour Mercado,ipca-sp-1105012,1105012,0.906842075946,4
2026-07-18,2026-07-17,extra-mercado,Extra Mercado,ipca-sp-1105012,1105012,1.000000000000,2
2026-07-18,2026-07-17,carrefour,Carrefour Mercado,ipca-sp-1105019,1105019,1.000000000000,8
2026-07-18,2026-07-17,extra-mercado,Extra Mercado,ipca-sp-1105019,1105019,1.000000000000,2
2026-07-18,2026-07-17,pao-de-acucar,Pão de Açúcar,ipca-sp-1105019,1105019,1.000000000000,1
2026-07-18,2026-07-17,st-marche,St Marché,ipca-sp-1105019,1105019,1.000000000000,7
2026-07-18,2026-07-17,extra-mercado,Extra Mercado,ipca-sp-1106005,1106005,1.000000000000,1
2026-07-18,2026-07-17,st-marche,St Marché,ipca-sp-1106005,1106005,1.000000000000,1
2026-07-18,2026-07-17,carrefour,Carrefour Mercado,ipca-sp-1106008,1106008,1.000000000000,1
2026-07-18,2026-07-17,extra-mercado,Extra Mercado,ipca-sp-1106008,1106008,2.002865329513,1
2026-07-18,2026-07-17,st-marche,St Marché,ipca-sp-1106008,1106008,1.000000000000,1
2026-07-18,2026-07-17,carrefour,Carrefour Mercado,ipca-sp-1106015,1106015,0.999443207012,3
2026-07-18,2026-07-17,extra-mercado,Extra Mercado,ipca-sp-1106015,1106015,1.000000000000,2
2026-07-18,2026-07-17,st-marche,St Marché,ipca-sp-1106015,1106015,1.000000000000,2
2026-07-18,2026-07-17,carrefour,Carrefour Mercado,ipca-sp-1106017,1106017,1.000000000000,3
2026-07-18,2026-07-17,extra-mercado,Extra Mercado,ipca-sp-1106017,1106017,1.000000000000,4
2026-07-18,2026-07-17,st-marche,St Marché,ipca-sp-1106017,1106017,1.000000000000,8
2026-07-18,2026-07-17,carrefour,Carrefour Mercado,ipca-sp-1106018,1106018,1.119591632957,2
2026-07-18,2026-07-17,extra-mercado,Extra Mercado,ipca-sp-1106018,1106018,1.070814998575,4
2026-07-18,2026-07-17,pao-de-acucar,Pão de Açúcar,ipca-sp-1106018,1106018,0.816326317850,2
2026-07-18,2026-07-17,st-marche,St Marché,ipca-sp-1106018,1106018,1.000000000000,5
2026-07-18,2026-07-17,carrefour,Carrefour Mercado,ipca-sp-1106019,1106019,1.000000000000,2
2026-07-18,2026-07-17,extra-mercado,Extra Mercado,ipca-sp-1106019,1106019,0.777365491651,1
2026-07-18,2026-07-17,st-marche,St Marché,ipca-sp-1106019,1106019,1.000000000000,7
2026-07-18,2026-07-17,carrefour,Carrefour Mercado,ipca-sp-1106023,1106023,1.000000000000,1
2026-07-18,2026-07-17,extra-mercado,Extra Mercado,ipca-sp-1106023,1106023,1.000000000000,3
2026-07-18,2026-07-17,st-marche,St Marché,ipca-sp-1106023,1106023,1.000000000000,5
2026-07-18,2026-07-17,carrefour,Carrefour Mercado,ipca-sp-1106027,1106027,1.000000000000,2
2026-07-18,2026-07-17,extra-mercado,Extra Mercado,ipca-sp-1106027,1106027,1.000000000000,1
2026-07-18,2026-07-17,st-marche,St Marché,ipca-sp-1106027,1106027,1.000000000000,6
2026-07-18,2026-07-17,carrefour,Carrefour Mercado,ipca-sp-1106028,1106028,1.000000000000,1
2026-07-18,2026-07-17,extra-mercado,Extra Mercado,ipca-sp-1106028,1106028,1.000000000000,3
2026-07-18,2026-07-17,pao-de-acucar,Pão de Açúcar,ipca-sp-1106028,1106028,1.000000000000,1
2026-07-18,2026-07-17,st-marche,St Marché,ipca-sp-1106028,1106028,1.000000000000,9
2026-07-18,2026-07-17,carrefour,Carrefour Mercado,ipca-sp-1106039,1106039,1.000000000000,1
2026-07-18,2026-07-17,extra-mercado,Extra Mercado,ipca-sp-1106039,1106039,1.480293484077,2
2026-07-18,2026-07-17,pao-de-acucar,Pão de Açúcar,ipca-sp-1106039,1106039,1.000000000000,1
2026-07-18,2026-07-17,st-marche,St Marché,ipca-sp-1106039,1106039,1.000000000000,1
2026-07-18,2026-07-17,carrefour,Carrefour Mercado,ipca-sp-1107018,1107018,0.984590838809,19
2026-07-18,2026-07-17,extra-mercado,Extra Mercado,ipca-sp-1107018,1107018,1.021756498635,36
2026-07-18,2026-07-17,pao-de-acucar,Pão de Açúcar,ipca-sp-1107018,1107018,0.983754627313,46
2026-07-18,2026-07-17,st-marche,St Marché,ipca-sp-1107018,1107018,1.000000000000,25
2026-07-18,2026-07-17,carrefour,Carrefour Mercado,ipca-sp-1107084,1107084,0.973949522139,4
2026-07-18,2026-07-17,extra-mercado,Extra Mercado,ipca-sp-1107084,1107084,0.918384789112,4
2026-07-18,2026-07-17,pao-de-acucar,Pão de Açúcar,ipca-sp-1107084,1107084,0.918115996334,12
2026-07-18,2026-07-17,st-marche,St Marché,ipca-sp-1107084,1107084,1.000000000000,3
2026-07-18,2026-07-17,carrefour,Carrefour Mercado,ipca-sp-1107087,1107087,0.999937478508,4
2026-07-18,2026-07-17,extra-mercado,Extra Mercado,ipca-sp-1107087,1107087,1.000000000000,3
2026-07-18,2026-07-17,pao-de-acucar,Pão de Açúcar,ipca-sp-1107087,1107087,1.000000000000,2
2026-07-18,2026-07-17,st-marche,St Marché,ipca-sp-1107087,1107087,1.000000000000,6
2026-07-18,2026-07-17,carrefour,Carrefour Mercado,ipca-sp-1107088,1107088,0.904126098059,3
2026-07-18,2026-07-17,extra-mercado,Extra Mercado,ipca-sp-1107088,1107088,0.937660106522,4
2026-07-18,2026-07-17,pao-de-acucar,Pão de Açúcar,ipca-sp-1107088,1107088,1.000000000000,10
2026-07-18,2026-07-17,st-marche,St Marché,ipca-sp-1107088,1107088,1.000000000000,3
2026-07-18,2026-07-17,carrefour,Carrefour Mercado,ipca-sp-1107089,1107089,1.032400878222,3
2026-07-18,2026-07-17,extra-mercado,Extra Mercado,ipca-sp-1107089,1107089,1.000000000000,4
2026-07-18,2026-07-17,pao-de-acucar,Pão de Açúcar,ipca-sp-1107089,1107089,1.088495575221,1
2026-07-18,2026-07-17,st-marche,St Marché,ipca-sp-1107089,1107089,1.000000000000,6
2026-07-18,2026-07-17,carrefour,Carrefour Mercado,ipca-sp-1107091,1107091,0.798773169756,1
2026-07-18,2026-07-17,pao-de-acucar,Pão de Açúcar,ipca-sp-1107091,1107091,1.000000000000,4
2026-07-18,2026-07-17,st-marche,St Marché,ipca-sp-1107091,1107091,1.000000000000,3
2026-07-18,2026-07-17,carrefour,Carrefour Mercado,ipca-sp-1107093,1107093,1.000000000000,1
2026-07-18,2026-07-17,extra-mercado,Extra Mercado,ipca-sp-1107093,1107093,1.000000000000,4
2026-07-18,2026-07-17,pao-de-acucar,Pão de Açúcar,ipca-sp-1107093,1107093,1.000000000000,3
2026-07-18,2026-07-17,st-marche,St Marché,ipca-sp-1107093,1107093,1.000000000000,2
2026-07-18,2026-07-17,carrefour,Carrefour Mercado,ipca-sp-1107094,1107094,1.180764276514,1
2026-07-18,2026-07-17,extra-mercado,Extra Mercado,ipca-sp-1107094,1107094,1.000000000000,1
2026-07-18,2026-07-17,pao-de-acucar,Pão de Açúcar,ipca-sp-1107094,1107094,1.000000000000,1
2026-07-18,2026-07-17,st-marche,St Marché,ipca-sp-1107094,1107094,1.000000000000,1
2026-07-18,2026-07-17,carrefour,Carrefour Mercado,ipca-sp-1107095,1107095,1.007876200629,3
2026-07-18,2026-07-17,extra-mercado,Extra Mercado,ipca-sp-1107095,1107095,1.135501355014,2
2026-07-18,2026-07-17,pao-de-acucar,Pão de Açúcar,ipca-sp-1107095,1107095,1.000000000000,4
2026-07-18,2026-07-17,st-marche,St Marché,ipca-sp-1107095,1107095,1.000000000000,3
2026-07-18,2026-07-17,carrefour,Carrefour Mercado,ipca-sp-1107099,1107099,1.000000000000,2
2026-07-18,2026-07-17,extra-mercado,Extra Mercado,ipca-sp-1107099,1107099,1.000000000000,2
2026-07-18,2026-07-17,pao-de-acucar,Pão de Açúcar,ipca-sp-1107099,1107099,0.952991556568,7
2026-07-18,2026-07-17,st-marche,St Marché,ipca-sp-1107099,1107099,1.000000000000,3
2026-07-18,2026-07-17,carrefour,Carrefour Mercado,ipca-sp-1108031,1108031,0.924450888630,3
2026-07-18,2026-07-17,extra-mercado,Extra Mercado,ipca-sp-1108031,1108031,1.000000000000,2
2026-07-18,2026-07-17,pao-de-acucar,Pão de Açúcar,ipca-sp-1108031,1108031,1.000000000000,1
2026-07-18,2026-07-17,st-marche,St Marché,ipca-sp-1108031,1108031,1.000000000000,1
2026-07-18,2026-07-17,pao-de-acucar,Pão de Açúcar,ipca-sp-1108038,1108038,1.000000000000,3
2026-07-18,2026-07-17,st-marche,St Marché,ipca-sp-1108038,1108038,1.000000000000,1
2026-07-18,2026-07-17,carrefour,Carrefour Mercado,ipca-sp-1108075,1108075,0.996283995690,5
2026-07-18,2026-07-17,extra-mercado,Extra Mercado,ipca-sp-1108075,1108075,1.171534394150,2
2026-07-18,2026-07-17,pao-de-acucar,Pão de Açúcar,ipca-sp-1108075,1108075,1.003116724495,33
2026-07-18,2026-07-17,st-marche,St Marché,ipca-sp-1108075,1108075,1.000000000000,7
2026-07-18,2026-07-17,carrefour,Carrefour Mercado,ipca-sp-1108080,1108080,0.957288267236,5
2026-07-18,2026-07-17,extra-mercado,Extra Mercado,ipca-sp-1108080,1108080,1.000000000000,3
2026-07-18,2026-07-17,pao-de-acucar,Pão de Açúcar,ipca-sp-1108080,1108080,1.000000000000,7
2026-07-18,2026-07-17,st-marche,St Marché,ipca-sp-1108080,1108080,1.000000000000,4
2026-07-18,2026-07-17,carrefour,Carrefour Mercado,ipca-sp-1109002,1109002,1.000000000000,7
2026-07-18,2026-07-17,extra-mercado,Extra Mercado,ipca-sp-1109002,1109002,1.000000000000,4
2026-07-18,2026-07-17,pao-de-acucar,Pão de Açúcar,ipca-sp-1109002,1109002,0.992298393092,20
2026-07-18,2026-07-17,st-marche,St Marché,ipca-sp-1109002,1109002,1.000000000000,8
2026-07-18,2026-07-17,carrefour,Carrefour Mercado,ipca-sp-1109007,1109007,0.728346413292,5
2026-07-18,2026-07-17,extra-mercado,Extra Mercado,ipca-sp-1109007,1109007,1.000000000000,9
2026-07-18,2026-07-17,pao-de-acucar,Pão de Açúcar,ipca-sp-1109007,1109007,1.000000000000,10
2026-07-18,2026-07-17,carrefour,Carrefour Mercado,ipca-sp-1109008,1109008,0.867284460970,13
2026-07-18,2026-07-17,extra-mercado,Extra Mercado,ipca-sp-1109008,1109008,0.995922842476,22
2026-07-18,2026-07-17,pao-de-acucar,Pão de Açúcar,ipca-sp-1109008,1109008,1.000000000000,55
2026-07-18,2026-07-17,st-marche,St Marché,ipca-sp-1109008,1109008,1.000000000000,41
2026-07-18,2026-07-17,carrefour,Carrefour Mercado,ipca-sp-1109010,1109010,1.000000000000,4
2026-07-18,2026-07-17,extra-mercado,Extra Mercado,ipca-sp-1109010,1109010,0.986414674019,9
2026-07-18,2026-07-17,pao-de-acucar,Pão de Açúcar,ipca-sp-1109010,1109010,1.000000000000,2
2026-07-18,2026-07-17,st-marche,St Marché,ipca-sp-1109010,1109010,1.000000000000,5
2026-07-18,2026-07-17,carrefour,Carrefour Mercado,ipca-sp-1110009,1110009,1.000000000000,1
2026-07-18,2026-07-17,extra-mercado,Extra Mercado,ipca-sp-1110009,1110009,1.000000000000,3
2026-07-18,2026-07-17,pao-de-acucar,Pão de Açúcar,ipca-sp-1110009,1110009,1.000000000000,5
2026-07-18,2026-07-17,st-marche,St Marché,ipca-sp-1110009,1110009,1.000000000000,1
2026-07-18,2026-07-17,carrefour,Carrefour Mercado,ipca-sp-1110010,1110010,1.006902913445,37
2026-07-18,2026-07-17,extra-mercado,Extra Mercado,ipca-sp-1110010,1110010,0.991383091996,47
2026-07-18,2026-07-17,pao-de-acucar,Pão de Açúcar,ipca-sp-1110010,1110010,0.985511623418,56
2026-07-18,2026-07-17,st-marche,St Marché,ipca-sp-1110010,1110010,0.997236768191,59
2026-07-18,2026-07-17,carrefour,Carrefour Mercado,ipca-sp-1110044,1110044,1.000000000000,2
2026-07-18,2026-07-17,extra-mercado,Extra Mercado,ipca-sp-1110044,1110044,1.013443017567,12
2026-07-18,2026-07-17,pao-de-acucar,Pão de Açúcar,ipca-sp-1110044,1110044,1.000000000000,10
2026-07-18,2026-07-17,st-marche,St Marché,ipca-sp-1110044,1110044,1.000000000000,7
2026-07-18,2026-07-17,carrefour,Carrefour Mercado,ipca-sp-1111004,1111004,1.000000000000,42
2026-07-18,2026-07-17,extra-mercado,Extra Mercado,ipca-sp-1111004,1111004,0.975386698852,12
2026-07-18,2026-07-17,pao-de-acucar,Pão de Açúcar,ipca-sp-1111004,1111004,1.000000000000,1
2026-07-18,2026-07-17,st-marche,St Marché,ipca-sp-1111004,1111004,1.000000000000,17
2026-07-18,2026-07-17,carrefour,Carrefour Mercado,ipca-sp-1111009,1111009,1.000000000000,15
2026-07-18,2026-07-17,extra-mercado,Extra Mercado,ipca-sp-1111009,1111009,1.000000000000,7
2026-07-18,2026-07-17,pao-de-acucar,Pão de Açúcar,ipca-sp-1111009,1111009,1.000000000000,5
2026-07-18,2026-07-17,st-marche,St Marché,ipca-sp-1111009,1111009,1.000000000000,2
2026-07-18,2026-07-17,carrefour,Carrefour Mercado,ipca-sp-1111011,1111011,1.000000000000,66
2026-07-18,2026-07-17,extra-mercado,Extra Mercado,ipca-sp-1111011,1111011,1.004415861343,54
2026-07-18,2026-07-17,pao-de-acucar,Pão de Açúcar,ipca-sp-1111011,1111011,1.001439072468,258
2026-07-18,2026-07-17,st-marche,St Marché,ipca-sp-1111011,1111011,0.995095856474,70
2026-07-18,2026-07-17,carrefour,Carrefour Mercado,ipca-sp-1111019,1111019,1.003875323455,158
2026-07-18,2026-07-17,extra-mercado,Extra Mercado,ipca-sp-1111019,1111019,0.997916769010,203
2026-07-18,2026-07-17,pao-de-acucar,Pão de Açúcar,ipca-sp-1111019,1111019,1.000000000000,34
2026-07-18,2026-07-17,st-marche,St Marché,ipca-sp-1111019,1111019,0.994987485237,105
2026-07-18,2026-07-17,carrefour,Carrefour Mercado,ipca-sp-1111021,1111021,1.000000000000,41
2026-07-18,2026-07-17,extra-mercado,Extra Mercado,ipca-sp-1111021,1111021,0.990167731197,16
2026-07-18,2026-07-17,pao-de-acucar,Pão de Açúcar,ipca-sp-1111021,1111021,1.000000000000,10
2026-07-18,2026-07-17,st-marche,St Marché,ipca-sp-1111021,1111021,1.000000000000,22
2026-07-18,2026-07-17,carrefour,Carrefour Mercado,ipca-sp-1112003,1112003,1.015971428790,122
2026-07-18,2026-07-17,extra-mercado,Extra Mercado,ipca-sp-1112003,1112003,0.982492371117,196
2026-07-18,2026-07-17,pao-de-acucar,Pão de Açúcar,ipca-sp-1112003,1112003,1.000000000000,60
2026-07-18,2026-07-17,st-marche,St Marché,ipca-sp-1112003,1112003,1.000057602093,67
2026-07-18,2026-07-17,carrefour,Carrefour Mercado,ipca-sp-1112015,1112015,1.000000000000,5
2026-07-18,2026-07-17,extra-mercado,Extra Mercado,ipca-sp-1112015,1112015,1.000000000000,3
2026-07-18,2026-07-17,st-marche,St Marché,ipca-sp-1112015,1112015,1.000000000000,5
2026-07-18,2026-07-17,carrefour,Carrefour Mercado,ipca-sp-1112017,1112017,1.000000000000,4
2026-07-18,2026-07-17,extra-mercado,Extra Mercado,ipca-sp-1112017,1112017,1.000000000000,6
2026-07-18,2026-07-17,st-marche,St Marché,ipca-sp-1112017,1112017,1.000000000000,8
2026-07-18,2026-07-17,carrefour,Carrefour Mercado,ipca-sp-1112018,1112018,1.000000000000,61
2026-07-18,2026-07-17,extra-mercado,Extra Mercado,ipca-sp-1112018,1112018,1.002573840567,39
2026-07-18,2026-07-17,pao-de-acucar,Pão de Açúcar,ipca-sp-1112018,1112018,1.000000000000,8
2026-07-18,2026-07-17,st-marche,St Marché,ipca-sp-1112018,1112018,1.001375262672,61
2026-07-18,2026-07-17,carrefour,Carrefour Mercado,ipca-sp-1112019,1112019,0.998927034797,34
2026-07-18,2026-07-17,extra-mercado,Extra Mercado,ipca-sp-1112019,1112019,1.001010228097,64
2026-07-18,2026-07-17,pao-de-acucar,Pão de Açúcar,ipca-sp-1112019,1112019,1.000000000000,21
2026-07-18,2026-07-17,st-marche,St Marché,ipca-sp-1112019,1112019,1.000000000000,112
2026-07-18,2026-07-17,carrefour,Carrefour Mercado,ipca-sp-1113013,1113013,1.024938342329,5
2026-07-18,2026-07-17,extra-mercado,Extra Mercado,ipca-sp-1113013,1113013,1.000000000000,3
2026-07-18,2026-07-17,st-marche,St Marché,ipca-sp-1113013,1113013,1.000000000000,1
2026-07-18,2026-07-17,carrefour,Carrefour Mercado,ipca-sp-1113014,1113014,1.085239230484,15
2026-07-18,2026-07-17,extra-mercado,Extra Mercado,ipca-sp-1113014,1113014,1.000000000000,10
2026-07-18,2026-07-17,pao-de-acucar,Pão de Açúcar,ipca-sp-1113014,1113014,1.000000000000,8
2026-07-18,2026-07-17,st-marche,St Marché,ipca-sp-1113014,1113014,0.965548596774,6
2026-07-18,2026-07-17,carrefour,Carrefour Mercado,ipca-sp-1113040,1113040,1.000000000000,17
2026-07-18,2026-07-17,extra-mercado,Extra Mercado,ipca-sp-1113040,1113040,0.982962664250,13
2026-07-18,2026-07-17,pao-de-acucar,Pão de Açúcar,ipca-sp-1113040,1113040,1.000000000000,2
2026-07-18,2026-07-17,st-marche,St Marché,ipca-sp-1113040,1113040,1.000000000000,4
2026-07-18,2026-07-17,carrefour,Carrefour Mercado,ipca-sp-1114001,1114001,1.000000000000,92
2026-07-18,2026-07-17,extra-mercado,Extra Mercado,ipca-sp-1114001,1114001,1.000000000000,40
2026-07-18,2026-07-17,pao-de-acucar,Pão de Açúcar,ipca-sp-1114001,1114001,1.000000000000,12
2026-07-18,2026-07-17,st-marche,St Marché,ipca-sp-1114001,1114001,1.000000000000,36
2026-07-18,2026-07-17,carrefour,Carrefour Mercado,ipca-sp-1114022,1114022,1.053570839847,47
2026-07-18,2026-07-17,extra-mercado,Extra Mercado,ipca-sp-1114022,1114022,0.961105897723,54
2026-07-18,2026-07-17,pao-de-acucar,Pão de Açúcar,ipca-sp-1114022,1114022,0.972776455098,25
2026-07-18,2026-07-17,st-marche,St Marché,ipca-sp-1114022,1114022,1.000000000000,9
2026-07-18,2026-07-17,carrefour,Carrefour Mercado,ipca-sp-1114083,1114083,1.022513229724,112
2026-07-18,2026-07-17,extra-mercado,Extra Mercado,ipca-sp-1114083,1114083,0.996337931789,50
2026-07-18,2026-07-17,st-marche,St Marché,ipca-sp-1114083,1114083,1.001059770030,95
2026-07-18,2026-07-17,carrefour,Carrefour Mercado,ipca-sp-1114084,1114084,1.010770187601,39
2026-07-18,2026-07-17,extra-mercado,Extra Mercado,ipca-sp-1114084,1114084,0.985793714058,29
2026-07-18,2026-07-17,pao-de-acucar,Pão de Açúcar,ipca-sp-1114084,1114084,1.000000000000,3
2026-07-18,2026-07-17,carrefour,Carrefour Mercado,ipca-sp-1114087,1114087,1.000000000000,20
2026-07-18,2026-07-17,extra-mercado,Extra Mercado,ipca-sp-1114087,1114087,0.937898567175,14
2026-07-18,2026-07-17,pao-de-acucar,Pão de Açúcar,ipca-sp-1114087,1114087,1.000000000000,142
2026-07-18,2026-07-17,st-marche,St Marché,ipca-sp-1114087,1114087,1.000000000000,239
2026-07-18,2026-07-17,carrefour,Carrefour Mercado,ipca-sp-1114090,1114090,1.000000000000,20
2026-07-18,2026-07-17,extra-mercado,Extra Mercado,ipca-sp-1114090,1114090,1.000000000000,18
2026-07-18,2026-07-17,st-marche,St Marché,ipca-sp-1114090,1114090,1.000000000000,4
2026-07-18,2026-07-17,carrefour,Carrefour Mercado,ipca-sp-1115016,1115016,1.042521457901,4
2026-07-18,2026-07-17,extra-mercado,Extra Mercado,ipca-sp-1115016,1115016,0.978137953022,9
2026-07-18,2026-07-17,pao-de-acucar,Pão de Açúcar,ipca-sp-1115016,1115016,1.000000000000,9
2026-07-18,2026-07-17,st-marche,St Marché,ipca-sp-1115016,1115016,1.000000000000,4
2026-07-18,2026-07-17,carrefour,Carrefour Mercado,ipca-sp-1115039,1115039,1.000000000000,6
2026-07-18,2026-07-17,extra-mercado,Extra Mercado,ipca-sp-1115039,1115039,0.945662682100,4
2026-07-18,2026-07-17,pao-de-acucar,Pão de Açúcar,ipca-sp-1115039,1115039,1.000000000000,2
2026-07-18,2026-07-17,st-marche,St Marché,ipca-sp-1115039,1115039,1.000000000000,1
2026-07-18,2026-07-17,carrefour,Carrefour Mercado,ipca-sp-1115057,1115057,1.030221453192,11
2026-07-18,2026-07-17,extra-mercado,Extra Mercado,ipca-sp-1115057,1115057,1.000000000000,20
2026-07-18,2026-07-17,pao-de-acucar,Pão de Açúcar,ipca-sp-1115057,1115057,1.000000000000,35
2026-07-18,2026-07-17,st-marche,St Marché,ipca-sp-1115057,1115057,1.000000000000,2
2026-07-18,2026-07-17,carrefour,Carrefour Mercado,ipca-sp-1115058,1115058,1.000000000000,4
2026-07-18,2026-07-17,extra-mercado,Extra Mercado,ipca-sp-1115058,1115058,1.000000000000,1
2026-07-18,2026-07-17,pao-de-acucar,Pão de Açúcar,ipca-sp-1115058,1115058,1.000000000000,1
2026-07-18,2026-07-17,st-marche,St Marché,ipca-sp-1115058,1115058,1.000000000000,1
2026-07-18,2026-07-17,carrefour,Carrefour Mercado,ipca-sp-1115075,1115075,1.005023266230,13
2026-07-18,2026-07-17,extra-mercado,Extra Mercado,ipca-sp-1115075,1115075,1.001728756224,12
2026-07-18,2026-07-17,pao-de-acucar,Pão de Açúcar,ipca-sp-1115075,1115075,1.000000000000,3
2026-07-18,2026-07-17,carrefour,Carrefour Mercado,ipca-sp-1116005,1116005,0.993198562543,36
2026-07-18,2026-07-17,extra-mercado,Extra Mercado,ipca-sp-1116005,1116005,0.974189402501,34
2026-07-18,2026-07-17,pao-de-acucar,Pão de Açúcar,ipca-sp-1116005,1116005,1.000000000000,13
2026-07-18,2026-07-17,st-marche,St Marché,ipca-sp-1116005,1116005,1.000000000000,12
2026-07-18,2026-07-17,carrefour,Carrefour Mercado,ipca-sp-1116010,1116010,1.000000000000,4
2026-07-18,2026-07-17,extra-mercado,Extra Mercado,ipca-sp-1116010,1116010,1.000000000000,5
2026-07-18,2026-07-17,pao-de-acucar,Pão de Açúcar,ipca-sp-1116010,1116010,1.000000000000,6
2026-07-18,2026-07-17,st-marche,St Marché,ipca-sp-1116010,1116010,1.000000000000,12
2026-07-18,2026-07-17,carrefour,Carrefour Mercado,ipca-sp-1116033,1116033,1.010281313311,14
2026-07-18,2026-07-17,extra-mercado,Extra Mercado,ipca-sp-1116033,1116033,1.000000000000,16
2026-07-18,2026-07-17,pao-de-acucar,Pão de Açúcar,ipca-sp-1116033,1116033,1.000000000000,6
2026-07-18,2026-07-17,st-marche,St Marché,ipca-sp-1116033,1116033,1.000000000000,3
2026-07-18,2026-07-17,carrefour,Carrefour Mercado,ipca-sp-1116041,1116041,0.942012422263,7
2026-07-18,2026-07-17,extra-mercado,Extra Mercado,ipca-sp-1116041,1116041,1.000000000000,10
2026-07-18,2026-07-17,pao-de-acucar,Pão de Açúcar,ipca-sp-1116041,1116041,1.000000000000,17
2026-07-18,2026-07-17,st-marche,St Marché,ipca-sp-1116041,1116041,1.000000000000,2
2026-07-18,2026-07-17,carrefour,Carrefour Mercado,ipca-sp-1116071,1116071,1.000000000000,15
2026-07-18,2026-07-17,extra-mercado,Extra Mercado,ipca-sp-1116071,1116071,1.000000000000,24
2026-07-18,2026-07-17,pao-de-acucar,Pão de Açúcar,ipca-sp-1116071,1116071,1.000000000000,27
2026-07-18,2026-07-17,st-marche,St Marché,ipca-sp-1116071,1116071,1.000000000000,5
2026-07-19,2026-07-18,carrefour,Carrefour Mercado,ipca-sp-1101002,1101002,1.000000000000,21
2026-07-19,2026-07-18,extra-mercado,Extra Mercado,ipca-sp-1101002,1101002,1.000000000000,24
2026-07-19,2026-07-18,pao-de-acucar,Pão de Açúcar,ipca-sp-1101002,1101002,1.000000000000,27
2026-07-19,2026-07-18,st-marche,St Marché,ipca-sp-1101002,1101002,1.000000000000,4
2026-07-19,2026-07-18,carrefour,Carrefour Mercado,ipca-sp-1101073,1101073,1.000000000000,9
2026-07-19,2026-07-18,extra-mercado,Extra Mercado,ipca-sp-1101073,1101073,1.000000000000,4
2026-07-19,2026-07-18,carrefour,Carrefour Mercado,ipca-sp-1102006,1102006,1.000000000000,46
2026-07-19,2026-07-18,extra-mercado,Extra Mercado,ipca-sp-1102006,1102006,0.997071662956,37
2026-07-19,2026-07-18,pao-de-acucar,Pão de Açúcar,ipca-sp-1102006,1102006,1.000000000000,18
2026-07-19,2026-07-18,st-marche,St Marché,ipca-sp-1102006,1102006,1.000000000000,27
2026-07-19,2026-07-18,carrefour,Carrefour Mercado,ipca-sp-1102012,1102012,1.000000000000,5
2026-07-19,2026-07-18,extra-mercado,Extra Mercado,ipca-sp-1102012,1102012,1.000000000000,4
2026-07-19,2026-07-18,st-marche,St Marché,ipca-sp-1102012,1102012,1.000000000000,3
2026-07-19,2026-07-18,carrefour,Carrefour Mercado,ipca-sp-1102023,1102023,1.000000000000,5
2026-07-19,2026-07-18,extra-mercado,Extra Mercado,ipca-sp-1102023,1102023,1.000000000000,4
2026-07-19,2026-07-18,st-marche,St Marché,ipca-sp-1102023,1102023,1.000000000000,1
2026-07-19,2026-07-18,carrefour,Carrefour Mercado,ipca-sp-1102029,1102029,1.000000000000,18
2026-07-19,2026-07-18,extra-mercado,Extra Mercado,ipca-sp-1102029,1102029,0.998851463915,40
2026-07-19,2026-07-18,pao-de-acucar,Pão de Açúcar,ipca-sp-1102029,1102029,1.000000000000,38
2026-07-19,2026-07-18,st-marche,St Marché,ipca-sp-1102029,1102029,1.000000000000,51
2026-07-19,2026-07-18,carrefour,Carrefour Mercado,ipca-sp-1102061,1102061,1.000000000000,13
2026-07-19,2026-07-18,extra-mercado,Extra Mercado,ipca-sp-1102061,1102061,1.000000000000,28
2026-07-19,2026-07-18,pao-de-acucar,Pão de Açúcar,ipca-sp-1102061,1102061,1.000000000000,2
2026-07-19,2026-07-18,st-marche,St Marché,ipca-sp-1102061,1102061,1.000000000000,5
2026-07-19,2026-07-18,carrefour,Carrefour Mercado,ipca-sp-1103002,1103002,1.000000000000,1
2026-07-19,2026-07-18,extra-mercado,Extra Mercado,ipca-sp-1103002,1103002,1.000000000000,2
2026-07-19,2026-07-18,st-marche,St Marché,ipca-sp-1103002,1103002,1.000000000000,2
2026-07-19,2026-07-18,carrefour,Carrefour Mercado,ipca-sp-1103003,1103003,0.964137752719,6
2026-07-19,2026-07-18,extra-mercado,Extra Mercado,ipca-sp-1103003,1103003,1.058460444178,9
2026-07-19,2026-07-18,pao-de-acucar,Pão de Açúcar,ipca-sp-1103003,1103003,1.000000000000,8
2026-07-19,2026-07-18,st-marche,St Marché,ipca-sp-1103003,1103003,1.000000000000,3
2026-07-19,2026-07-18,carrefour,Carrefour Mercado,ipca-sp-1103020,1103020,1.000000000000,1
2026-07-19,2026-07-18,extra-mercado,Extra Mercado,ipca-sp-1103020,1103020,1.155001830110,2
2026-07-19,2026-07-18,pao-de-acucar,Pão de Açúcar,ipca-sp-1103020,1103020,1.000000000000,1
2026-07-19,2026-07-18,st-marche,St Marché,ipca-sp-1103020,1103020,1.000000000000,2
2026-07-19,2026-07-18,carrefour,Carrefour Mercado,ipca-sp-1103026,1103026,1.000000000000,1
2026-07-19,2026-07-18,extra-mercado,Extra Mercado,ipca-sp-1103026,1103026,1.000000000000,4
2026-07-19,2026-07-18,pao-de-acucar,Pão de Açúcar,ipca-sp-1103026,1103026,1.000000000000,2
2026-07-19,2026-07-18,st-marche,St Marché,ipca-sp-1103026,1103026,1.000000000000,4
2026-07-19,2026-07-18,carrefour,Carrefour Mercado,ipca-sp-1103028,1103028,1.000000000000,9
2026-07-19,2026-07-18,extra-mercado,Extra Mercado,ipca-sp-1103028,1103028,1.000000000000,4
2026-07-19,2026-07-18,pao-de-acucar,Pão de Açúcar,ipca-sp-1103028,1103028,1.000000000000,3
2026-07-19,2026-07-18,st-marche,St Marché,ipca-sp-1103028,1103028,1.000000000000,4
2026-07-19,2026-07-18,carrefour,Carrefour Mercado,ipca-sp-1103043,1103043,1.000000000000,4
2026-07-19,2026-07-18,extra-mercado,Extra Mercado,ipca-sp-1103043,1103043,1.000000000000,2
2026-07-19,2026-07-18,st-marche,St Marché,ipca-sp-1103043,1103043,1.000000000000,9
2026-07-19,2026-07-18,carrefour,Carrefour Mercado,ipca-sp-1103044,1103044,1.000000000000,2
2026-07-19,2026-07-18,extra-mercado,Extra Mercado,ipca-sp-1103044,1103044,1.000000000000,1
2026-07-19,2026-07-18,st-marche,St Marché,ipca-sp-1103044,1103044,1.000000000000,2
2026-07-19,2026-07-18,carrefour,Carrefour Mercado,ipca-sp-1104003,1104003,1.000000000000,7
2026-07-19,2026-07-18,extra-mercado,Extra Mercado,ipca-sp-1104003,1104003,1.000000000000,3
2026-07-19,2026-07-18,pao-de-acucar,Pão de Açúcar,ipca-sp-1104003,1104003,1.000000000000,1
2026-07-19,2026-07-18,st-marche,St Marché,ipca-sp-1104003,1104003,1.000000000000,1
2026-07-19,2026-07-18,carrefour,Carrefour Mercado,ipca-sp-1104023,1104023,1.000000000000,67
2026-07-19,2026-07-18,extra-mercado,Extra Mercado,ipca-sp-1104023,1104023,0.996345189135,113
2026-07-19,2026-07-18,pao-de-acucar,Pão de Açúcar,ipca-sp-1104023,1104023,0.994540607056,70
2026-07-19,2026-07-18,st-marche,St Marché,ipca-sp-1104023,1104023,1.000000000000,20
2026-07-19,2026-07-18,carrefour,Carrefour Mercado,ipca-sp-1104032,1104032,1.000000000000,17
2026-07-19,2026-07-18,extra-mercado,Extra Mercado,ipca-sp-1104032,1104032,0.983654594189,26
2026-07-19,2026-07-18,pao-de-acucar,Pão de Açúcar,ipca-sp-1104032,1104032,1.001620401499,90
2026-07-19,2026-07-18,st-marche,St Marché,ipca-sp-1104032,1104032,1.000000000000,96
2026-07-19,2026-07-18,carrefour,Carrefour Mercado,ipca-sp-1104052,1104052,1.000000000000,19
2026-07-19,2026-07-18,extra-mercado,Extra Mercado,ipca-sp-1104052,1104052,1.018044118649,18
2026-07-19,2026-07-18,pao-de-acucar,Pão de Açúcar,ipca-sp-1104052,1104052,1.000000000000,7
2026-07-19,2026-07-18,st-marche,St Marché,ipca-sp-1104052,1104052,1.000000000000,6
2026-07-19,2026-07-18,carrefour,Carrefour Mercado,ipca-sp-1105001,1105001,1.000000000000,6
2026-07-19,2026-07-18,extra-mercado,Extra Mercado,ipca-sp-1105001,1105001,1.000000000000,1
2026-07-19,2026-07-18,st-marche,St Marché,ipca-sp-1105001,1105001,1.000000000000,7
2026-07-19,2026-07-18,carrefour,Carrefour Mercado,ipca-sp-1105005,1105005,1.000000000000,2
2026-07-19,2026-07-18,st-marche,St Marché,ipca-sp-1105005,1105005,1.000000000000,1
2026-07-19,2026-07-18,carrefour,Carrefour Mercado,ipca-sp-1105010,1105010,1.000000000000,1
2026-07-19,2026-07-18,extra-mercado,Extra Mercado,ipca-sp-1105010,1105010,1.260505700118,3
2026-07-19,2026-07-18,st-marche,St Marché,ipca-sp-1105010,1105010,1.000000000000,1
2026-07-19,2026-07-18,carrefour,Carrefour Mercado,ipca-sp-1105012,1105012,1.000000000000,5
2026-07-19,2026-07-18,extra-mercado,Extra Mercado,ipca-sp-1105012,1105012,1.000000000000,1
2026-07-19,2026-07-18,carrefour,Carrefour Mercado,ipca-sp-1105019,1105019,1.000000000000,9
2026-07-19,2026-07-18,extra-mercado,Extra Mercado,ipca-sp-1105019,1105019,1.000000000000,2
2026-07-19,2026-07-18,pao-de-acucar,Pão de Açúcar,ipca-sp-1105019,1105019,1.000000000000,1
2026-07-19,2026-07-18,st-marche,St Marché,ipca-sp-1105019,1105019,1.000000000000,7
2026-07-19,2026-07-18,extra-mercado,Extra Mercado,ipca-sp-1106005,1106005,1.000000000000,1
2026-07-19,2026-07-18,carrefour,Carrefour Mercado,ipca-sp-1106008,1106008,1.000000000000,1
2026-07-19,2026-07-18,extra-mercado,Extra Mercado,ipca-sp-1106008,1106008,1.000000000000,1
2026-07-19,2026-07-18,st-marche,St Marché,ipca-sp-1106008,1106008,1.000000000000,1
2026-07-19,2026-07-18,carrefour,Carrefour Mercado,ipca-sp-1106015,1106015,1.000000000000,3
2026-07-19,2026-07-18,extra-mercado,Extra Mercado,ipca-sp-1106015,1106015,1.000000000000,2
2026-07-19,2026-07-18,st-marche,St Marché,ipca-sp-1106015,1106015,1.000000000000,2
2026-07-19,2026-07-18,carrefour,Carrefour Mercado,ipca-sp-1106017,1106017,1.000000000000,4
2026-07-19,2026-07-18,extra-mercado,Extra Mercado,ipca-sp-1106017,1106017,1.000000000000,4
2026-07-19,2026-07-18,st-marche,St Marché,ipca-sp-1106017,1106017,1.000000000000,8
2026-07-19,2026-07-18,carrefour,Carrefour Mercado,ipca-sp-1106018,1106018,1.000000000000,2
2026-07-19,2026-07-18,extra-mercado,Extra Mercado,ipca-sp-1106018,1106018,1.000000000000,4
2026-07-19,2026-07-18,pao-de-acucar,Pão de Açúcar,ipca-sp-1106018,1106018,1.000000000000,2
2026-07-19,2026-07-18,st-marche,St Marché,ipca-sp-1106018,1106018,1.000000000000,4
2026-07-19,2026-07-18,carrefour,Carrefour Mercado,ipca-sp-1106019,1106019,1.000000000000,2
2026-07-19,2026-07-18,extra-mercado,Extra Mercado,ipca-sp-1106019,1106019,1.000000000000,1
2026-07-19,2026-07-18,st-marche,St Marché,ipca-sp-1106019,1106019,1.000000000000,7
2026-07-19,2026-07-18,carrefour,Carrefour Mercado,ipca-sp-1106023,1106023,1.000000000000,1
2026-07-19,2026-07-18,extra-mercado,Extra Mercado,ipca-sp-1106023,1106023,1.000000000000,3
2026-07-19,2026-07-18,st-marche,St Marché,ipca-sp-1106023,1106023,1.000000000000,4
2026-07-19,2026-07-18,carrefour,Carrefour Mercado,ipca-sp-1106027,1106027,1.000000000000,3
2026-07-19,2026-07-18,extra-mercado,Extra Mercado,ipca-sp-1106027,1106027,1.000000000000,1
2026-07-19,2026-07-18,st-marche,St Marché,ipca-sp-1106027,1106027,1.000000000000,6
2026-07-19,2026-07-18,carrefour,Carrefour Mercado,ipca-sp-1106028,1106028,1.000000000000,2
2026-07-19,2026-07-18,extra-mercado,Extra Mercado,ipca-sp-1106028,1106028,1.193647144797,3
2026-07-19,2026-07-18,pao-de-acucar,Pão de Açúcar,ipca-sp-1106028,1106028,1.000000000000,1
2026-07-19,2026-07-18,st-marche,St Marché,ipca-sp-1106028,1106028,1.000000000000,9
2026-07-19,2026-07-18,carrefour,Carrefour Mercado,ipca-sp-1106039,1106039,1.000000000000,1
2026-07-19,2026-07-18,extra-mercado,Extra Mercado,ipca-sp-1106039,1106039,1.000000000000,2
2026-07-19,2026-07-18,pao-de-acucar,Pão de Açúcar,ipca-sp-1106039,1106039,1.000000000000,1
2026-07-19,2026-07-18,carrefour,Carrefour Mercado,ipca-sp-1107018,1107018,1.000000000000,20
2026-07-19,2026-07-18,extra-mercado,Extra Mercado,ipca-sp-1107018,1107018,1.007530611012,36
2026-07-19,2026-07-18,pao-de-acucar,Pão de Açúcar,ipca-sp-1107018,1107018,1.000000000000,46
2026-07-19,2026-07-18,st-marche,St Marché,ipca-sp-1107018,1107018,1.000000000000,25
2026-07-19,2026-07-18,carrefour,Carrefour Mercado,ipca-sp-1107084,1107084,0.992420346468,5
2026-07-19,2026-07-18,extra-mercado,Extra Mercado,ipca-sp-1107084,1107084,1.000000000000,4
2026-07-19,2026-07-18,pao-de-acucar,Pão de Açúcar,ipca-sp-1107084,1107084,1.023493585826,12
2026-07-19,2026-07-18,st-marche,St Marché,ipca-sp-1107084,1107084,1.000000000000,3
2026-07-19,2026-07-18,carrefour,Carrefour Mercado,ipca-sp-1107087,1107087,1.000000000000,4
2026-07-19,2026-07-18,extra-mercado,Extra Mercado,ipca-sp-1107087,1107087,1.000000000000,3
2026-07-19,2026-07-18,pao-de-acucar,Pão de Açúcar,ipca-sp-1107087,1107087,1.000000000000,2
2026-07-19,2026-07-18,st-marche,St Marché,ipca-sp-1107087,1107087,1.000000000000,6
2026-07-19,2026-07-18,carrefour,Carrefour Mercado,ipca-sp-1107088,1107088,1.000000000000,3
2026-07-19,2026-07-18,extra-mercado,Extra Mercado,ipca-sp-1107088,1107088,1.000000000000,4
2026-07-19,2026-07-18,pao-de-acucar,Pão de Açúcar,ipca-sp-1107088,1107088,1.000000000000,10
2026-07-19,2026-07-18,st-marche,St Marché,ipca-sp-1107088,1107088,1.000000000000,3
2026-07-19,2026-07-18,carrefour,Carrefour Mercado,ipca-sp-1107089,1107089,1.000000000000,5
2026-07-19,2026-07-18,extra-mercado,Extra Mercado,ipca-sp-1107089,1107089,1.000000000000,4
2026-07-19,2026-07-18,pao-de-acucar,Pão de Açúcar,ipca-sp-1107089,1107089,1.000000000000,1
2026-07-19,2026-07-18,st-marche,St Marché,ipca-sp-1107089,1107089,1.000000000000,6
2026-07-19,2026-07-18,carrefour,Carrefour Mercado,ipca-sp-1107091,1107091,1.000000000000,1
2026-07-19,2026-07-18,pao-de-acucar,Pão de Açúcar,ipca-sp-1107091,1107091,1.000000000000,4
2026-07-19,2026-07-18,st-marche,St Marché,ipca-sp-1107091,1107091,1.000000000000,3
2026-07-19,2026-07-18,carrefour,Carrefour Mercado,ipca-sp-1107093,1107093,1.000000000000,1
2026-07-19,2026-07-18,extra-mercado,Extra Mercado,ipca-sp-1107093,1107093,1.000000000000,4
2026-07-19,2026-07-18,pao-de-acucar,Pão de Açúcar,ipca-sp-1107093,1107093,1.000000000000,3
2026-07-19,2026-07-18,st-marche,St Marché,ipca-sp-1107093,1107093,1.000000000000,2
2026-07-19,2026-07-18,carrefour,Carrefour Mercado,ipca-sp-1107094,1107094,1.000000000000,1
2026-07-19,2026-07-18,extra-mercado,Extra Mercado,ipca-sp-1107094,1107094,1.000000000000,1
2026-07-19,2026-07-18,pao-de-acucar,Pão de Açúcar,ipca-sp-1107094,1107094,1.000000000000,1
2026-07-19,2026-07-18,st-marche,St Marché,ipca-sp-1107094,1107094,1.000000000000,1
2026-07-19,2026-07-18,carrefour,Carrefour Mercado,ipca-sp-1107095,1107095,1.000000000000,4
2026-07-19,2026-07-18,extra-mercado,Extra Mercado,ipca-sp-1107095,1107095,1.000000000000,2
2026-07-19,2026-07-18,pao-de-acucar,Pão de Açúcar,ipca-sp-1107095,1107095,1.000000000000,4
2026-07-19,2026-07-18,st-marche,St Marché,ipca-sp-1107095,1107095,1.000000000000,3
2026-07-19,2026-07-18,carrefour,Carrefour Mercado,ipca-sp-1107099,1107099,1.000000000000,2
2026-07-19,2026-07-18,extra-mercado,Extra Mercado,ipca-sp-1107099,1107099,1.000000000000,2
2026-07-19,2026-07-18,pao-de-acucar,Pão de Açúcar,ipca-sp-1107099,1107099,1.000000000000,7
2026-07-19,2026-07-18,st-marche,St Marché,ipca-sp-1107099,1107099,1.000000000000,3
2026-07-19,2026-07-18,carrefour,Carrefour Mercado,ipca-sp-1108031,1108031,1.000000000000,3
2026-07-19,2026-07-18,extra-mercado,Extra Mercado,ipca-sp-1108031,1108031,1.000000000000,2
2026-07-19,2026-07-18,pao-de-acucar,Pão de Açúcar,ipca-sp-1108031,1108031,1.000000000000,1
2026-07-19,2026-07-18,st-marche,St Marché,ipca-sp-1108031,1108031,1.000000000000,1
2026-07-19,2026-07-18,pao-de-acucar,Pão de Açúcar,ipca-sp-1108038,1108038,1.000000000000,3
2026-07-19,2026-07-18,st-marche,St Marché,ipca-sp-1108038,1108038,1.000000000000,1
2026-07-19,2026-07-18,carrefour,Carrefour Mercado,ipca-sp-1108075,1108075,1.000000000000,5
2026-07-19,2026-07-18,extra-mercado,Extra Mercado,ipca-sp-1108075,1108075,1.000000000000,2
2026-07-19,2026-07-18,pao-de-acucar,Pão de Açúcar,ipca-sp-1108075,1108075,0.976009646812,33
2026-07-19,2026-07-18,st-marche,St Marché,ipca-sp-1108075,1108075,1.000000000000,7
2026-07-19,2026-07-18,carrefour,Carrefour Mercado,ipca-sp-1108080,1108080,1.000000000000,5
2026-07-19,2026-07-18,extra-mercado,Extra Mercado,ipca-sp-1108080,1108080,1.000000000000,3
2026-07-19,2026-07-18,pao-de-acucar,Pão de Açúcar,ipca-sp-1108080,1108080,1.000000000000,7
2026-07-19,2026-07-18,st-marche,St Marché,ipca-sp-1108080,1108080,1.000000000000,4
2026-07-19,2026-07-18,carrefour,Carrefour Mercado,ipca-sp-1109002,1109002,1.000000000000,7
2026-07-19,2026-07-18,extra-mercado,Extra Mercado,ipca-sp-1109002,1109002,1.000000000000,4
2026-07-19,2026-07-18,pao-de-acucar,Pão de Açúcar,ipca-sp-1109002,1109002,1.000000000000,20
2026-07-19,2026-07-18,st-marche,St Marché,ipca-sp-1109002,1109002,1.000000000000,8
2026-07-19,2026-07-18,carrefour,Carrefour Mercado,ipca-sp-1109007,1109007,1.000000000000,6
2026-07-19,2026-07-18,extra-mercado,Extra Mercado,ipca-sp-1109007,1109007,1.000000000000,9
2026-07-19,2026-07-18,pao-de-acucar,Pão de Açúcar,ipca-sp-1109007,1109007,1.000000000000,10
2026-07-19,2026-07-18,carrefour,Carrefour Mercado,ipca-sp-1109008,1109008,1.000000000000,13
2026-07-19,2026-07-18,extra-mercado,Extra Mercado,ipca-sp-1109008,1109008,1.000000000000,22
2026-07-19,2026-07-18,pao-de-acucar,Pão de Açúcar,ipca-sp-1109008,1109008,1.000000000000,54
2026-07-19,2026-07-18,st-marche,St Marché,ipca-sp-1109008,1109008,1.000000000000,40
2026-07-19,2026-07-18,carrefour,Carrefour Mercado,ipca-sp-1109010,1109010,1.000000000000,4
2026-07-19,2026-07-18,extra-mercado,Extra Mercado,ipca-sp-1109010,1109010,1.000000000000,9
2026-07-19,2026-07-18,pao-de-acucar,Pão de Açúcar,ipca-sp-1109010,1109010,0.925264885270,2
2026-07-19,2026-07-18,st-marche,St Marché,ipca-sp-1109010,1109010,1.000000000000,5
2026-07-19,2026-07-18,carrefour,Carrefour Mercado,ipca-sp-1110009,1110009,1.000000000000,1
2026-07-19,2026-07-18,extra-mercado,Extra Mercado,ipca-sp-1110009,1110009,1.000000000000,3
2026-07-19,2026-07-18,pao-de-acucar,Pão de Açúcar,ipca-sp-1110009,1110009,1.000000000000,5
2026-07-19,2026-07-18,st-marche,St Marché,ipca-sp-1110009,1110009,1.000000000000,1
2026-07-19,2026-07-18,carrefour,Carrefour Mercado,ipca-sp-1110010,1110010,1.007405994598,42
2026-07-19,2026-07-18,extra-mercado,Extra Mercado,ipca-sp-1110010,1110010,0.997649011936,45
2026-07-19,2026-07-18,pao-de-acucar,Pão de Açúcar,ipca-sp-1110010,1110010,0.996404943389,56
2026-07-19,2026-07-18,st-marche,St Marché,ipca-sp-1110010,1110010,1.000000000000,58
2026-07-19,2026-07-18,carrefour,Carrefour Mercado,ipca-sp-1110044,1110044,0.969617161819,5
2026-07-19,2026-07-18,extra-mercado,Extra Mercado,ipca-sp-1110044,1110044,1.000000000000,12
2026-07-19,2026-07-18,pao-de-acucar,Pão de Açúcar,ipca-sp-1110044,1110044,1.000000000000,10
2026-07-19,2026-07-18,st-marche,St Marché,ipca-sp-1110044,1110044,1.000000000000,7
2026-07-19,2026-07-18,carrefour,Carrefour Mercado,ipca-sp-1111004,1111004,1.023373946874,41
2026-07-19,2026-07-18,extra-mercado,Extra Mercado,ipca-sp-1111004,1111004,0.971782712002,12
2026-07-19,2026-07-18,pao-de-acucar,Pão de Açúcar,ipca-sp-1111004,1111004,1.000000000000,1
2026-07-19,2026-07-18,st-marche,St Marché,ipca-sp-1111004,1111004,1.000000000000,17
2026-07-19,2026-07-18,carrefour,Carrefour Mercado,ipca-sp-1111009,1111009,1.024097625476,15
2026-07-19,2026-07-18,extra-mercado,Extra Mercado,ipca-sp-1111009,1111009,1.000000000000,7
2026-07-19,2026-07-18,pao-de-acucar,Pão de Açúcar,ipca-sp-1111009,1111009,1.000000000000,5
2026-07-19,2026-07-18,st-marche,St Marché,ipca-sp-1111009,1111009,1.000000000000,2
2026-07-19,2026-07-18,carrefour,Carrefour Mercado,ipca-sp-1111011,1111011,0.996592307592,66
2026-07-19,2026-07-18,extra-mercado,Extra Mercado,ipca-sp-1111011,1111011,1.000000000000,54
2026-07-19,2026-07-18,pao-de-acucar,Pão de Açúcar,ipca-sp-1111011,1111011,1.000624779706,257
2026-07-19,2026-07-18,st-marche,St Marché,ipca-sp-1111011,1111011,0.982229097985,70
2026-07-19,2026-07-18,carrefour,Carrefour Mercado,ipca-sp-1111019,1111019,0.997658503087,154
2026-07-19,2026-07-18,extra-mercado,Extra Mercado,ipca-sp-1111019,1111019,0.998963689675,197
2026-07-19,2026-07-18,pao-de-acucar,Pão de Açúcar,ipca-sp-1111019,1111019,1.000000000000,34
2026-07-19,2026-07-18,st-marche,St Marché,ipca-sp-1111019,1111019,0.998366945047,103
2026-07-19,2026-07-18,carrefour,Carrefour Mercado,ipca-sp-1111021,1111021,0.991949902991,41
2026-07-19,2026-07-18,extra-mercado,Extra Mercado,ipca-sp-1111021,1111021,1.000000000000,17
2026-07-19,2026-07-18,pao-de-acucar,Pão de Açúcar,ipca-sp-1111021,1111021,1.000000000000,10
2026-07-19,2026-07-18,st-marche,St Marché,ipca-sp-1111021,1111021,1.000000000000,22
2026-07-19,2026-07-18,carrefour,Carrefour Mercado,ipca-sp-1112003,1112003,1.001189396813,118
2026-07-19,2026-07-18,extra-mercado,Extra Mercado,ipca-sp-1112003,1112003,0.993094234656,196
2026-07-19,2026-07-18,pao-de-acucar,Pão de Açúcar,ipca-sp-1112003,1112003,1.000000000000,59
2026-07-19,2026-07-18,st-marche,St Marché,ipca-sp-1112003,1112003,1.000000000000,67
2026-07-19,2026-07-18,carrefour,Carrefour Mercado,ipca-sp-1112015,1112015,1.000000000000,4
2026-07-19,2026-07-18,extra-mercado,Extra Mercado,ipca-sp-1112015,1112015,1.000000000000,3
2026-07-19,2026-07-18,st-marche,St Marché,ipca-sp-1112015,1112015,1.000000000000,5
2026-07-19,2026-07-18,carrefour,Carrefour Mercado,ipca-sp-1112017,1112017,1.000000000000,4
2026-07-19,2026-07-18,extra-mercado,Extra Mercado,ipca-sp-1112017,1112017,1.000000000000,6
2026-07-19,2026-07-18,st-marche,St Marché,ipca-sp-1112017,1112017,1.000000000000,8
2026-07-19,2026-07-18,carrefour,Carrefour Mercado,ipca-sp-1112018,1112018,0.990575444144,58
2026-07-19,2026-07-18,extra-mercado,Extra Mercado,ipca-sp-1112018,1112018,0.990479648207,31
2026-07-19,2026-07-18,pao-de-acucar,Pão de Açúcar,ipca-sp-1112018,1112018,1.000000000000,8
2026-07-19,2026-07-18,st-marche,St Marché,ipca-sp-1112018,1112018,1.000000000000,61
2026-07-19,2026-07-18,carrefour,Carrefour Mercado,ipca-sp-1112019,1112019,1.033459743474,32
2026-07-19,2026-07-18,extra-mercado,Extra Mercado,ipca-sp-1112019,1112019,1.000000000000,60
2026-07-19,2026-07-18,pao-de-acucar,Pão de Açúcar,ipca-sp-1112019,1112019,1.000000000000,21
2026-07-19,2026-07-18,st-marche,St Marché,ipca-sp-1112019,1112019,1.000000000000,113
2026-07-19,2026-07-18,carrefour,Carrefour Mercado,ipca-sp-1113013,1113013,1.000000000000,6
2026-07-19,2026-07-18,extra-mercado,Extra Mercado,ipca-sp-1113013,1113013,1.000000000000,3
2026-07-19,2026-07-18,st-marche,St Marché,ipca-sp-1113013,1113013,1.000000000000,1
2026-07-19,2026-07-18,carrefour,Carrefour Mercado,ipca-sp-1113014,1113014,1.013614260420,14
2026-07-19,2026-07-18,extra-mercado,Extra Mercado,ipca-sp-1113014,1113014,1.000000000000,10
2026-07-19,2026-07-18,pao-de-acucar,Pão de Açúcar,ipca-sp-1113014,1113014,1.000000000000,8
2026-07-19,2026-07-18,st-marche,St Marché,ipca-sp-1113014,1113014,0.953113074240,6
2026-07-19,2026-07-18,carrefour,Carrefour Mercado,ipca-sp-1113040,1113040,1.000000000000,17
2026-07-19,2026-07-18,extra-mercado,Extra Mercado,ipca-sp-1113040,1113040,0.982328874601,13
2026-07-19,2026-07-18,pao-de-acucar,Pão de Açúcar,ipca-sp-1113040,1113040,1.000000000000,2
2026-07-19,2026-07-18,st-marche,St Marché,ipca-sp-1113040,1113040,1.000000000000,4
2026-07-19,2026-07-18,carrefour,Carrefour Mercado,ipca-sp-1114001,1114001,1.000000000000,90
2026-07-19,2026-07-18,extra-mercado,Extra Mercado,ipca-sp-1114001,1114001,1.000000000000,41
2026-07-19,2026-07-18,pao-de-acucar,Pão de Açúcar,ipca-sp-1114001,1114001,1.000000000000,12
2026-07-19,2026-07-18,st-marche,St Marché,ipca-sp-1114001,1114001,1.000000000000,36
2026-07-19,2026-07-18,carrefour,Carrefour Mercado,ipca-sp-1114022,1114022,0.983930697521,41
2026-07-19,2026-07-18,extra-mercado,Extra Mercado,ipca-sp-1114022,1114022,0.997352545075,54
2026-07-19,2026-07-18,pao-de-acucar,Pão de Açúcar,ipca-sp-1114022,1114022,1.000000000000,25
2026-07-19,2026-07-18,st-marche,St Marché,ipca-sp-1114022,1114022,1.044732300065,9
2026-07-19,2026-07-18,carrefour,Carrefour Mercado,ipca-sp-1114083,1114083,1.000000000000,110
2026-07-19,2026-07-18,extra-mercado,Extra Mercado,ipca-sp-1114083,1114083,1.000000000000,50
2026-07-19,2026-07-18,st-marche,St Marché,ipca-sp-1114083,1114083,1.000000000000,95
2026-07-19,2026-07-18,carrefour,Carrefour Mercado,ipca-sp-1114084,1114084,1.000000000000,39
2026-07-19,2026-07-18,extra-mercado,Extra Mercado,ipca-sp-1114084,1114084,1.025544885542,29
2026-07-19,2026-07-18,pao-de-acucar,Pão de Açúcar,ipca-sp-1114084,1114084,1.116878017972,3
2026-07-19,2026-07-18,carrefour,Carrefour Mercado,ipca-sp-1114087,1114087,1.000000000000,19
2026-07-19,2026-07-18,extra-mercado,Extra Mercado,ipca-sp-1114087,1114087,1.000000000000,14
2026-07-19,2026-07-18,pao-de-acucar,Pão de Açúcar,ipca-sp-1114087,1114087,0.957198091918,142
2026-07-19,2026-07-18,st-marche,St Marché,ipca-sp-1114087,1114087,1.000000000000,238
2026-07-19,2026-07-18,carrefour,Carrefour Mercado,ipca-sp-1114090,1114090,1.000000000000,20
2026-07-19,2026-07-18,extra-mercado,Extra Mercado,ipca-sp-1114090,1114090,1.000000000000,18
2026-07-19,2026-07-18,st-marche,St Marché,ipca-sp-1114090,1114090,1.000000000000,4
2026-07-19,2026-07-18,carrefour,Carrefour Mercado,ipca-sp-1115016,1115016,1.000000000000,4
2026-07-19,2026-07-18,extra-mercado,Extra Mercado,ipca-sp-1115016,1115016,1.000000000000,9
2026-07-19,2026-07-18,pao-de-acucar,Pão de Açúcar,ipca-sp-1115016,1115016,1.000000000000,8
2026-07-19,2026-07-18,st-marche,St Marché,ipca-sp-1115016,1115016,0.952366920052,4
2026-07-19,2026-07-18,carrefour,Carrefour Mercado,ipca-sp-1115039,1115039,1.000000000000,5
2026-07-19,2026-07-18,extra-mercado,Extra Mercado,ipca-sp-1115039,1115039,1.022029942351,4
2026-07-19,2026-07-18,pao-de-acucar,Pão de Açúcar,ipca-sp-1115039,1115039,1.265148450025,2
2026-07-19,2026-07-18,st-marche,St Marché,ipca-sp-1115039,1115039,1.000000000000,1
2026-07-19,2026-07-18,carrefour,Carrefour Mercado,ipca-sp-1115057,1115057,1.000000000000,11
2026-07-19,2026-07-18,extra-mercado,Extra Mercado,ipca-sp-1115057,1115057,1.000000000000,20
2026-07-19,2026-07-18,pao-de-acucar,Pão de Açúcar,ipca-sp-1115057,1115057,1.000000000000,35
2026-07-19,2026-07-18,st-marche,St Marché,ipca-sp-1115057,1115057,1.000000000000,2
2026-07-19,2026-07-18,carrefour,Carrefour Mercado,ipca-sp-1115058,1115058,1.000000000000,3
2026-07-19,2026-07-18,extra-mercado,Extra Mercado,ipca-sp-1115058,1115058,1.000000000000,1
2026-07-19,2026-07-18,pao-de-acucar,Pão de Açúcar,ipca-sp-1115058,1115058,1.000000000000,1
2026-07-19,2026-07-18,st-marche,St Marché,ipca-sp-1115058,1115058,1.000000000000,1
2026-07-19,2026-07-18,carrefour,Carrefour Mercado,ipca-sp-1115075,1115075,1.000000000000,14
2026-07-19,2026-07-18,extra-mercado,Extra Mercado,ipca-sp-1115075,1115075,1.000000000000,12
2026-07-19,2026-07-18,pao-de-acucar,Pão de Açúcar,ipca-sp-1115075,1115075,1.000000000000,3
2026-07-19,2026-07-18,carrefour,Carrefour Mercado,ipca-sp-1116005,1116005,1.000000000000,34
2026-07-19,2026-07-18,extra-mercado,Extra Mercado,ipca-sp-1116005,1116005,0.987439093384,34
2026-07-19,2026-07-18,pao-de-acucar,Pão de Açúcar,ipca-sp-1116005,1116005,1.000000000000,13
2026-07-19,2026-07-18,st-marche,St Marché,ipca-sp-1116005,1116005,1.000000000000,13
2026-07-19,2026-07-18,carrefour,Carrefour Mercado,ipca-sp-1116010,1116010,1.000000000000,4
2026-07-19,2026-07-18,extra-mercado,Extra Mercado,ipca-sp-1116010,1116010,1.000000000000,5
2026-07-19,2026-07-18,pao-de-acucar,Pão de Açúcar,ipca-sp-1116010,1116010,1.000000000000,6
2026-07-19,2026-07-18,st-marche,St Marché,ipca-sp-1116010,1116010,1.000000000000,12
2026-07-19,2026-07-18,carrefour,Carrefour Mercado,ipca-sp-1116033,1116033,1.000000000000,13
2026-07-19,2026-07-18,extra-mercado,Extra Mercado,ipca-sp-1116033,1116033,0.920652957919,16
2026-07-19,2026-07-18,pao-de-acucar,Pão de Açúcar,ipca-sp-1116033,1116033,1.000000000000,6
2026-07-19,2026-07-18,st-marche,St Marché,ipca-sp-1116033,1116033,1.000000000000,3
2026-07-19,2026-07-18,carrefour,Carrefour Mercado,ipca-sp-1116041,1116041,1.000000000000,7
2026-07-19,2026-07-18,extra-mercado,Extra Mercado,ipca-sp-1116041,1116041,1.000000000000,10
2026-07-19,2026-07-18,pao-de-acucar,Pão de Açúcar,ipca-sp-1116041,1116041,1.000000000000,15
2026-07-19,2026-07-18,st-marche,St Marché,ipca-sp-1116041,1116041,1.000000000000,2
2026-07-19,2026-07-18,carrefour,Carrefour Mercado,ipca-sp-1116071,1116071,1.148323739975,15
2026-07-19,2026-07-18,extra-mercado,Extra Mercado,ipca-sp-1116071,1116071,1.000000000000,25
2026-07-19,2026-07-18,pao-de-acucar,Pão de Açúcar,ipca-sp-1116071,1116071,1.000000000000,27
2026-07-19,2026-07-18,st-marche,St Marché,ipca-sp-1116071,1116071,1.000000000000,5
2026-07-20,2026-07-19,carrefour,Carrefour Mercado,ipca-sp-1101002,1101002,1.000000000000,21
2026-07-20,2026-07-19,extra-mercado,Extra Mercado,ipca-sp-1101002,1101002,1.000000000000,24
2026-07-20,2026-07-19,pao-de-acucar,Pão de Açúcar,ipca-sp-1101002,1101002,1.000000000000,26
2026-07-20,2026-07-19,st-marche,St Marché,ipca-sp-1101002,1101002,1.000000000000,4
2026-07-20,2026-07-19,carrefour,Carrefour Mercado,ipca-sp-1101073,1101073,1.000000000000,9
2026-07-20,2026-07-19,extra-mercado,Extra Mercado,ipca-sp-1101073,1101073,1.000000000000,4
2026-07-20,2026-07-19,carrefour,Carrefour Mercado,ipca-sp-1102006,1102006,1.000000000000,46
2026-07-20,2026-07-19,extra-mercado,Extra Mercado,ipca-sp-1102006,1102006,1.011799604558,37
2026-07-20,2026-07-19,pao-de-acucar,Pão de Açúcar,ipca-sp-1102006,1102006,1.000000000000,17
2026-07-20,2026-07-19,st-marche,St Marché,ipca-sp-1102006,1102006,1.000000000000,27
2026-07-20,2026-07-19,carrefour,Carrefour Mercado,ipca-sp-1102012,1102012,1.000000000000,5
2026-07-20,2026-07-19,extra-mercado,Extra Mercado,ipca-sp-1102012,1102012,1.000000000000,4
2026-07-20,2026-07-19,st-marche,St Marché,ipca-sp-1102012,1102012,1.000000000000,3
2026-07-20,2026-07-19,carrefour,Carrefour Mercado,ipca-sp-1102023,1102023,1.000000000000,5
2026-07-20,2026-07-19,extra-mercado,Extra Mercado,ipca-sp-1102023,1102023,1.000000000000,4
2026-07-20,2026-07-19,st-marche,St Marché,ipca-sp-1102023,1102023,1.000000000000,1
2026-07-20,2026-07-19,carrefour,Carrefour Mercado,ipca-sp-1102029,1102029,1.000000000000,18
2026-07-20,2026-07-19,extra-mercado,Extra Mercado,ipca-sp-1102029,1102029,1.000000000000,39
2026-07-20,2026-07-19,pao-de-acucar,Pão de Açúcar,ipca-sp-1102029,1102029,1.009388074105,39
2026-07-20,2026-07-19,st-marche,St Marché,ipca-sp-1102029,1102029,1.000000000000,52
2026-07-20,2026-07-19,carrefour,Carrefour Mercado,ipca-sp-1102061,1102061,1.000000000000,13
2026-07-20,2026-07-19,extra-mercado,Extra Mercado,ipca-sp-1102061,1102061,1.000000000000,28
2026-07-20,2026-07-19,pao-de-acucar,Pão de Açúcar,ipca-sp-1102061,1102061,1.000000000000,2
2026-07-20,2026-07-19,st-marche,St Marché,ipca-sp-1102061,1102061,1.000000000000,5
2026-07-20,2026-07-19,carrefour,Carrefour Mercado,ipca-sp-1103002,1103002,1.000000000000,1
2026-07-20,2026-07-19,extra-mercado,Extra Mercado,ipca-sp-1103002,1103002,1.000000000000,2
2026-07-20,2026-07-19,st-marche,St Marché,ipca-sp-1103002,1103002,1.000000000000,2
2026-07-20,2026-07-19,carrefour,Carrefour Mercado,ipca-sp-1103003,1103003,1.016167304465,6
2026-07-20,2026-07-19,extra-mercado,Extra Mercado,ipca-sp-1103003,1103003,1.012616388616,9
2026-07-20,2026-07-19,pao-de-acucar,Pão de Açúcar,ipca-sp-1103003,1103003,1.000000000000,8
2026-07-20,2026-07-19,st-marche,St Marché,ipca-sp-1103003,1103003,1.000000000000,3
2026-07-20,2026-07-19,carrefour,Carrefour Mercado,ipca-sp-1103020,1103020,1.000000000000,1
2026-07-20,2026-07-19,extra-mercado,Extra Mercado,ipca-sp-1103020,1103020,1.000000000000,2
2026-07-20,2026-07-19,pao-de-acucar,Pão de Açúcar,ipca-sp-1103020,1103020,1.000000000000,1
2026-07-20,2026-07-19,st-marche,St Marché,ipca-sp-1103020,1103020,1.000000000000,2
2026-07-20,2026-07-19,carrefour,Carrefour Mercado,ipca-sp-1103026,1103026,1.000000000000,1
2026-07-20,2026-07-19,extra-mercado,Extra Mercado,ipca-sp-1103026,1103026,1.000000000000,4
2026-07-20,2026-07-19,pao-de-acucar,Pão de Açúcar,ipca-sp-1103026,1103026,1.000000000000,2
2026-07-20,2026-07-19,st-marche,St Marché,ipca-sp-1103026,1103026,1.000000000000,4
2026-07-20,2026-07-19,carrefour,Carrefour Mercado,ipca-sp-1103028,1103028,1.000000000000,9
2026-07-20,2026-07-19,extra-mercado,Extra Mercado,ipca-sp-1103028,1103028,1.000000000000,4
2026-07-20,2026-07-19,pao-de-acucar,Pão de Açúcar,ipca-sp-1103028,1103028,1.000000000000,3
2026-07-20,2026-07-19,st-marche,St Marché,ipca-sp-1103028,1103028,1.000000000000,4
2026-07-20,2026-07-19,carrefour,Carrefour Mercado,ipca-sp-1103043,1103043,1.000000000000,4
2026-07-20,2026-07-19,extra-mercado,Extra Mercado,ipca-sp-1103043,1103043,1.000000000000,2
2026-07-20,2026-07-19,st-marche,St Marché,ipca-sp-1103043,1103043,1.000000000000,9
2026-07-20,2026-07-19,carrefour,Carrefour Mercado,ipca-sp-1103044,1103044,1.000000000000,2
2026-07-20,2026-07-19,extra-mercado,Extra Mercado,ipca-sp-1103044,1103044,1.000000000000,1
2026-07-20,2026-07-19,st-marche,St Marché,ipca-sp-1103044,1103044,1.000000000000,1
2026-07-20,2026-07-19,carrefour,Carrefour Mercado,ipca-sp-1104003,1104003,1.000000000000,7
2026-07-20,2026-07-19,extra-mercado,Extra Mercado,ipca-sp-1104003,1104003,1.000000000000,3
2026-07-20,2026-07-19,pao-de-acucar,Pão de Açúcar,ipca-sp-1104003,1104003,1.000000000000,1
2026-07-20,2026-07-19,st-marche,St Marché,ipca-sp-1104003,1104003,1.000000000000,1
2026-07-20,2026-07-19,carrefour,Carrefour Mercado,ipca-sp-1104023,1104023,0.994695764268,67
2026-07-20,2026-07-19,extra-mercado,Extra Mercado,ipca-sp-1104023,1104023,1.025931196733,113
2026-07-20,2026-07-19,pao-de-acucar,Pão de Açúcar,ipca-sp-1104023,1104023,1.000000000000,70
2026-07-20,2026-07-19,st-marche,St Marché,ipca-sp-1104023,1104023,0.960128039655,20
2026-07-20,2026-07-19,carrefour,Carrefour Mercado,ipca-sp-1104032,1104032,1.000000000000,17
2026-07-20,2026-07-19,extra-mercado,Extra Mercado,ipca-sp-1104032,1104032,1.000000000000,25
2026-07-20,2026-07-19,pao-de-acucar,Pão de Açúcar,ipca-sp-1104032,1104032,1.005099981021,88
2026-07-20,2026-07-19,st-marche,St Marché,ipca-sp-1104032,1104032,1.000000000000,96
2026-07-20,2026-07-19,carrefour,Carrefour Mercado,ipca-sp-1104052,1104052,1.000000000000,19
2026-07-20,2026-07-19,extra-mercado,Extra Mercado,ipca-sp-1104052,1104052,1.020392870733,18
2026-07-20,2026-07-19,pao-de-acucar,Pão de Açúcar,ipca-sp-1104052,1104052,1.000000000000,7
2026-07-20,2026-07-19,st-marche,St Marché,ipca-sp-1104052,1104052,1.000000000000,6
2026-07-20,2026-07-19,carrefour,Carrefour Mercado,ipca-sp-1105001,1105001,1.000000000000,6
2026-07-20,2026-07-19,extra-mercado,Extra Mercado,ipca-sp-1105001,1105001,1.000000000000,1
2026-07-20,2026-07-19,st-marche,St Marché,ipca-sp-1105001,1105001,1.000000000000,8
2026-07-20,2026-07-19,carrefour,Carrefour Mercado,ipca-sp-1105005,1105005,1.000000000000,2
2026-07-20,2026-07-19,st-marche,St Marché,ipca-sp-1105005,1105005,1.000000000000,1
2026-07-20,2026-07-19,carrefour,Carrefour Mercado,ipca-sp-1105010,1105010,1.000000000000,1
2026-07-20,2026-07-19,extra-mercado,Extra Mercado,ipca-sp-1105010,1105010,1.000000000000,3
2026-07-20,2026-07-19,st-marche,St Marché,ipca-sp-1105010,1105010,1.000000000000,1
2026-07-20,2026-07-19,carrefour,Carrefour Mercado,ipca-sp-1105012,1105012,1.000000000000,5
2026-07-20,2026-07-19,extra-mercado,Extra Mercado,ipca-sp-1105012,1105012,1.000000000000,1
2026-07-20,2026-07-19,carrefour,Carrefour Mercado,ipca-sp-1105019,1105019,1.000000000000,9
2026-07-20,2026-07-19,extra-mercado,Extra Mercado,ipca-sp-1105019,1105019,1.000000000000,2
2026-07-20,2026-07-19,pao-de-acucar,Pão de Açúcar,ipca-sp-1105019,1105019,1.000000000000,1
2026-07-20,2026-07-19,st-marche,St Marché,ipca-sp-1105019,1105019,1.000000000000,7
2026-07-20,2026-07-19,extra-mercado,Extra Mercado,ipca-sp-1106005,1106005,1.000000000000,1
2026-07-20,2026-07-19,carrefour,Carrefour Mercado,ipca-sp-1106008,1106008,1.000000000000,1
2026-07-20,2026-07-19,extra-mercado,Extra Mercado,ipca-sp-1106008,1106008,1.000000000000,1
2026-07-20,2026-07-19,st-marche,St Marché,ipca-sp-1106008,1106008,1.000000000000,1
2026-07-20,2026-07-19,carrefour,Carrefour Mercado,ipca-sp-1106015,1106015,1.000000000000,3
2026-07-20,2026-07-19,extra-mercado,Extra Mercado,ipca-sp-1106015,1106015,1.000000000000,2
2026-07-20,2026-07-19,st-marche,St Marché,ipca-sp-1106015,1106015,1.000000000000,2
2026-07-20,2026-07-19,carrefour,Carrefour Mercado,ipca-sp-1106017,1106017,1.000000000000,4
2026-07-20,2026-07-19,extra-mercado,Extra Mercado,ipca-sp-1106017,1106017,1.000000000000,4
2026-07-20,2026-07-19,st-marche,St Marché,ipca-sp-1106017,1106017,1.000000000000,8
2026-07-20,2026-07-19,carrefour,Carrefour Mercado,ipca-sp-1106018,1106018,1.000000000000,2
2026-07-20,2026-07-19,extra-mercado,Extra Mercado,ipca-sp-1106018,1106018,1.000000000000,4
2026-07-20,2026-07-19,pao-de-acucar,Pão de Açúcar,ipca-sp-1106018,1106018,1.000000000000,2
2026-07-20,2026-07-19,st-marche,St Marché,ipca-sp-1106018,1106018,1.000000000000,4
2026-07-20,2026-07-19,carrefour,Carrefour Mercado,ipca-sp-1106019,1106019,1.000000000000,2
2026-07-20,2026-07-19,extra-mercado,Extra Mercado,ipca-sp-1106019,1106019,1.286396181384,1
2026-07-20,2026-07-19,st-marche,St Marché,ipca-sp-1106019,1106019,1.000000000000,7
2026-07-20,2026-07-19,carrefour,Carrefour Mercado,ipca-sp-1106023,1106023,1.000000000000,1
2026-07-20,2026-07-19,extra-mercado,Extra Mercado,ipca-sp-1106023,1106023,1.000000000000,3
2026-07-20,2026-07-19,st-marche,St Marché,ipca-sp-1106023,1106023,1.000000000000,4
2026-07-20,2026-07-19,carrefour,Carrefour Mercado,ipca-sp-1106027,1106027,1.000000000000,3
2026-07-20,2026-07-19,extra-mercado,Extra Mercado,ipca-sp-1106027,1106027,1.000000000000,1
2026-07-20,2026-07-19,st-marche,St Marché,ipca-sp-1106027,1106027,1.000000000000,6
2026-07-20,2026-07-19,carrefour,Carrefour Mercado,ipca-sp-1106028,1106028,1.000000000000,2
2026-07-20,2026-07-19,extra-mercado,Extra Mercado,ipca-sp-1106028,1106028,1.000000000000,3
2026-07-20,2026-07-19,pao-de-acucar,Pão de Açúcar,ipca-sp-1106028,1106028,1.000000000000,1
2026-07-20,2026-07-19,st-marche,St Marché,ipca-sp-1106028,1106028,1.000000000000,9
2026-07-20,2026-07-19,carrefour,Carrefour Mercado,ipca-sp-1106039,1106039,1.000000000000,1
2026-07-20,2026-07-19,extra-mercado,Extra Mercado,ipca-sp-1106039,1106039,1.000000000000,2
2026-07-20,2026-07-19,pao-de-acucar,Pão de Açúcar,ipca-sp-1106039,1106039,1.000000000000,1
2026-07-20,2026-07-19,carrefour,Carrefour Mercado,ipca-sp-1107018,1107018,1.000000000000,21
2026-07-20,2026-07-19,extra-mercado,Extra Mercado,ipca-sp-1107018,1107018,0.998528004174,35
2026-07-20,2026-07-19,pao-de-acucar,Pão de Açúcar,ipca-sp-1107018,1107018,1.010435518850,46
2026-07-20,2026-07-19,st-marche,St Marché,ipca-sp-1107018,1107018,1.000000000000,25
2026-07-20,2026-07-19,carrefour,Carrefour Mercado,ipca-sp-1107084,1107084,1.000000000000,4
2026-07-20,2026-07-19,extra-mercado,Extra Mercado,ipca-sp-1107084,1107084,1.000000000000,4
2026-07-20,2026-07-19,pao-de-acucar,Pão de Açúcar,ipca-sp-1107084,1107084,1.030541554836,12
2026-07-20,2026-07-19,st-marche,St Marché,ipca-sp-1107084,1107084,1.000000000000,3
2026-07-20,2026-07-19,carrefour,Carrefour Mercado,ipca-sp-1107087,1107087,1.000000000000,4
2026-07-20,2026-07-19,extra-mercado,Extra Mercado,ipca-sp-1107087,1107087,1.000000000000,3
2026-07-20,2026-07-19,pao-de-acucar,Pão de Açúcar,ipca-sp-1107087,1107087,0.920433942098,2
2026-07-20,2026-07-19,st-marche,St Marché,ipca-sp-1107087,1107087,1.000000000000,6
2026-07-20,2026-07-19,carrefour,Carrefour Mercado,ipca-sp-1107088,1107088,1.000000000000,3
2026-07-20,2026-07-19,extra-mercado,Extra Mercado,ipca-sp-1107088,1107088,1.000000000000,4
2026-07-20,2026-07-19,pao-de-acucar,Pão de Açúcar,ipca-sp-1107088,1107088,1.000000000000,10
2026-07-20,2026-07-19,st-marche,St Marché,ipca-sp-1107088,1107088,1.000000000000,3
2026-07-20,2026-07-19,carrefour,Carrefour Mercado,ipca-sp-1107089,1107089,1.000000000000,5
2026-07-20,2026-07-19,extra-mercado,Extra Mercado,ipca-sp-1107089,1107089,1.000000000000,4
2026-07-20,2026-07-19,pao-de-acucar,Pão de Açúcar,ipca-sp-1107089,1107089,1.000000000000,1
2026-07-20,2026-07-19,st-marche,St Marché,ipca-sp-1107089,1107089,1.000000000000,6
2026-07-20,2026-07-19,carrefour,Carrefour Mercado,ipca-sp-1107091,1107091,1.000000000000,1
2026-07-20,2026-07-19,pao-de-acucar,Pão de Açúcar,ipca-sp-1107091,1107091,1.000000000000,4
2026-07-20,2026-07-19,st-marche,St Marché,ipca-sp-1107091,1107091,1.000000000000,3
2026-07-20,2026-07-19,carrefour,Carrefour Mercado,ipca-sp-1107093,1107093,1.000000000000,1
2026-07-20,2026-07-19,extra-mercado,Extra Mercado,ipca-sp-1107093,1107093,1.000000000000,4
2026-07-20,2026-07-19,pao-de-acucar,Pão de Açúcar,ipca-sp-1107093,1107093,1.000000000000,3
2026-07-20,2026-07-19,st-marche,St Marché,ipca-sp-1107093,1107093,1.000000000000,2
2026-07-20,2026-07-19,carrefour,Carrefour Mercado,ipca-sp-1107094,1107094,1.000000000000,1
2026-07-20,2026-07-19,extra-mercado,Extra Mercado,ipca-sp-1107094,1107094,1.000000000000,1
2026-07-20,2026-07-19,pao-de-acucar,Pão de Açúcar,ipca-sp-1107094,1107094,1.000000000000,1
2026-07-20,2026-07-19,st-marche,St Marché,ipca-sp-1107094,1107094,1.000000000000,1
2026-07-20,2026-07-19,carrefour,Carrefour Mercado,ipca-sp-1107095,1107095,1.021425432087,4
2026-07-20,2026-07-19,extra-mercado,Extra Mercado,ipca-sp-1107095,1107095,1.035180682464,2
2026-07-20,2026-07-19,pao-de-acucar,Pão de Açúcar,ipca-sp-1107095,1107095,1.000000000000,4
2026-07-20,2026-07-19,st-marche,St Marché,ipca-sp-1107095,1107095,1.000000000000,3
2026-07-20,2026-07-19,carrefour,Carrefour Mercado,ipca-sp-1107099,1107099,1.000000000000,2
2026-07-20,2026-07-19,extra-mercado,Extra Mercado,ipca-sp-1107099,1107099,1.000000000000,2
2026-07-20,2026-07-19,pao-de-acucar,Pão de Açúcar,ipca-sp-1107099,1107099,1.000000000000,7
2026-07-20,2026-07-19,st-marche,St Marché,ipca-sp-1107099,1107099,1.000000000000,3
2026-07-20,2026-07-19,carrefour,Carrefour Mercado,ipca-sp-1108031,1108031,1.000000000000,3
2026-07-20,2026-07-19,extra-mercado,Extra Mercado,ipca-sp-1108031,1108031,1.000000000000,2
2026-07-20,2026-07-19,pao-de-acucar,Pão de Açúcar,ipca-sp-1108031,1108031,1.000000000000,1
2026-07-20,2026-07-19,st-marche,St Marché,ipca-sp-1108031,1108031,1.000000000000,1
2026-07-20,2026-07-19,pao-de-acucar,Pão de Açúcar,ipca-sp-1108038,1108038,1.000000000000,3
2026-07-20,2026-07-19,st-marche,St Marché,ipca-sp-1108038,1108038,1.000000000000,1
2026-07-20,2026-07-19,carrefour,Carrefour Mercado,ipca-sp-1108075,1108075,1.000000000000,4
2026-07-20,2026-07-19,extra-mercado,Extra Mercado,ipca-sp-1108075,1108075,1.000000000000,2
2026-07-20,2026-07-19,pao-de-acucar,Pão de Açúcar,ipca-sp-1108075,1108075,1.000000000000,33
2026-07-20,2026-07-19,st-marche,St Marché,ipca-sp-1108075,1108075,1.019272030475,7
2026-07-20,2026-07-19,carrefour,Carrefour Mercado,ipca-sp-1108080,1108080,1.000000000000,5
2026-07-20,2026-07-19,extra-mercado,Extra Mercado,ipca-sp-1108080,1108080,1.000000000000,3
2026-07-20,2026-07-19,pao-de-acucar,Pão de Açúcar,ipca-sp-1108080,1108080,1.000000000000,7
2026-07-20,2026-07-19,st-marche,St Marché,ipca-sp-1108080,1108080,1.000000000000,4
2026-07-20,2026-07-19,carrefour,Carrefour Mercado,ipca-sp-1109002,1109002,1.000000000000,5
2026-07-20,2026-07-19,extra-mercado,Extra Mercado,ipca-sp-1109002,1109002,1.000000000000,4
2026-07-20,2026-07-19,pao-de-acucar,Pão de Açúcar,ipca-sp-1109002,1109002,1.000000000000,20
2026-07-20,2026-07-19,st-marche,St Marché,ipca-sp-1109002,1109002,0.980857054990,8
2026-07-20,2026-07-19,carrefour,Carrefour Mercado,ipca-sp-1109007,1109007,1.000000000000,6
2026-07-20,2026-07-19,extra-mercado,Extra Mercado,ipca-sp-1109007,1109007,1.000000000000,9
2026-07-20,2026-07-19,pao-de-acucar,Pão de Açúcar,ipca-sp-1109007,1109007,1.000000000000,10
2026-07-20,2026-07-19,carrefour,Carrefour Mercado,ipca-sp-1109008,1109008,1.000000000000,12
2026-07-20,2026-07-19,extra-mercado,Extra Mercado,ipca-sp-1109008,1109008,1.000000000000,22
2026-07-20,2026-07-19,pao-de-acucar,Pão de Açúcar,ipca-sp-1109008,1109008,1.000000000000,54
2026-07-20,2026-07-19,st-marche,St Marché,ipca-sp-1109008,1109008,1.000000000000,40
2026-07-20,2026-07-19,carrefour,Carrefour Mercado,ipca-sp-1109010,1109010,1.000000000000,4
2026-07-20,2026-07-19,extra-mercado,Extra Mercado,ipca-sp-1109010,1109010,1.000000000000,9
2026-07-20,2026-07-19,pao-de-acucar,Pão de Açúcar,ipca-sp-1109010,1109010,1.000000000000,2
2026-07-20,2026-07-19,st-marche,St Marché,ipca-sp-1109010,1109010,0.979038996965,5
2026-07-20,2026-07-19,carrefour,Carrefour Mercado,ipca-sp-1110009,1110009,1.000000000000,1
2026-07-20,2026-07-19,extra-mercado,Extra Mercado,ipca-sp-1110009,1110009,1.000000000000,3
2026-07-20,2026-07-19,pao-de-acucar,Pão de Açúcar,ipca-sp-1110009,1110009,1.000000000000,4
2026-07-20,2026-07-19,st-marche,St Marché,ipca-sp-1110009,1110009,1.000000000000,1
2026-07-20,2026-07-19,carrefour,Carrefour Mercado,ipca-sp-1110010,1110010,1.000000000000,48
2026-07-20,2026-07-19,extra-mercado,Extra Mercado,ipca-sp-1110010,1110010,1.004999134684,45
2026-07-20,2026-07-19,pao-de-acucar,Pão de Açúcar,ipca-sp-1110010,1110010,1.017880678849,55
2026-07-20,2026-07-19,st-marche,St Marché,ipca-sp-1110010,1110010,1.000000000000,56
2026-07-20,2026-07-19,carrefour,Carrefour Mercado,ipca-sp-1110044,1110044,1.031334880793,5
2026-07-20,2026-07-19,extra-mercado,Extra Mercado,ipca-sp-1110044,1110044,1.000000000000,12
2026-07-20,2026-07-19,pao-de-acucar,Pão de Açúcar,ipca-sp-1110044,1110044,1.000000000000,10
2026-07-20,2026-07-19,st-marche,St Marché,ipca-sp-1110044,1110044,1.000000000000,7
2026-07-20,2026-07-19,carrefour,Carrefour Mercado,ipca-sp-1111004,1111004,1.000000000000,42
2026-07-20,2026-07-19,extra-mercado,Extra Mercado,ipca-sp-1111004,1111004,1.046482685647,12
2026-07-20,2026-07-19,pao-de-acucar,Pão de Açúcar,ipca-sp-1111004,1111004,1.000000000000,1
2026-07-20,2026-07-19,st-marche,St Marché,ipca-sp-1111004,1111004,1.000000000000,16
2026-07-20,2026-07-19,carrefour,Carrefour Mercado,ipca-sp-1111009,1111009,1.000000000000,15
2026-07-20,2026-07-19,extra-mercado,Extra Mercado,ipca-sp-1111009,1111009,1.000000000000,7
2026-07-20,2026-07-19,pao-de-acucar,Pão de Açúcar,ipca-sp-1111009,1111009,1.000000000000,5
2026-07-20,2026-07-19,st-marche,St Marché,ipca-sp-1111009,1111009,1.000000000000,2
2026-07-20,2026-07-19,carrefour,Carrefour Mercado,ipca-sp-1111011,1111011,1.000000000000,66
2026-07-20,2026-07-19,extra-mercado,Extra Mercado,ipca-sp-1111011,1111011,1.000000000000,54
2026-07-20,2026-07-19,pao-de-acucar,Pão de Açúcar,ipca-sp-1111011,1111011,1.000579183943,255
2026-07-20,2026-07-19,st-marche,St Marché,ipca-sp-1111011,1111011,1.005606298379,69
2026-07-20,2026-07-19,carrefour,Carrefour Mercado,ipca-sp-1111019,1111019,1.006421972404,154
2026-07-20,2026-07-19,extra-mercado,Extra Mercado,ipca-sp-1111019,1111019,1.001042680919,196
2026-07-20,2026-07-19,pao-de-acucar,Pão de Açúcar,ipca-sp-1111019,1111019,1.001201858948,34
2026-07-20,2026-07-19,st-marche,St Marché,ipca-sp-1111019,1111019,1.003547538789,98
2026-07-20,2026-07-19,carrefour,Carrefour Mercado,ipca-sp-1111021,1111021,1.000000000000,41
2026-07-20,2026-07-19,extra-mercado,Extra Mercado,ipca-sp-1111021,1111021,1.000000000000,16
2026-07-20,2026-07-19,pao-de-acucar,Pão de Açúcar,ipca-sp-1111021,1111021,1.000000000000,10
2026-07-20,2026-07-19,st-marche,St Marché,ipca-sp-1111021,1111021,1.006213079764,22
2026-07-20,2026-07-19,carrefour,Carrefour Mercado,ipca-sp-1112003,1112003,1.000000000000,118
2026-07-20,2026-07-19,extra-mercado,Extra Mercado,ipca-sp-1112003,1112003,1.001624843797,194
2026-07-20,2026-07-19,pao-de-acucar,Pão de Açúcar,ipca-sp-1112003,1112003,0.997170266752,58
2026-07-20,2026-07-19,st-marche,St Marché,ipca-sp-1112003,1112003,0.990162937380,67
2026-07-20,2026-07-19,carrefour,Carrefour Mercado,ipca-sp-1112015,1112015,1.000000000000,4
2026-07-20,2026-07-19,extra-mercado,Extra Mercado,ipca-sp-1112015,1112015,1.000000000000,3
2026-07-20,2026-07-19,st-marche,St Marché,ipca-sp-1112015,1112015,1.000000000000,5
2026-07-20,2026-07-19,carrefour,Carrefour Mercado,ipca-sp-1112017,1112017,1.000000000000,4
2026-07-20,2026-07-19,extra-mercado,Extra Mercado,ipca-sp-1112017,1112017,1.000000000000,6
2026-07-20,2026-07-19,st-marche,St Marché,ipca-sp-1112017,1112017,1.000000000000,7
2026-07-20,2026-07-19,carrefour,Carrefour Mercado,ipca-sp-1112018,1112018,1.022170145285,58
2026-07-20,2026-07-19,extra-mercado,Extra Mercado,ipca-sp-1112018,1112018,1.000000000000,30
2026-07-20,2026-07-19,pao-de-acucar,Pão de Açúcar,ipca-sp-1112018,1112018,1.000000000000,8
2026-07-20,2026-07-19,st-marche,St Marché,ipca-sp-1112018,1112018,0.998686267777,61
2026-07-20,2026-07-19,carrefour,Carrefour Mercado,ipca-sp-1112019,1112019,1.000000000000,32
2026-07-20,2026-07-19,extra-mercado,Extra Mercado,ipca-sp-1112019,1112019,1.000000000000,60
2026-07-20,2026-07-19,pao-de-acucar,Pão de Açúcar,ipca-sp-1112019,1112019,1.000000000000,21
2026-07-20,2026-07-19,st-marche,St Marché,ipca-sp-1112019,1112019,1.000989885990,111
2026-07-20,2026-07-19,carrefour,Carrefour Mercado,ipca-sp-1113013,1113013,1.000000000000,6
2026-07-20,2026-07-19,extra-mercado,Extra Mercado,ipca-sp-1113013,1113013,1.000000000000,3
2026-07-20,2026-07-19,st-marche,St Marché,ipca-sp-1113013,1113013,1.000000000000,1
2026-07-20,2026-07-19,carrefour,Carrefour Mercado,ipca-sp-1113014,1113014,1.000000000000,13
2026-07-20,2026-07-19,extra-mercado,Extra Mercado,ipca-sp-1113014,1113014,1.000000000000,10
2026-07-20,2026-07-19,pao-de-acucar,Pão de Açúcar,ipca-sp-1113014,1113014,0.963166211164,8
2026-07-20,2026-07-19,st-marche,St Marché,ipca-sp-1113014,1113014,0.920515588962,6
2026-07-20,2026-07-19,carrefour,Carrefour Mercado,ipca-sp-1113040,1113040,1.000000000000,19
2026-07-20,2026-07-19,extra-mercado,Extra Mercado,ipca-sp-1113040,1113040,1.037934110616,12
2026-07-20,2026-07-19,pao-de-acucar,Pão de Açúcar,ipca-sp-1113040,1113040,1.000000000000,2
2026-07-20,2026-07-19,st-marche,St Marché,ipca-sp-1113040,1113040,1.000000000000,4
2026-07-20,2026-07-19,carrefour,Carrefour Mercado,ipca-sp-1114001,1114001,1.000000000000,90
2026-07-20,2026-07-19,extra-mercado,Extra Mercado,ipca-sp-1114001,1114001,0.993943054077,41
2026-07-20,2026-07-19,pao-de-acucar,Pão de Açúcar,ipca-sp-1114001,1114001,1.004076116969,12
2026-07-20,2026-07-19,st-marche,St Marché,ipca-sp-1114001,1114001,1.000000000000,36
2026-07-20,2026-07-19,carrefour,Carrefour Mercado,ipca-sp-1114022,1114022,1.004683868809,40
2026-07-20,2026-07-19,extra-mercado,Extra Mercado,ipca-sp-1114022,1114022,1.009301698146,54
2026-07-20,2026-07-19,pao-de-acucar,Pão de Açúcar,ipca-sp-1114022,1114022,1.027985406883,25
2026-07-20,2026-07-19,st-marche,St Marché,ipca-sp-1114022,1114022,1.000000000000,9
2026-07-20,2026-07-19,carrefour,Carrefour Mercado,ipca-sp-1114083,1114083,0.993454543133,110
2026-07-20,2026-07-19,extra-mercado,Extra Mercado,ipca-sp-1114083,1114083,1.000000000000,50
2026-07-20,2026-07-19,st-marche,St Marché,ipca-sp-1114083,1114083,1.000000000000,95
2026-07-20,2026-07-19,carrefour,Carrefour Mercado,ipca-sp-1114084,1114084,1.000871125891,39
2026-07-20,2026-07-19,extra-mercado,Extra Mercado,ipca-sp-1114084,1114084,1.002847642815,29
2026-07-20,2026-07-19,pao-de-acucar,Pão de Açúcar,ipca-sp-1114084,1114084,0.916189785822,3
2026-07-20,2026-07-19,carrefour,Carrefour Mercado,ipca-sp-1114087,1114087,1.000000000000,19
2026-07-20,2026-07-19,extra-mercado,Extra Mercado,ipca-sp-1114087,1114087,1.024337775894,14
2026-07-20,2026-07-19,pao-de-acucar,Pão de Açúcar,ipca-sp-1114087,1114087,1.049669018726,142
2026-07-20,2026-07-19,st-marche,St Marché,ipca-sp-1114087,1114087,1.000000000000,238
2026-07-20,2026-07-19,carrefour,Carrefour Mercado,ipca-sp-1114090,1114090,1.000000000000,20
2026-07-20,2026-07-19,extra-mercado,Extra Mercado,ipca-sp-1114090,1114090,1.000000000000,18
2026-07-20,2026-07-19,st-marche,St Marché,ipca-sp-1114090,1114090,1.000000000000,4
2026-07-20,2026-07-19,carrefour,Carrefour Mercado,ipca-sp-1115016,1115016,1.000000000000,4
2026-07-20,2026-07-19,extra-mercado,Extra Mercado,ipca-sp-1115016,1115016,1.000000000000,9
2026-07-20,2026-07-19,pao-de-acucar,Pão de Açúcar,ipca-sp-1115016,1115016,1.025179411583,8
2026-07-20,2026-07-19,st-marche,St Marché,ipca-sp-1115016,1115016,1.000000000000,4
2026-07-20,2026-07-19,carrefour,Carrefour Mercado,ipca-sp-1115039,1115039,1.000000000000,5
2026-07-20,2026-07-19,extra-mercado,Extra Mercado,ipca-sp-1115039,1115039,1.000000000000,4
2026-07-20,2026-07-19,pao-de-acucar,Pão de Açúcar,ipca-sp-1115039,1115039,1.000000000000,2
2026-07-20,2026-07-19,st-marche,St Marché,ipca-sp-1115039,1115039,1.000000000000,1
2026-07-20,2026-07-19,carrefour,Carrefour Mercado,ipca-sp-1115057,1115057,1.000000000000,11
2026-07-20,2026-07-19,extra-mercado,Extra Mercado,ipca-sp-1115057,1115057,1.000000000000,20
2026-07-20,2026-07-19,pao-de-acucar,Pão de Açúcar,ipca-sp-1115057,1115057,1.000000000000,34
2026-07-20,2026-07-19,st-marche,St Marché,ipca-sp-1115057,1115057,1.000000000000,2
2026-07-20,2026-07-19,carrefour,Carrefour Mercado,ipca-sp-1115058,1115058,1.000000000000,3
2026-07-20,2026-07-19,extra-mercado,Extra Mercado,ipca-sp-1115058,1115058,1.000000000000,1
2026-07-20,2026-07-19,pao-de-acucar,Pão de Açúcar,ipca-sp-1115058,1115058,1.000000000000,1
2026-07-20,2026-07-19,st-marche,St Marché,ipca-sp-1115058,1115058,1.000000000000,1
2026-07-20,2026-07-19,carrefour,Carrefour Mercado,ipca-sp-1115075,1115075,1.000000000000,14
2026-07-20,2026-07-19,extra-mercado,Extra Mercado,ipca-sp-1115075,1115075,0.974465209080,12
2026-07-20,2026-07-19,pao-de-acucar,Pão de Açúcar,ipca-sp-1115075,1115075,1.000000000000,3
2026-07-20,2026-07-19,carrefour,Carrefour Mercado,ipca-sp-1116005,1116005,1.000000000000,34
2026-07-20,2026-07-19,extra-mercado,Extra Mercado,ipca-sp-1116005,1116005,1.014265726879,34
2026-07-20,2026-07-19,pao-de-acucar,Pão de Açúcar,ipca-sp-1116005,1116005,1.000000000000,13
2026-07-20,2026-07-19,st-marche,St Marché,ipca-sp-1116005,1116005,1.000000000000,13
2026-07-20,2026-07-19,carrefour,Carrefour Mercado,ipca-sp-1116010,1116010,1.000000000000,4
2026-07-20,2026-07-19,extra-mercado,Extra Mercado,ipca-sp-1116010,1116010,1.000000000000,5
2026-07-20,2026-07-19,pao-de-acucar,Pão de Açúcar,ipca-sp-1116010,1116010,1.000000000000,6
2026-07-20,2026-07-19,st-marche,St Marché,ipca-sp-1116010,1116010,1.000000000000,12
2026-07-20,2026-07-19,carrefour,Carrefour Mercado,ipca-sp-1116033,1116033,1.000000000000,13
2026-07-20,2026-07-19,extra-mercado,Extra Mercado,ipca-sp-1116033,1116033,1.015752777224,16
2026-07-20,2026-07-19,pao-de-acucar,Pão de Açúcar,ipca-sp-1116033,1116033,1.000000000000,6
2026-07-20,2026-07-19,st-marche,St Marché,ipca-sp-1116033,1116033,1.000000000000,3
2026-07-20,2026-07-19,carrefour,Carrefour Mercado,ipca-sp-1116041,1116041,1.000000000000,6
2026-07-20,2026-07-19,extra-mercado,Extra Mercado,ipca-sp-1116041,1116041,1.000000000000,10
2026-07-20,2026-07-19,pao-de-acucar,Pão de Açúcar,ipca-sp-1116041,1116041,1.036344749649,14
2026-07-20,2026-07-19,st-marche,St Marché,ipca-sp-1116041,1116041,1.000000000000,2
2026-07-20,2026-07-19,carrefour,Carrefour Mercado,ipca-sp-1116071,1116071,1.006404884449,15
2026-07-20,2026-07-19,extra-mercado,Extra Mercado,ipca-sp-1116071,1116071,1.000000000000,25
2026-07-20,2026-07-19,pao-de-acucar,Pão de Açúcar,ipca-sp-1116071,1116071,1.000000000000,27
2026-07-20,2026-07-19,st-marche,St Marché,ipca-sp-1116071,1116071,1.000000000000,5
2026-07-21,2026-07-20,carrefour,Carrefour Mercado,ipca-sp-1101002,1101002,1.000000000000,21
2026-07-21,2026-07-20,extra-mercado,Extra Mercado,ipca-sp-1101002,1101002,1.000000000000,26
2026-07-21,2026-07-20,pao-de-acucar,Pão de Açúcar,ipca-sp-1101002,1101002,1.000000000000,27
2026-07-21,2026-07-20,st-marche,St Marché,ipca-sp-1101002,1101002,1.000000000000,4
2026-07-21,2026-07-20,carrefour,Carrefour Mercado,ipca-sp-1101073,1101073,0.961172356589,9
2026-07-21,2026-07-20,extra-mercado,Extra Mercado,ipca-sp-1101073,1101073,1.000000000000,10
2026-07-21,2026-07-20,st-marche,St Marché,ipca-sp-1101073,1101073,1.000000000000,1
2026-07-21,2026-07-20,carrefour,Carrefour Mercado,ipca-sp-1102006,1102006,1.000000000000,46
2026-07-21,2026-07-20,extra-mercado,Extra Mercado,ipca-sp-1102006,1102006,1.000000000000,54
2026-07-21,2026-07-20,pao-de-acucar,Pão de Açúcar,ipca-sp-1102006,1102006,1.000000000000,21
2026-07-21,2026-07-20,st-marche,St Marché,ipca-sp-1102006,1102006,1.000000000000,27
2026-07-21,2026-07-20,carrefour,Carrefour Mercado,ipca-sp-1102012,1102012,1.000000000000,5
2026-07-21,2026-07-20,extra-mercado,Extra Mercado,ipca-sp-1102012,1102012,1.000000000000,8
2026-07-21,2026-07-20,st-marche,St Marché,ipca-sp-1102012,1102012,1.000000000000,5
2026-07-21,2026-07-20,carrefour,Carrefour Mercado,ipca-sp-1102023,1102023,1.000000000000,5
2026-07-21,2026-07-20,extra-mercado,Extra Mercado,ipca-sp-1102023,1102023,1.000000000000,6
2026-07-21,2026-07-20,st-marche,St Marché,ipca-sp-1102023,1102023,1.000000000000,1
2026-07-21,2026-07-20,carrefour,Carrefour Mercado,ipca-sp-1102029,1102029,1.000000000000,19
2026-07-21,2026-07-20,extra-mercado,Extra Mercado,ipca-sp-1102029,1102029,1.010603352908,51
2026-07-21,2026-07-20,pao-de-acucar,Pão de Açúcar,ipca-sp-1102029,1102029,1.006540806732,52
2026-07-21,2026-07-20,st-marche,St Marché,ipca-sp-1102029,1102029,1.000000000000,56
2026-07-21,2026-07-20,carrefour,Carrefour Mercado,ipca-sp-1102061,1102061,1.000000000000,14
2026-07-21,2026-07-20,extra-mercado,Extra Mercado,ipca-sp-1102061,1102061,1.000000000000,38
2026-07-21,2026-07-20,pao-de-acucar,Pão de Açúcar,ipca-sp-1102061,1102061,1.000000000000,2
2026-07-21,2026-07-20,st-marche,St Marché,ipca-sp-1102061,1102061,1.000000000000,5
2026-07-21,2026-07-20,carrefour,Carrefour Mercado,ipca-sp-1103002,1103002,1.000000000000,1
2026-07-21,2026-07-20,extra-mercado,Extra Mercado,ipca-sp-1103002,1103002,1.000000000000,2
2026-07-21,2026-07-20,st-marche,St Marché,ipca-sp-1103002,1103002,1.000000000000,4
2026-07-21,2026-07-20,carrefour,Carrefour Mercado,ipca-sp-1103003,1103003,1.000000000000,6
2026-07-21,2026-07-20,extra-mercado,Extra Mercado,ipca-sp-1103003,1103003,1.000000000000,9
2026-07-21,2026-07-20,pao-de-acucar,Pão de Açúcar,ipca-sp-1103003,1103003,1.000000000000,10
2026-07-21,2026-07-20,st-marche,St Marché,ipca-sp-1103003,1103003,1.000000000000,6
2026-07-21,2026-07-20,carrefour,Carrefour Mercado,ipca-sp-1103020,1103020,1.000000000000,1
2026-07-21,2026-07-20,extra-mercado,Extra Mercado,ipca-sp-1103020,1103020,1.000000000000,1
2026-07-21,2026-07-20,pao-de-acucar,Pão de Açúcar,ipca-sp-1103020,1103020,1.000000000000,1
2026-07-21,2026-07-20,st-marche,St Marché,ipca-sp-1103020,1103020,1.000000000000,3
2026-07-21,2026-07-20,carrefour,Carrefour Mercado,ipca-sp-1103026,1103026,1.000000000000,1
2026-07-21,2026-07-20,extra-mercado,Extra Mercado,ipca-sp-1103026,1103026,1.010565184677,7
2026-07-21,2026-07-20,pao-de-acucar,Pão de Açúcar,ipca-sp-1103026,1103026,1.000000000000,2
2026-07-21,2026-07-20,st-marche,St Marché,ipca-sp-1103026,1103026,1.000000000000,4
2026-07-21,2026-07-20,carrefour,Carrefour Mercado,ipca-sp-1103028,1103028,1.016610561749,10
2026-07-21,2026-07-20,extra-mercado,Extra Mercado,ipca-sp-1103028,1103028,0.956602405810,7
2026-07-21,2026-07-20,pao-de-acucar,Pão de Açúcar,ipca-sp-1103028,1103028,1.000000000000,5
2026-07-21,2026-07-20,st-marche,St Marché,ipca-sp-1103028,1103028,1.000000000000,5
2026-07-21,2026-07-20,carrefour,Carrefour Mercado,ipca-sp-1103043,1103043,1.000000000000,4
2026-07-21,2026-07-20,extra-mercado,Extra Mercado,ipca-sp-1103043,1103043,1.000000000000,2
2026-07-21,2026-07-20,pao-de-acucar,Pão de Açúcar,ipca-sp-1103043,1103043,1.000000000000,1
2026-07-21,2026-07-20,st-marche,St Marché,ipca-sp-1103043,1103043,1.000000000000,9
2026-07-21,2026-07-20,carrefour,Carrefour Mercado,ipca-sp-1103044,1103044,1.000000000000,2
2026-07-21,2026-07-20,extra-mercado,Extra Mercado,ipca-sp-1103044,1103044,0.948577671674,2
2026-07-21,2026-07-20,st-marche,St Marché,ipca-sp-1103044,1103044,1.000000000000,3
2026-07-21,2026-07-20,carrefour,Carrefour Mercado,ipca-sp-1104003,1104003,1.000000000000,7
2026-07-21,2026-07-20,extra-mercado,Extra Mercado,ipca-sp-1104003,1104003,1.005646751806,4
2026-07-21,2026-07-20,pao-de-acucar,Pão de Açúcar,ipca-sp-1104003,1104003,0.860064585576,1
2026-07-21,2026-07-20,st-marche,St Marché,ipca-sp-1104003,1104003,1.000000000000,1
2026-07-21,2026-07-20,carrefour,Carrefour Mercado,ipca-sp-1104023,1104023,0.996114792135,67
2026-07-21,2026-07-20,extra-mercado,Extra Mercado,ipca-sp-1104023,1104023,1.046583780990,129
2026-07-21,2026-07-20,pao-de-acucar,Pão de Açúcar,ipca-sp-1104023,1104023,1.000000000000,70
2026-07-21,2026-07-20,st-marche,St Marché,ipca-sp-1104023,1104023,0.991235088519,22
2026-07-21,2026-07-20,carrefour,Carrefour Mercado,ipca-sp-1104032,1104032,1.000000000000,17
2026-07-21,2026-07-20,extra-mercado,Extra Mercado,ipca-sp-1104032,1104032,1.049429940208,30
2026-07-21,2026-07-20,pao-de-acucar,Pão de Açúcar,ipca-sp-1104032,1104032,1.009251016350,107
2026-07-21,2026-07-20,st-marche,St Marché,ipca-sp-1104032,1104032,1.000000000000,119
2026-07-21,2026-07-20,carrefour,Carrefour Mercado,ipca-sp-1104052,1104052,0.972498862588,20
2026-07-21,2026-07-20,extra-mercado,Extra Mercado,ipca-sp-1104052,1104052,1.025742562378,19
2026-07-21,2026-07-20,pao-de-acucar,Pão de Açúcar,ipca-sp-1104052,1104052,1.000000000000,8
2026-07-21,2026-07-20,st-marche,St Marché,ipca-sp-1104052,1104052,1.000000000000,7
2026-07-21,2026-07-20,carrefour,Carrefour Mercado,ipca-sp-1105001,1105001,1.000000000000,6
2026-07-21,2026-07-20,extra-mercado,Extra Mercado,ipca-sp-1105001,1105001,1.000000000000,3
2026-07-21,2026-07-20,st-marche,St Marché,ipca-sp-1105001,1105001,1.000000000000,12
2026-07-21,2026-07-20,carrefour,Carrefour Mercado,ipca-sp-1105005,1105005,1.000000000000,2
2026-07-21,2026-07-20,extra-mercado,Extra Mercado,ipca-sp-1105005,1105005,1.000000000000,1
2026-07-21,2026-07-20,st-marche,St Marché,ipca-sp-1105005,1105005,1.000000000000,3
2026-07-21,2026-07-20,carrefour,Carrefour Mercado,ipca-sp-1105010,1105010,1.228471001757,1
2026-07-21,2026-07-20,extra-mercado,Extra Mercado,ipca-sp-1105010,1105010,1.000000000000,3
2026-07-21,2026-07-20,st-marche,St Marché,ipca-sp-1105010,1105010,1.000000000000,1
2026-07-21,2026-07-20,carrefour,Carrefour Mercado,ipca-sp-1105012,1105012,1.000000000000,5
2026-07-21,2026-07-20,extra-mercado,Extra Mercado,ipca-sp-1105012,1105012,1.000000000000,4
2026-07-21,2026-07-20,carrefour,Carrefour Mercado,ipca-sp-1105019,1105019,1.000000000000,8
2026-07-21,2026-07-20,extra-mercado,Extra Mercado,ipca-sp-1105019,1105019,0.990230023781,4
2026-07-21,2026-07-20,pao-de-acucar,Pão de Açúcar,ipca-sp-1105019,1105019,1.000000000000,1
2026-07-21,2026-07-20,st-marche,St Marché,ipca-sp-1105019,1105019,1.000000000000,7
2026-07-21,2026-07-20,extra-mercado,Extra Mercado,ipca-sp-1106005,1106005,1.000000000000,1
2026-07-21,2026-07-20,carrefour,Carrefour Mercado,ipca-sp-1106008,1106008,1.000000000000,1
2026-07-21,2026-07-20,extra-mercado,Extra Mercado,ipca-sp-1106008,1106008,1.000000000000,1
2026-07-21,2026-07-20,st-marche,St Marché,ipca-sp-1106008,1106008,1.000000000000,3
2026-07-21,2026-07-20,carrefour,Carrefour Mercado,ipca-sp-1106015,1106015,1.000000000000,3
2026-07-21,2026-07-20,extra-mercado,Extra Mercado,ipca-sp-1106015,1106015,1.000000000000,2
2026-07-21,2026-07-20,st-marche,St Marché,ipca-sp-1106015,1106015,1.000000000000,2
2026-07-21,2026-07-20,carrefour,Carrefour Mercado,ipca-sp-1106017,1106017,1.000000000000,4
2026-07-21,2026-07-20,extra-mercado,Extra Mercado,ipca-sp-1106017,1106017,1.000000000000,5
2026-07-21,2026-07-20,st-marche,St Marché,ipca-sp-1106017,1106017,0.938814215414,9
2026-07-21,2026-07-20,carrefour,Carrefour Mercado,ipca-sp-1106018,1106018,1.000000000000,2
2026-07-21,2026-07-20,extra-mercado,Extra Mercado,ipca-sp-1106018,1106018,1.083791200162,5
2026-07-21,2026-07-20,pao-de-acucar,Pão de Açúcar,ipca-sp-1106018,1106018,1.000000000000,3
2026-07-21,2026-07-20,st-marche,St Marché,ipca-sp-1106018,1106018,1.000000000000,4
2026-07-21,2026-07-20,carrefour,Carrefour Mercado,ipca-sp-1106019,1106019,1.000000000000,1
2026-07-21,2026-07-20,extra-mercado,Extra Mercado,ipca-sp-1106019,1106019,0.928317766723,3
2026-07-21,2026-07-20,st-marche,St Marché,ipca-sp-1106019,1106019,1.000000000000,7
2026-07-21,2026-07-20,carrefour,Carrefour Mercado,ipca-sp-1106023,1106023,1.000000000000,1
2026-07-21,2026-07-20,extra-mercado,Extra Mercado,ipca-sp-1106023,1106023,1.000000000000,3
2026-07-21,2026-07-20,st-marche,St Marché,ipca-sp-1106023,1106023,1.000000000000,6
2026-07-21,2026-07-20,carrefour,Carrefour Mercado,ipca-sp-1106027,1106027,1.000000000000,3
2026-07-21,2026-07-20,extra-mercado,Extra Mercado,ipca-sp-1106027,1106027,1.000000000000,4
2026-07-21,2026-07-20,st-marche,St Marché,ipca-sp-1106027,1106027,1.000000000000,6
2026-07-21,2026-07-20,carrefour,Carrefour Mercado,ipca-sp-1106028,1106028,1.000000000000,2
2026-07-21,2026-07-20,extra-mercado,Extra Mercado,ipca-sp-1106028,1106028,0.826359236519,4
2026-07-21,2026-07-20,st-marche,St Marché,ipca-sp-1106028,1106028,0.981965798045,10
2026-07-21,2026-07-20,carrefour,Carrefour Mercado,ipca-sp-1106039,1106039,1.000000000000,1
2026-07-21,2026-07-20,extra-mercado,Extra Mercado,ipca-sp-1106039,1106039,1.000000000000,4
2026-07-21,2026-07-20,pao-de-acucar,Pão de Açúcar,ipca-sp-1106039,1106039,1.000000000000,1
2026-07-21,2026-07-20,carrefour,Carrefour Mercado,ipca-sp-1107018,1107018,1.012627791205,21
2026-07-21,2026-07-20,extra-mercado,Extra Mercado,ipca-sp-1107018,1107018,1.006647624630,51
2026-07-21,2026-07-20,pao-de-acucar,Pão de Açúcar,ipca-sp-1107018,1107018,1.000000000000,45
2026-07-21,2026-07-20,st-marche,St Marché,ipca-sp-1107018,1107018,1.000000000000,30
2026-07-21,2026-07-20,carrefour,Carrefour Mercado,ipca-sp-1107084,1107084,1.067273950787,4
2026-07-21,2026-07-20,extra-mercado,Extra Mercado,ipca-sp-1107084,1107084,1.088868208463,4
2026-07-21,2026-07-20,pao-de-acucar,Pão de Açúcar,ipca-sp-1107084,1107084,1.006535534237,12
2026-07-21,2026-07-20,st-marche,St Marché,ipca-sp-1107084,1107084,1.000000000000,3
2026-07-21,2026-07-20,carrefour,Carrefour Mercado,ipca-sp-1107087,1107087,1.000000000000,3
2026-07-21,2026-07-20,extra-mercado,Extra Mercado,ipca-sp-1107087,1107087,1.000000000000,3
2026-07-21,2026-07-20,pao-de-acucar,Pão de Açúcar,ipca-sp-1107087,1107087,1.000000000000,2
2026-07-21,2026-07-20,st-marche,St Marché,ipca-sp-1107087,1107087,1.000000000000,7
2026-07-21,2026-07-20,carrefour,Carrefour Mercado,ipca-sp-1107088,1107088,1.097285541212,3
2026-07-21,2026-07-20,extra-mercado,Extra Mercado,ipca-sp-1107088,1107088,1.066484532129,4
2026-07-21,2026-07-20,pao-de-acucar,Pão de Açúcar,ipca-sp-1107088,1107088,0.990347659192,10
2026-07-21,2026-07-20,st-marche,St Marché,ipca-sp-1107088,1107088,1.000000000000,4
2026-07-21,2026-07-20,carrefour,Carrefour Mercado,ipca-sp-1107089,1107089,1.000000000000,5
2026-07-21,2026-07-20,extra-mercado,Extra Mercado,ipca-sp-1107089,1107089,1.000000000000,4
2026-07-21,2026-07-20,pao-de-acucar,Pão de Açúcar,ipca-sp-1107089,1107089,0.981058538544,6
2026-07-21,2026-07-20,st-marche,St Marché,ipca-sp-1107089,1107089,1.000000000000,6
2026-07-21,2026-07-20,carrefour,Carrefour Mercado,ipca-sp-1107091,1107091,1.000000000000,1
2026-07-21,2026-07-20,pao-de-acucar,Pão de Açúcar,ipca-sp-1107091,1107091,1.000000000000,5
2026-07-21,2026-07-20,st-marche,St Marché,ipca-sp-1107091,1107091,1.000000000000,3
2026-07-21,2026-07-20,carrefour,Carrefour Mercado,ipca-sp-1107093,1107093,1.000000000000,1
2026-07-21,2026-07-20,extra-mercado,Extra Mercado,ipca-sp-1107093,1107093,1.000000000000,4
2026-07-21,2026-07-20,pao-de-acucar,Pão de Açúcar,ipca-sp-1107093,1107093,1.000000000000,3
2026-07-21,2026-07-20,st-marche,St Marché,ipca-sp-1107093,1107093,1.000000000000,2
2026-07-21,2026-07-20,carrefour,Carrefour Mercado,ipca-sp-1107094,1107094,1.000000000000,1
2026-07-21,2026-07-20,extra-mercado,Extra Mercado,ipca-sp-1107094,1107094,1.000000000000,1
2026-07-21,2026-07-20,pao-de-acucar,Pão de Açúcar,ipca-sp-1107094,1107094,1.000000000000,1
2026-07-21,2026-07-20,st-marche,St Marché,ipca-sp-1107094,1107094,1.000000000000,1
2026-07-21,2026-07-20,carrefour,Carrefour Mercado,ipca-sp-1107095,1107095,1.000000000000,4
2026-07-21,2026-07-20,extra-mercado,Extra Mercado,ipca-sp-1107095,1107095,1.035180682464,2
2026-07-21,2026-07-20,pao-de-acucar,Pão de Açúcar,ipca-sp-1107095,1107095,1.000000000000,4
2026-07-21,2026-07-20,st-marche,St Marché,ipca-sp-1107095,1107095,1.000000000000,3
2026-07-21,2026-07-20,carrefour,Carrefour Mercado,ipca-sp-1107099,1107099,1.000000000000,2
2026-07-21,2026-07-20,extra-mercado,Extra Mercado,ipca-sp-1107099,1107099,1.000000000000,2
2026-07-21,2026-07-20,pao-de-acucar,Pão de Açúcar,ipca-sp-1107099,1107099,1.043030669649,8
2026-07-21,2026-07-20,st-marche,St Marché,ipca-sp-1107099,1107099,1.000000000000,3
2026-07-21,2026-07-20,carrefour,Carrefour Mercado,ipca-sp-1108031,1108031,1.000000000000,3
2026-07-21,2026-07-20,extra-mercado,Extra Mercado,ipca-sp-1108031,1108031,1.000000000000,2
2026-07-21,2026-07-20,pao-de-acucar,Pão de Açúcar,ipca-sp-1108031,1108031,1.000000000000,1
2026-07-21,2026-07-20,st-marche,St Marché,ipca-sp-1108031,1108031,1.000000000000,1
2026-07-21,2026-07-20,pao-de-acucar,Pão de Açúcar,ipca-sp-1108038,1108038,1.000000000000,3
2026-07-21,2026-07-20,st-marche,St Marché,ipca-sp-1108038,1108038,1.000000000000,2
2026-07-21,2026-07-20,carrefour,Carrefour Mercado,ipca-sp-1108075,1108075,1.004217723280,4
2026-07-21,2026-07-20,extra-mercado,Extra Mercado,ipca-sp-1108075,1108075,1.000000000000,2
2026-07-21,2026-07-20,pao-de-acucar,Pão de Açúcar,ipca-sp-1108075,1108075,1.037920921792,33
2026-07-21,2026-07-20,st-marche,St Marché,ipca-sp-1108075,1108075,1.000000000000,8
2026-07-21,2026-07-20,carrefour,Carrefour Mercado,ipca-sp-1108080,1108080,1.044617420087,5
2026-07-21,2026-07-20,extra-mercado,Extra Mercado,ipca-sp-1108080,1108080,1.000000000000,4
2026-07-21,2026-07-20,pao-de-acucar,Pão de Açúcar,ipca-sp-1108080,1108080,0.996988715214,8
2026-07-21,2026-07-20,st-marche,St Marché,ipca-sp-1108080,1108080,1.000000000000,4
2026-07-21,2026-07-20,carrefour,Carrefour Mercado,ipca-sp-1109002,1109002,1.000000000000,5
2026-07-21,2026-07-20,extra-mercado,Extra Mercado,ipca-sp-1109002,1109002,1.008730084789,11
2026-07-21,2026-07-20,pao-de-acucar,Pão de Açúcar,ipca-sp-1109002,1109002,1.000000000000,22
2026-07-21,2026-07-20,st-marche,St Marché,ipca-sp-1109002,1109002,0.985241043470,11
2026-07-21,2026-07-20,carrefour,Carrefour Mercado,ipca-sp-1109007,1109007,1.000000000000,6
2026-07-21,2026-07-20,extra-mercado,Extra Mercado,ipca-sp-1109007,1109007,1.000000000000,12
2026-07-21,2026-07-20,pao-de-acucar,Pão de Açúcar,ipca-sp-1109007,1109007,1.000000000000,16
2026-07-21,2026-07-20,st-marche,St Marché,ipca-sp-1109007,1109007,1.000000000000,2
2026-07-21,2026-07-20,carrefour,Carrefour Mercado,ipca-sp-1109008,1109008,1.018875992836,12
2026-07-21,2026-07-20,extra-mercado,Extra Mercado,ipca-sp-1109008,1109008,1.000000000000,30
2026-07-21,2026-07-20,pao-de-acucar,Pão de Açúcar,ipca-sp-1109008,1109008,1.000000000000,64
2026-07-21,2026-07-20,st-marche,St Marché,ipca-sp-1109008,1109008,1.000000000000,48
2026-07-21,2026-07-20,carrefour,Carrefour Mercado,ipca-sp-1109010,1109010,1.000000000000,4
2026-07-21,2026-07-20,extra-mercado,Extra Mercado,ipca-sp-1109010,1109010,1.009514676227,13
2026-07-21,2026-07-20,pao-de-acucar,Pão de Açúcar,ipca-sp-1109010,1109010,1.080771588677,2
2026-07-21,2026-07-20,st-marche,St Marché,ipca-sp-1109010,1109010,1.000000000000,4
2026-07-21,2026-07-20,carrefour,Carrefour Mercado,ipca-sp-1110009,1110009,1.253164556962,1
2026-07-21,2026-07-20,extra-mercado,Extra Mercado,ipca-sp-1110009,1110009,1.000000000000,3
2026-07-21,2026-07-20,pao-de-acucar,Pão de Açúcar,ipca-sp-1110009,1110009,1.000000000000,5
2026-07-21,2026-07-20,st-marche,St Marché,ipca-sp-1110009,1110009,1.000000000000,1
2026-07-21,2026-07-20,carrefour,Carrefour Mercado,ipca-sp-1110010,1110010,0.997031482231,48
2026-07-21,2026-07-20,extra-mercado,Extra Mercado,ipca-sp-1110010,1110010,1.015548680217,51
2026-07-21,2026-07-20,pao-de-acucar,Pão de Açúcar,ipca-sp-1110010,1110010,0.996564565549,60
2026-07-21,2026-07-20,st-marche,St Marché,ipca-sp-1110010,1110010,1.000000000000,61
2026-07-21,2026-07-20,carrefour,Carrefour Mercado,ipca-sp-1110044,1110044,1.031334880793,5
2026-07-21,2026-07-20,extra-mercado,Extra Mercado,ipca-sp-1110044,1110044,1.012431284063,13
2026-07-21,2026-07-20,pao-de-acucar,Pão de Açúcar,ipca-sp-1110044,1110044,1.000000000000,11
2026-07-21,2026-07-20,st-marche,St Marché,ipca-sp-1110044,1110044,1.000000000000,18
2026-07-21,2026-07-20,carrefour,Carrefour Mercado,ipca-sp-1111004,1111004,1.000000000000,42
2026-07-21,2026-07-20,extra-mercado,Extra Mercado,ipca-sp-1111004,1111004,0.998651336513,15
2026-07-21,2026-07-20,pao-de-acucar,Pão de Açúcar,ipca-sp-1111004,1111004,1.000000000000,1
2026-07-21,2026-07-20,st-marche,St Marché,ipca-sp-1111004,1111004,1.000000000000,17
2026-07-21,2026-07-20,carrefour,Carrefour Mercado,ipca-sp-1111009,1111009,1.000000000000,15
2026-07-21,2026-07-20,extra-mercado,Extra Mercado,ipca-sp-1111009,1111009,1.000000000000,10
2026-07-21,2026-07-20,pao-de-acucar,Pão de Açúcar,ipca-sp-1111009,1111009,1.000000000000,5
2026-07-21,2026-07-20,st-marche,St Marché,ipca-sp-1111009,1111009,1.000000000000,2
2026-07-21,2026-07-20,carrefour,Carrefour Mercado,ipca-sp-1111011,1111011,1.000000000000,65
2026-07-21,2026-07-20,extra-mercado,Extra Mercado,ipca-sp-1111011,1111011,1.015844658405,74
2026-07-21,2026-07-20,pao-de-acucar,Pão de Açúcar,ipca-sp-1111011,1111011,1.000000000000,277
2026-07-21,2026-07-20,st-marche,St Marché,ipca-sp-1111011,1111011,1.005211208939,83
2026-07-21,2026-07-20,carrefour,Carrefour Mercado,ipca-sp-1111019,1111019,1.007716380930,155
2026-07-21,2026-07-20,extra-mercado,Extra Mercado,ipca-sp-1111019,1111019,1.000483023235,230
2026-07-21,2026-07-20,pao-de-acucar,Pão de Açúcar,ipca-sp-1111019,1111019,1.000000000000,39
2026-07-21,2026-07-20,st-marche,St Marché,ipca-sp-1111019,1111019,1.004052689145,107
2026-07-21,2026-07-20,carrefour,Carrefour Mercado,ipca-sp-1111021,1111021,1.000000000000,40
2026-07-21,2026-07-20,extra-mercado,Extra Mercado,ipca-sp-1111021,1111021,1.000000000000,22
2026-07-21,2026-07-20,pao-de-acucar,Pão de Açúcar,ipca-sp-1111021,1111021,1.000000000000,15
2026-07-21,2026-07-20,st-marche,St Marché,ipca-sp-1111021,1111021,1.000000000000,22
2026-07-21,2026-07-20,carrefour,Carrefour Mercado,ipca-sp-1112003,1112003,1.016704571787,117
2026-07-21,2026-07-20,extra-mercado,Extra Mercado,ipca-sp-1112003,1112003,1.002284026925,228
2026-07-21,2026-07-20,pao-de-acucar,Pão de Açúcar,ipca-sp-1112003,1112003,0.997540784005,65
2026-07-21,2026-07-20,st-marche,St Marché,ipca-sp-1112003,1112003,0.984546316842,69
2026-07-21,2026-07-20,carrefour,Carrefour Mercado,ipca-sp-1112015,1112015,1.000000000000,4
2026-07-21,2026-07-20,extra-mercado,Extra Mercado,ipca-sp-1112015,1112015,1.000000000000,8
2026-07-21,2026-07-20,st-marche,St Marché,ipca-sp-1112015,1112015,1.000000000000,5
2026-07-21,2026-07-20,carrefour,Carrefour Mercado,ipca-sp-1112017,1112017,1.000000000000,4
2026-07-21,2026-07-20,extra-mercado,Extra Mercado,ipca-sp-1112017,1112017,1.000000000000,15
2026-07-21,2026-07-20,st-marche,St Marché,ipca-sp-1112017,1112017,1.000000000000,7
2026-07-21,2026-07-20,carrefour,Carrefour Mercado,ipca-sp-1112018,1112018,1.000000000000,58
2026-07-21,2026-07-20,extra-mercado,Extra Mercado,ipca-sp-1112018,1112018,1.000000000000,27
2026-07-21,2026-07-20,pao-de-acucar,Pão de Açúcar,ipca-sp-1112018,1112018,1.000000000000,7
2026-07-21,2026-07-20,st-marche,St Marché,ipca-sp-1112018,1112018,1.002660025892,67
2026-07-21,2026-07-20,carrefour,Carrefour Mercado,ipca-sp-1112019,1112019,1.000000000000,32
2026-07-21,2026-07-20,extra-mercado,Extra Mercado,ipca-sp-1112019,1112019,1.000000000000,87
2026-07-21,2026-07-20,pao-de-acucar,Pão de Açúcar,ipca-sp-1112019,1112019,1.000000000000,24
2026-07-21,2026-07-20,st-marche,St Marché,ipca-sp-1112019,1112019,1.005304480203,112
2026-07-21,2026-07-20,carrefour,Carrefour Mercado,ipca-sp-1113013,1113013,1.000000000000,6
2026-07-21,2026-07-20,extra-mercado,Extra Mercado,ipca-sp-1113013,1113013,1.000000000000,4
2026-07-21,2026-07-20,st-marche,St Marché,ipca-sp-1113013,1113013,1.000000000000,1
2026-07-21,2026-07-20,carrefour,Carrefour Mercado,ipca-sp-1113014,1113014,0.920986774792,13
2026-07-21,2026-07-20,extra-mercado,Extra Mercado,ipca-sp-1113014,1113014,1.025168795173,11
2026-07-21,2026-07-20,pao-de-acucar,Pão de Açúcar,ipca-sp-1113014,1113014,1.000000000000,9
2026-07-21,2026-07-20,st-marche,St Marché,ipca-sp-1113014,1113014,1.000000000000,6
2026-07-21,2026-07-20,carrefour,Carrefour Mercado,ipca-sp-1113040,1113040,1.000000000000,19
2026-07-21,2026-07-20,extra-mercado,Extra Mercado,ipca-sp-1113040,1113040,1.046276584392,15
2026-07-21,2026-07-20,pao-de-acucar,Pão de Açúcar,ipca-sp-1113040,1113040,1.000000000000,2
2026-07-21,2026-07-20,st-marche,St Marché,ipca-sp-1113040,1113040,1.000000000000,7
2026-07-21,2026-07-20,carrefour,Carrefour Mercado,ipca-sp-1114001,1114001,1.000000000000,90
2026-07-21,2026-07-20,extra-mercado,Extra Mercado,ipca-sp-1114001,1114001,1.010775807933,82
2026-07-21,2026-07-20,pao-de-acucar,Pão de Açúcar,ipca-sp-1114001,1114001,1.000000000000,15
2026-07-21,2026-07-20,st-marche,St Marché,ipca-sp-1114001,1114001,1.000000000000,39
2026-07-21,2026-07-20,carrefour,Carrefour Mercado,ipca-sp-1114022,1114022,1.003187141423,39
2026-07-21,2026-07-20,extra-mercado,Extra Mercado,ipca-sp-1114022,1114022,1.018883476891,56
2026-07-21,2026-07-20,pao-de-acucar,Pão de Açúcar,ipca-sp-1114022,1114022,1.000000000000,33
2026-07-21,2026-07-20,st-marche,St Marché,ipca-sp-1114022,1114022,1.032897295033,11
2026-07-21,2026-07-20,carrefour,Carrefour Mercado,ipca-sp-1114083,1114083,0.977586657157,110
2026-07-21,2026-07-20,extra-mercado,Extra Mercado,ipca-sp-1114083,1114083,1.007655143636,107
2026-07-21,2026-07-20,st-marche,St Marché,ipca-sp-1114083,1114083,1.000000000000,104
2026-07-21,2026-07-20,carrefour,Carrefour Mercado,ipca-sp-1114084,1114084,0.989344573343,39
2026-07-21,2026-07-20,extra-mercado,Extra Mercado,ipca-sp-1114084,1114084,1.007593360771,71
2026-07-21,2026-07-20,pao-de-acucar,Pão de Açúcar,ipca-sp-1114084,1114084,1.000000000000,3
2026-07-21,2026-07-20,carrefour,Carrefour Mercado,ipca-sp-1114087,1114087,1.000000000000,19
2026-07-21,2026-07-20,extra-mercado,Extra Mercado,ipca-sp-1114087,1114087,1.027866542822,31
2026-07-21,2026-07-20,pao-de-acucar,Pão de Açúcar,ipca-sp-1114087,1114087,1.006834230541,216
2026-07-21,2026-07-20,st-marche,St Marché,ipca-sp-1114087,1114087,1.000000000000,291
2026-07-21,2026-07-20,carrefour,Carrefour Mercado,ipca-sp-1114090,1114090,1.000000000000,20
2026-07-21,2026-07-20,extra-mercado,Extra Mercado,ipca-sp-1114090,1114090,1.000000000000,38
2026-07-21,2026-07-20,st-marche,St Marché,ipca-sp-1114090,1114090,1.000000000000,4
2026-07-21,2026-07-20,carrefour,Carrefour Mercado,ipca-sp-1115016,1115016,1.000000000000,4
2026-07-21,2026-07-20,extra-mercado,Extra Mercado,ipca-sp-1115016,1115016,1.020093312925,10
2026-07-21,2026-07-20,pao-de-acucar,Pão de Açúcar,ipca-sp-1115016,1115016,1.000000000000,10
2026-07-21,2026-07-20,st-marche,St Marché,ipca-sp-1115016,1115016,1.000000000000,5
2026-07-21,2026-07-20,carrefour,Carrefour Mercado,ipca-sp-1115039,1115039,1.000000000000,5
2026-07-21,2026-07-20,extra-mercado,Extra Mercado,ipca-sp-1115039,1115039,1.057459513766,4
2026-07-21,2026-07-20,pao-de-acucar,Pão de Açúcar,ipca-sp-1115039,1115039,1.000000000000,2
2026-07-21,2026-07-20,st-marche,St Marché,ipca-sp-1115039,1115039,1.000000000000,1
2026-07-21,2026-07-20,carrefour,Carrefour Mercado,ipca-sp-1115057,1115057,1.000000000000,11
2026-07-21,2026-07-20,extra-mercado,Extra Mercado,ipca-sp-1115057,1115057,1.000000000000,22
2026-07-21,2026-07-20,pao-de-acucar,Pão de Açúcar,ipca-sp-1115057,1115057,1.000000000000,35
2026-07-21,2026-07-20,st-marche,St Marché,ipca-sp-1115057,1115057,1.000000000000,2
2026-07-21,2026-07-20,carrefour,Carrefour Mercado,ipca-sp-1115058,1115058,1.000000000000,3
2026-07-21,2026-07-20,extra-mercado,Extra Mercado,ipca-sp-1115058,1115058,1.126570495151,3
2026-07-21,2026-07-20,pao-de-acucar,Pão de Açúcar,ipca-sp-1115058,1115058,1.000000000000,1
2026-07-21,2026-07-20,st-marche,St Marché,ipca-sp-1115058,1115058,1.000000000000,2
2026-07-21,2026-07-20,carrefour,Carrefour Mercado,ipca-sp-1115075,1115075,1.000000000000,14
2026-07-21,2026-07-20,extra-mercado,Extra Mercado,ipca-sp-1115075,1115075,0.987282810692,13
2026-07-21,2026-07-20,pao-de-acucar,Pão de Açúcar,ipca-sp-1115075,1115075,1.000000000000,3
2026-07-21,2026-07-20,st-marche,St Marché,ipca-sp-1115075,1115075,1.000000000000,2
2026-07-21,2026-07-20,carrefour,Carrefour Mercado,ipca-sp-1116005,1116005,1.000000000000,34
2026-07-21,2026-07-20,extra-mercado,Extra Mercado,ipca-sp-1116005,1116005,1.052427529731,37
2026-07-21,2026-07-20,pao-de-acucar,Pão de Açúcar,ipca-sp-1116005,1116005,1.000000000000,21
2026-07-21,2026-07-20,st-marche,St Marché,ipca-sp-1116005,1116005,1.000000000000,13
2026-07-21,2026-07-20,carrefour,Carrefour Mercado,ipca-sp-1116010,1116010,1.000000000000,4
2026-07-21,2026-07-20,extra-mercado,Extra Mercado,ipca-sp-1116010,1116010,0.990225451639,6
2026-07-21,2026-07-20,pao-de-acucar,Pão de Açúcar,ipca-sp-1116010,1116010,1.000000000000,7
2026-07-21,2026-07-20,st-marche,St Marché,ipca-sp-1116010,1116010,1.000000000000,14
2026-07-21,2026-07-20,carrefour,Carrefour Mercado,ipca-sp-1116033,1116033,1.000000000000,13
2026-07-21,2026-07-20,extra-mercado,Extra Mercado,ipca-sp-1116033,1116033,0.977337162798,22
2026-07-21,2026-07-20,pao-de-acucar,Pão de Açúcar,ipca-sp-1116033,1116033,1.000000000000,6
2026-07-21,2026-07-20,st-marche,St Marché,ipca-sp-1116033,1116033,1.000000000000,3
2026-07-21,2026-07-20,carrefour,Carrefour Mercado,ipca-sp-1116041,1116041,1.043993574783,6
2026-07-21,2026-07-20,extra-mercado,Extra Mercado,ipca-sp-1116041,1116041,1.000000000000,13
2026-07-21,2026-07-20,pao-de-acucar,Pão de Açúcar,ipca-sp-1116041,1116041,0.992767076350,15
2026-07-21,2026-07-20,st-marche,St Marché,ipca-sp-1116041,1116041,1.000000000000,2
2026-07-21,2026-07-20,carrefour,Carrefour Mercado,ipca-sp-1116071,1116071,1.000000000000,15
2026-07-21,2026-07-20,extra-mercado,Extra Mercado,ipca-sp-1116071,1116071,1.000000000000,32
2026-07-21,2026-07-20,pao-de-acucar,Pão de Açúcar,ipca-sp-1116071,1116071,1.000000000000,29
2026-07-21,2026-07-20,st-marche,St Marché,ipca-sp-1116071,1116071,1.000000000000,6
2026-07-22,2026-07-21,carrefour,Carrefour Mercado,ipca-sp-1101002,1101002,0.999983474352,21
2026-07-22,2026-07-21,extra-mercado,Extra Mercado,ipca-sp-1101002,1101002,0.994926624791,26
2026-07-22,2026-07-21,pao-de-acucar,Pão de Açúcar,ipca-sp-1101002,1101002,1.000372097290,27
2026-07-22,2026-07-21,st-marche,St Marché,ipca-sp-1101002,1101002,1.000000000000,4
2026-07-22,2026-07-21,carrefour,Carrefour Mercado,ipca-sp-1101073,1101073,1.000000000000,9
2026-07-22,2026-07-21,extra-mercado,Extra Mercado,ipca-sp-1101073,1101073,1.000000000000,10
2026-07-22,2026-07-21,st-marche,St Marché,ipca-sp-1101073,1101073,1.000000000000,1
2026-07-22,2026-07-21,carrefour,Carrefour Mercado,ipca-sp-1102006,1102006,0.999983258414,46
2026-07-22,2026-07-21,extra-mercado,Extra Mercado,ipca-sp-1102006,1102006,1.000000000000,53
2026-07-22,2026-07-21,pao-de-acucar,Pão de Açúcar,ipca-sp-1102006,1102006,1.000000000000,21
2026-07-22,2026-07-21,st-marche,St Marché,ipca-sp-1102006,1102006,1.000000000000,27
2026-07-22,2026-07-21,carrefour,Carrefour Mercado,ipca-sp-1102012,1102012,1.000000000000,5
2026-07-22,2026-07-21,extra-mercado,Extra Mercado,ipca-sp-1102012,1102012,1.000000000000,8
2026-07-22,2026-07-21,st-marche,St Marché,ipca-sp-1102012,1102012,1.000000000000,5
2026-07-22,2026-07-21,carrefour,Carrefour Mercado,ipca-sp-1102023,1102023,1.000000000000,5
2026-07-22,2026-07-21,extra-mercado,Extra Mercado,ipca-sp-1102023,1102023,1.000000000000,6
2026-07-22,2026-07-21,st-marche,St Marché,ipca-sp-1102023,1102023,1.000000000000,1
2026-07-22,2026-07-21,carrefour,Carrefour Mercado,ipca-sp-1102029,1102029,1.000000000000,19
2026-07-22,2026-07-21,extra-mercado,Extra Mercado,ipca-sp-1102029,1102029,1.004878639043,49
2026-07-22,2026-07-21,pao-de-acucar,Pão de Açúcar,ipca-sp-1102029,1102029,1.000000000000,49
2026-07-22,2026-07-21,st-marche,St Marché,ipca-sp-1102029,1102029,1.000000000000,56
2026-07-22,2026-07-21,carrefour,Carrefour Mercado,ipca-sp-1102061,1102061,1.000000000000,14
2026-07-22,2026-07-21,extra-mercado,Extra Mercado,ipca-sp-1102061,1102061,1.000000000000,38
2026-07-22,2026-07-21,pao-de-acucar,Pão de Açúcar,ipca-sp-1102061,1102061,1.000000000000,2
2026-07-22,2026-07-21,st-marche,St Marché,ipca-sp-1102061,1102061,1.000000000000,5
2026-07-22,2026-07-21,carrefour,Carrefour Mercado,ipca-sp-1103002,1103002,0.779559118236,1
2026-07-22,2026-07-21,extra-mercado,Extra Mercado,ipca-sp-1103002,1103002,1.000000000000,2
2026-07-22,2026-07-21,st-marche,St Marché,ipca-sp-1103002,1103002,1.000000000000,4
2026-07-22,2026-07-21,carrefour,Carrefour Mercado,ipca-sp-1103003,1103003,0.944662910753,6
2026-07-22,2026-07-21,extra-mercado,Extra Mercado,ipca-sp-1103003,1103003,0.923709752614,9
2026-07-22,2026-07-21,pao-de-acucar,Pão de Açúcar,ipca-sp-1103003,1103003,1.000000000000,9
2026-07-22,2026-07-21,st-marche,St Marché,ipca-sp-1103003,1103003,1.000000000000,6
2026-07-22,2026-07-21,carrefour,Carrefour Mercado,ipca-sp-1103020,1103020,1.000000000000,1
2026-07-22,2026-07-21,extra-mercado,Extra Mercado,ipca-sp-1103020,1103020,1.000000000000,1
2026-07-22,2026-07-21,pao-de-acucar,Pão de Açúcar,ipca-sp-1103020,1103020,1.000000000000,1
2026-07-22,2026-07-21,st-marche,St Marché,ipca-sp-1103020,1103020,1.000000000000,3
2026-07-22,2026-07-21,carrefour,Carrefour Mercado,ipca-sp-1103026,1103026,1.000000000000,1
2026-07-22,2026-07-21,extra-mercado,Extra Mercado,ipca-sp-1103026,1103026,1.010565184677,7
2026-07-22,2026-07-21,pao-de-acucar,Pão de Açúcar,ipca-sp-1103026,1103026,1.000000000000,2
2026-07-22,2026-07-21,st-marche,St Marché,ipca-sp-1103026,1103026,1.000000000000,4
2026-07-22,2026-07-21,carrefour,Carrefour Mercado,ipca-sp-1103028,1103028,1.000000000000,10
2026-07-22,2026-07-21,extra-mercado,Extra Mercado,ipca-sp-1103028,1103028,0.844680374356,7
2026-07-22,2026-07-21,pao-de-acucar,Pão de Açúcar,ipca-sp-1103028,1103028,1.000000000000,5
2026-07-22,2026-07-21,st-marche,St Marché,ipca-sp-1103028,1103028,1.000000000000,4
2026-07-22,2026-07-21,carrefour,Carrefour Mercado,ipca-sp-1103043,1103043,0.970949789446,4
2026-07-22,2026-07-21,extra-mercado,Extra Mercado,ipca-sp-1103043,1103043,1.000000000000,2
2026-07-22,2026-07-21,pao-de-acucar,Pão de Açúcar,ipca-sp-1103043,1103043,1.000000000000,1
2026-07-22,2026-07-21,st-marche,St Marché,ipca-sp-1103043,1103043,1.000000000000,9
2026-07-22,2026-07-21,carrefour,Carrefour Mercado,ipca-sp-1103044,1103044,0.684217551972,2
2026-07-22,2026-07-21,extra-mercado,Extra Mercado,ipca-sp-1103044,1103044,0.912769380598,2
2026-07-22,2026-07-21,st-marche,St Marché,ipca-sp-1103044,1103044,1.000000000000,3
2026-07-22,2026-07-21,carrefour,Carrefour Mercado,ipca-sp-1104003,1104003,0.981042101913,7
2026-07-22,2026-07-21,extra-mercado,Extra Mercado,ipca-sp-1104003,1104003,1.000000000000,4
2026-07-22,2026-07-21,pao-de-acucar,Pão de Açúcar,ipca-sp-1104003,1104003,1.000000000000,1
2026-07-22,2026-07-21,st-marche,St Marché,ipca-sp-1104003,1104003,1.000000000000,1
2026-07-22,2026-07-21,carrefour,Carrefour Mercado,ipca-sp-1104023,1104023,1.048059623618,67
2026-07-22,2026-07-21,extra-mercado,Extra Mercado,ipca-sp-1104023,1104023,0.996415864899,129
2026-07-22,2026-07-21,pao-de-acucar,Pão de Açúcar,ipca-sp-1104023,1104023,1.005489361526,70
2026-07-22,2026-07-21,st-marche,St Marché,ipca-sp-1104023,1104023,0.983972877113,22
2026-07-22,2026-07-21,carrefour,Carrefour Mercado,ipca-sp-1104032,1104032,1.000000000000,17
2026-07-22,2026-07-21,extra-mercado,Extra Mercado,ipca-sp-1104032,1104032,1.045430465261,29
2026-07-22,2026-07-21,pao-de-acucar,Pão de Açúcar,ipca-sp-1104032,1104032,1.013658769810,101
2026-07-22,2026-07-21,st-marche,St Marché,ipca-sp-1104032,1104032,1.000000000000,118
2026-07-22,2026-07-21,carrefour,Carrefour Mercado,ipca-sp-1104052,1104052,1.000000000000,20
2026-07-22,2026-07-21,extra-mercado,Extra Mercado,ipca-sp-1104052,1104052,0.957587310429,19
2026-07-22,2026-07-21,pao-de-acucar,Pão de Açúcar,ipca-sp-1104052,1104052,1.000000000000,8
2026-07-22,2026-07-21,st-marche,St Marché,ipca-sp-1104052,1104052,1.000000000000,7
2026-07-22,2026-07-21,carrefour,Carrefour Mercado,ipca-sp-1105001,1105001,1.000000000000,6
2026-07-22,2026-07-21,extra-mercado,Extra Mercado,ipca-sp-1105001,1105001,1.000000000000,3
2026-07-22,2026-07-21,st-marche,St Marché,ipca-sp-1105001,1105001,1.000000000000,12
2026-07-22,2026-07-21,carrefour,Carrefour Mercado,ipca-sp-1105005,1105005,1.000000000000,2
2026-07-22,2026-07-21,extra-mercado,Extra Mercado,ipca-sp-1105005,1105005,1.000000000000,1
2026-07-22,2026-07-21,st-marche,St Marché,ipca-sp-1105005,1105005,1.000000000000,3
2026-07-22,2026-07-21,carrefour,Carrefour Mercado,ipca-sp-1105010,1105010,1.000000000000,1
2026-07-22,2026-07-21,extra-mercado,Extra Mercado,ipca-sp-1105010,1105010,0.908419869784,3
2026-07-22,2026-07-21,st-marche,St Marché,ipca-sp-1105010,1105010,1.000000000000,1
2026-07-22,2026-07-21,carrefour,Carrefour Mercado,ipca-sp-1105012,1105012,1.000000000000,5
2026-07-22,2026-07-21,extra-mercado,Extra Mercado,ipca-sp-1105012,1105012,1.000000000000,5
2026-07-22,2026-07-21,carrefour,Carrefour Mercado,ipca-sp-1105019,1105019,1.000000000000,8
2026-07-22,2026-07-21,extra-mercado,Extra Mercado,ipca-sp-1105019,1105019,1.000000000000,4
2026-07-22,2026-07-21,pao-de-acucar,Pão de Açúcar,ipca-sp-1105019,1105019,1.000000000000,1
2026-07-22,2026-07-21,st-marche,St Marché,ipca-sp-1105019,1105019,1.000000000000,7
2026-07-22,2026-07-21,extra-mercado,Extra Mercado,ipca-sp-1106005,1106005,1.000000000000,1
2026-07-22,2026-07-21,carrefour,Carrefour Mercado,ipca-sp-1106008,1106008,1.000000000000,1
2026-07-22,2026-07-21,extra-mercado,Extra Mercado,ipca-sp-1106008,1106008,1.000000000000,1
2026-07-22,2026-07-21,st-marche,St Marché,ipca-sp-1106008,1106008,1.000000000000,3
2026-07-22,2026-07-21,carrefour,Carrefour Mercado,ipca-sp-1106015,1106015,1.000000000000,3
2026-07-22,2026-07-21,extra-mercado,Extra Mercado,ipca-sp-1106015,1106015,1.000000000000,2
2026-07-22,2026-07-21,st-marche,St Marché,ipca-sp-1106015,1106015,1.000000000000,2
2026-07-22,2026-07-21,carrefour,Carrefour Mercado,ipca-sp-1106017,1106017,1.000000000000,4
2026-07-22,2026-07-21,extra-mercado,Extra Mercado,ipca-sp-1106017,1106017,1.031359493787,5
2026-07-22,2026-07-21,st-marche,St Marché,ipca-sp-1106017,1106017,0.977457353661,8
2026-07-22,2026-07-21,carrefour,Carrefour Mercado,ipca-sp-1106018,1106018,1.000000000000,2
2026-07-22,2026-07-21,extra-mercado,Extra Mercado,ipca-sp-1106018,1106018,0.956292645459,5
2026-07-22,2026-07-21,pao-de-acucar,Pão de Açúcar,ipca-sp-1106018,1106018,1.000000000000,3
2026-07-22,2026-07-21,st-marche,St Marché,ipca-sp-1106018,1106018,1.000000000000,4
2026-07-22,2026-07-21,carrefour,Carrefour Mercado,ipca-sp-1106019,1106019,0.777530589544,1
2026-07-22,2026-07-21,extra-mercado,Extra Mercado,ipca-sp-1106019,1106019,0.919478868241,3
2026-07-22,2026-07-21,st-marche,St Marché,ipca-sp-1106019,1106019,1.000000000000,7
2026-07-22,2026-07-21,carrefour,Carrefour Mercado,ipca-sp-1106023,1106023,0.909090909091,1
2026-07-22,2026-07-21,extra-mercado,Extra Mercado,ipca-sp-1106023,1106023,1.000000000000,3
2026-07-22,2026-07-21,st-marche,St Marché,ipca-sp-1106023,1106023,1.000000000000,6
2026-07-22,2026-07-21,carrefour,Carrefour Mercado,ipca-sp-1106027,1106027,1.000000000000,3
2026-07-22,2026-07-21,extra-mercado,Extra Mercado,ipca-sp-1106027,1106027,1.000000000000,4
2026-07-22,2026-07-21,st-marche,St Marché,ipca-sp-1106027,1106027,1.000000000000,6
2026-07-22,2026-07-21,carrefour,Carrefour Mercado,ipca-sp-1106028,1106028,0.953462589246,2
2026-07-22,2026-07-21,extra-mercado,Extra Mercado,ipca-sp-1106028,1106028,1.000000000000,4
2026-07-22,2026-07-21,st-marche,St Marché,ipca-sp-1106028,1106028,1.000000000000,9
2026-07-22,2026-07-21,carrefour,Carrefour Mercado,ipca-sp-1106039,1106039,1.000000000000,1
2026-07-22,2026-07-21,extra-mercado,Extra Mercado,ipca-sp-1106039,1106039,1.000000000000,4
2026-07-22,2026-07-21,pao-de-acucar,Pão de Açúcar,ipca-sp-1106039,1106039,1.000000000000,1
2026-07-22,2026-07-21,carrefour,Carrefour Mercado,ipca-sp-1107018,1107018,0.981286048652,21
2026-07-22,2026-07-21,extra-mercado,Extra Mercado,ipca-sp-1107018,1107018,0.961193101534,48
2026-07-22,2026-07-21,pao-de-acucar,Pão de Açúcar,ipca-sp-1107018,1107018,0.991287240823,45
2026-07-22,2026-07-21,st-marche,St Marché,ipca-sp-1107018,1107018,0.996595093956,31
2026-07-22,2026-07-21,carrefour,Carrefour Mercado,ipca-sp-1107084,1107084,1.047828598574,4
2026-07-22,2026-07-21,extra-mercado,Extra Mercado,ipca-sp-1107084,1107084,1.000000000000,4
2026-07-22,2026-07-21,pao-de-acucar,Pão de Açúcar,ipca-sp-1107084,1107084,1.025747152486,12
2026-07-22,2026-07-21,st-marche,St Marché,ipca-sp-1107084,1107084,1.000000000000,4
2026-07-22,2026-07-21,carrefour,Carrefour Mercado,ipca-sp-1107087,1107087,1.000000000000,3
2026-07-22,2026-07-21,extra-mercado,Extra Mercado,ipca-sp-1107087,1107087,0.946226449642,3
2026-07-22,2026-07-21,pao-de-acucar,Pão de Açúcar,ipca-sp-1107087,1107087,1.000000000000,2
2026-07-22,2026-07-21,st-marche,St Marché,ipca-sp-1107087,1107087,1.000000000000,7
2026-07-22,2026-07-21,carrefour,Carrefour Mercado,ipca-sp-1107088,1107088,1.000000000000,3
2026-07-22,2026-07-21,extra-mercado,Extra Mercado,ipca-sp-1107088,1107088,1.000000000000,4
2026-07-22,2026-07-21,pao-de-acucar,Pão de Açúcar,ipca-sp-1107088,1107088,1.000000000000,10
2026-07-22,2026-07-21,st-marche,St Marché,ipca-sp-1107088,1107088,1.000000000000,4
2026-07-22,2026-07-21,carrefour,Carrefour Mercado,ipca-sp-1107089,1107089,1.000000000000,5
2026-07-22,2026-07-21,extra-mercado,Extra Mercado,ipca-sp-1107089,1107089,1.000000000000,4
2026-07-22,2026-07-21,pao-de-acucar,Pão de Açúcar,ipca-sp-1107089,1107089,1.000000000000,6
2026-07-22,2026-07-21,st-marche,St Marché,ipca-sp-1107089,1107089,1.000000000000,7
2026-07-22,2026-07-21,carrefour,Carrefour Mercado,ipca-sp-1107091,1107091,1.000000000000,1
2026-07-22,2026-07-21,pao-de-acucar,Pão de Açúcar,ipca-sp-1107091,1107091,1.000000000000,5
2026-07-22,2026-07-21,st-marche,St Marché,ipca-sp-1107091,1107091,1.000000000000,3
2026-07-22,2026-07-21,carrefour,Carrefour Mercado,ipca-sp-1107093,1107093,1.000000000000,1
2026-07-22,2026-07-21,extra-mercado,Extra Mercado,ipca-sp-1107093,1107093,1.000000000000,4
2026-07-22,2026-07-21,pao-de-acucar,Pão de Açúcar,ipca-sp-1107093,1107093,1.000000000000,3
2026-07-22,2026-07-21,st-marche,St Marché,ipca-sp-1107093,1107093,1.000000000000,2
2026-07-22,2026-07-21,carrefour,Carrefour Mercado,ipca-sp-1107094,1107094,1.000000000000,1
2026-07-22,2026-07-21,extra-mercado,Extra Mercado,ipca-sp-1107094,1107094,1.000000000000,1
2026-07-22,2026-07-21,pao-de-acucar,Pão de Açúcar,ipca-sp-1107094,1107094,1.000000000000,1
2026-07-22,2026-07-21,st-marche,St Marché,ipca-sp-1107094,1107094,1.000000000000,1
2026-07-22,2026-07-21,carrefour,Carrefour Mercado,ipca-sp-1107095,1107095,1.000000000000,4
2026-07-22,2026-07-21,extra-mercado,Extra Mercado,ipca-sp-1107095,1107095,1.000000000000,2
2026-07-22,2026-07-21,pao-de-acucar,Pão de Açúcar,ipca-sp-1107095,1107095,1.000000000000,4
2026-07-22,2026-07-21,st-marche,St Marché,ipca-sp-1107095,1107095,1.000000000000,3
2026-07-22,2026-07-21,carrefour,Carrefour Mercado,ipca-sp-1107099,1107099,1.000000000000,2
2026-07-22,2026-07-21,extra-mercado,Extra Mercado,ipca-sp-1107099,1107099,1.073889448036,2
2026-07-22,2026-07-21,pao-de-acucar,Pão de Açúcar,ipca-sp-1107099,1107099,1.000000000000,8
2026-07-22,2026-07-21,st-marche,St Marché,ipca-sp-1107099,1107099,1.000000000000,3
2026-07-22,2026-07-21,carrefour,Carrefour Mercado,ipca-sp-1108031,1108031,1.000000000000,3
2026-07-22,2026-07-21,extra-mercado,Extra Mercado,ipca-sp-1108031,1108031,1.000000000000,2
2026-07-22,2026-07-21,pao-de-acucar,Pão de Açúcar,ipca-sp-1108031,1108031,1.000000000000,1
2026-07-22,2026-07-21,st-marche,St Marché,ipca-sp-1108031,1108031,1.000000000000,1
2026-07-22,2026-07-21,pao-de-acucar,Pão de Açúcar,ipca-sp-1108038,1108038,1.000000000000,3
2026-07-22,2026-07-21,st-marche,St Marché,ipca-sp-1108038,1108038,1.000000000000,2
2026-07-22,2026-07-21,carrefour,Carrefour Mercado,ipca-sp-1108075,1108075,1.035614446026,4
2026-07-22,2026-07-21,extra-mercado,Extra Mercado,ipca-sp-1108075,1108075,1.000000000000,2
2026-07-22,2026-07-21,pao-de-acucar,Pão de Açúcar,ipca-sp-1108075,1108075,1.000000000000,33
2026-07-22,2026-07-21,st-marche,St Marché,ipca-sp-1108075,1108075,1.000000000000,7
2026-07-22,2026-07-21,carrefour,Carrefour Mercado,ipca-sp-1108080,1108080,1.000000000000,5
2026-07-22,2026-07-21,extra-mercado,Extra Mercado,ipca-sp-1108080,1108080,1.000000000000,4
2026-07-22,2026-07-21,pao-de-acucar,Pão de Açúcar,ipca-sp-1108080,1108080,0.977399454864,8
2026-07-22,2026-07-21,st-marche,St Marché,ipca-sp-1108080,1108080,1.000000000000,4
2026-07-22,2026-07-21,carrefour,Carrefour Mercado,ipca-sp-1109002,1109002,1.000000000000,5
2026-07-22,2026-07-21,extra-mercado,Extra Mercado,ipca-sp-1109002,1109002,1.000000000000,10
2026-07-22,2026-07-21,pao-de-acucar,Pão de Açúcar,ipca-sp-1109002,1109002,1.000000000000,22
2026-07-22,2026-07-21,st-marche,St Marché,ipca-sp-1109002,1109002,1.000000000000,11
2026-07-22,2026-07-21,carrefour,Carrefour Mercado,ipca-sp-1109007,1109007,1.000000000000,6
2026-07-22,2026-07-21,extra-mercado,Extra Mercado,ipca-sp-1109007,1109007,1.000000000000,12
2026-07-22,2026-07-21,pao-de-acucar,Pão de Açúcar,ipca-sp-1109007,1109007,1.000000000000,15
2026-07-22,2026-07-21,st-marche,St Marché,ipca-sp-1109007,1109007,1.000000000000,2
2026-07-22,2026-07-21,carrefour,Carrefour Mercado,ipca-sp-1109008,1109008,1.000000000000,12
2026-07-22,2026-07-21,extra-mercado,Extra Mercado,ipca-sp-1109008,1109008,1.000000000000,30
2026-07-22,2026-07-21,pao-de-acucar,Pão de Açúcar,ipca-sp-1109008,1109008,1.000000000000,63
2026-07-22,2026-07-21,st-marche,St Marché,ipca-sp-1109008,1109008,1.000000000000,47
2026-07-22,2026-07-21,carrefour,Carrefour Mercado,ipca-sp-1109010,1109010,1.000000000000,4
2026-07-22,2026-07-21,extra-mercado,Extra Mercado,ipca-sp-1109010,1109010,1.000000000000,13
2026-07-22,2026-07-21,pao-de-acucar,Pão de Açúcar,ipca-sp-1109010,1109010,1.000000000000,2
2026-07-22,2026-07-21,st-marche,St Marché,ipca-sp-1109010,1109010,1.000000000000,3
2026-07-22,2026-07-21,carrefour,Carrefour Mercado,ipca-sp-1110009,1110009,1.000000000000,1
2026-07-22,2026-07-21,extra-mercado,Extra Mercado,ipca-sp-1110009,1110009,1.000000000000,3
2026-07-22,2026-07-21,pao-de-acucar,Pão de Açúcar,ipca-sp-1110009,1110009,1.000000000000,5
2026-07-22,2026-07-21,st-marche,St Marché,ipca-sp-1110009,1110009,1.000000000000,1
2026-07-22,2026-07-21,carrefour,Carrefour Mercado,ipca-sp-1110010,1110010,1.000000000000,48
2026-07-22,2026-07-21,extra-mercado,Extra Mercado,ipca-sp-1110010,1110010,0.992622704558,51
2026-07-22,2026-07-21,pao-de-acucar,Pão de Açúcar,ipca-sp-1110010,1110010,0.992245345921,60
2026-07-22,2026-07-21,st-marche,St Marché,ipca-sp-1110010,1110010,0.998299755042,61
2026-07-22,2026-07-21,carrefour,Carrefour Mercado,ipca-sp-1110044,1110044,0.861922989470,5
2026-07-22,2026-07-21,extra-mercado,Extra Mercado,ipca-sp-1110044,1110044,1.000000000000,13
2026-07-22,2026-07-21,pao-de-acucar,Pão de Açúcar,ipca-sp-1110044,1110044,0.967382315096,11
2026-07-22,2026-07-21,st-marche,St Marché,ipca-sp-1110044,1110044,0.992631704263,18
2026-07-22,2026-07-21,carrefour,Carrefour Mercado,ipca-sp-1111004,1111004,0.981919761701,42
2026-07-22,2026-07-21,extra-mercado,Extra Mercado,ipca-sp-1111004,1111004,0.986183466671,14
2026-07-22,2026-07-21,pao-de-acucar,Pão de Açúcar,ipca-sp-1111004,1111004,1.000000000000,1
2026-07-22,2026-07-21,st-marche,St Marché,ipca-sp-1111004,1111004,1.000000000000,17
2026-07-22,2026-07-21,carrefour,Carrefour Mercado,ipca-sp-1111009,1111009,1.014413691288,15
2026-07-22,2026-07-21,extra-mercado,Extra Mercado,ipca-sp-1111009,1111009,0.952388571765,10
2026-07-22,2026-07-21,pao-de-acucar,Pão de Açúcar,ipca-sp-1111009,1111009,1.000000000000,5
2026-07-22,2026-07-21,st-marche,St Marché,ipca-sp-1111009,1111009,1.000000000000,2
2026-07-22,2026-07-21,carrefour,Carrefour Mercado,ipca-sp-1111011,1111011,0.988605529927,63
2026-07-22,2026-07-21,extra-mercado,Extra Mercado,ipca-sp-1111011,1111011,0.997100761686,74
2026-07-22,2026-07-21,pao-de-acucar,Pão de Açúcar,ipca-sp-1111011,1111011,1.000993575022,277
2026-07-22,2026-07-21,st-marche,St Marché,ipca-sp-1111011,1111011,0.995355574276,82
2026-07-22,2026-07-21,carrefour,Carrefour Mercado,ipca-sp-1111019,1111019,0.999365508879,153
2026-07-22,2026-07-21,extra-mercado,Extra Mercado,ipca-sp-1111019,1111019,0.993803943146,229
2026-07-22,2026-07-21,pao-de-acucar,Pão de Açúcar,ipca-sp-1111019,1111019,0.975344535238,39
2026-07-22,2026-07-21,st-marche,St Marché,ipca-sp-1111019,1111019,0.997030660346,106
2026-07-22,2026-07-21,carrefour,Carrefour Mercado,ipca-sp-1111021,1111021,0.995676866732,40
2026-07-22,2026-07-21,extra-mercado,Extra Mercado,ipca-sp-1111021,1111021,1.007212009265,22
2026-07-22,2026-07-21,pao-de-acucar,Pão de Açúcar,ipca-sp-1111021,1111021,1.000000000000,15
2026-07-22,2026-07-21,st-marche,St Marché,ipca-sp-1111021,1111021,1.006509901683,21
2026-07-22,2026-07-21,carrefour,Carrefour Mercado,ipca-sp-1112003,1112003,0.990766755915,116
2026-07-22,2026-07-21,extra-mercado,Extra Mercado,ipca-sp-1112003,1112003,0.998610737220,234
2026-07-22,2026-07-21,pao-de-acucar,Pão de Açúcar,ipca-sp-1112003,1112003,1.000000000000,65
2026-07-22,2026-07-21,st-marche,St Marché,ipca-sp-1112003,1112003,1.000000000000,69
2026-07-22,2026-07-21,carrefour,Carrefour Mercado,ipca-sp-1112015,1112015,1.000000000000,4
2026-07-22,2026-07-21,extra-mercado,Extra Mercado,ipca-sp-1112015,1112015,1.000000000000,8
2026-07-22,2026-07-21,st-marche,St Marché,ipca-sp-1112015,1112015,1.000000000000,5
2026-07-22,2026-07-21,carrefour,Carrefour Mercado,ipca-sp-1112017,1112017,1.000000000000,4
2026-07-22,2026-07-21,extra-mercado,Extra Mercado,ipca-sp-1112017,1112017,1.000000000000,15
2026-07-22,2026-07-21,st-marche,St Marché,ipca-sp-1112017,1112017,0.964939464983,7
2026-07-22,2026-07-21,carrefour,Carrefour Mercado,ipca-sp-1112018,1112018,0.996959590648,57
2026-07-22,2026-07-21,extra-mercado,Extra Mercado,ipca-sp-1112018,1112018,1.011596661033,28
2026-07-22,2026-07-21,pao-de-acucar,Pão de Açúcar,ipca-sp-1112018,1112018,1.000000000000,7
2026-07-22,2026-07-21,st-marche,St Marché,ipca-sp-1112018,1112018,1.001003635636,66
2026-07-22,2026-07-21,carrefour,Carrefour Mercado,ipca-sp-1112019,1112019,0.996707198123,32
2026-07-22,2026-07-21,extra-mercado,Extra Mercado,ipca-sp-1112019,1112019,1.002231302517,86
2026-07-22,2026-07-21,pao-de-acucar,Pão de Açúcar,ipca-sp-1112019,1112019,0.788203007549,24
2026-07-22,2026-07-21,st-marche,St Marché,ipca-sp-1112019,1112019,1.000000000000,110
2026-07-22,2026-07-21,carrefour,Carrefour Mercado,ipca-sp-1113013,1113013,1.000000000000,5
2026-07-22,2026-07-21,extra-mercado,Extra Mercado,ipca-sp-1113013,1113013,0.956607472516,4
2026-07-22,2026-07-21,st-marche,St Marché,ipca-sp-1113013,1113013,1.000000000000,1
2026-07-22,2026-07-21,carrefour,Carrefour Mercado,ipca-sp-1113014,1113014,1.000000000000,13
2026-07-22,2026-07-21,extra-mercado,Extra Mercado,ipca-sp-1113014,1113014,1.048050419885,11
2026-07-22,2026-07-21,pao-de-acucar,Pão de Açúcar,ipca-sp-1113014,1113014,0.993916829695,8
2026-07-22,2026-07-21,st-marche,St Marché,ipca-sp-1113014,1113014,1.000000000000,6
2026-07-22,2026-07-21,carrefour,Carrefour Mercado,ipca-sp-1113040,1113040,1.007271559553,19
2026-07-22,2026-07-21,extra-mercado,Extra Mercado,ipca-sp-1113040,1113040,1.000000000000,15
2026-07-22,2026-07-21,pao-de-acucar,Pão de Açúcar,ipca-sp-1113040,1113040,1.000000000000,2
2026-07-22,2026-07-21,st-marche,St Marché,ipca-sp-1113040,1113040,1.000000000000,7
2026-07-22,2026-07-21,carrefour,Carrefour Mercado,ipca-sp-1114001,1114001,1.000000000000,90
2026-07-22,2026-07-21,extra-mercado,Extra Mercado,ipca-sp-1114001,1114001,1.008349913256,80
2026-07-22,2026-07-21,pao-de-acucar,Pão de Açúcar,ipca-sp-1114001,1114001,1.000000000000,15
2026-07-22,2026-07-21,st-marche,St Marché,ipca-sp-1114001,1114001,1.000000000000,39
2026-07-22,2026-07-21,carrefour,Carrefour Mercado,ipca-sp-1114022,1114022,1.000000000000,39
2026-07-22,2026-07-21,extra-mercado,Extra Mercado,ipca-sp-1114022,1114022,1.009380910531,56
2026-07-22,2026-07-21,pao-de-acucar,Pão de Açúcar,ipca-sp-1114022,1114022,1.000000000000,33
2026-07-22,2026-07-21,st-marche,St Marché,ipca-sp-1114022,1114022,1.009627647346,11
2026-07-22,2026-07-21,carrefour,Carrefour Mercado,ipca-sp-1114083,1114083,1.000000000000,110
2026-07-22,2026-07-21,extra-mercado,Extra Mercado,ipca-sp-1114083,1114083,1.015547868398,107
2026-07-22,2026-07-21,st-marche,St Marché,ipca-sp-1114083,1114083,1.000000000000,103
2026-07-22,2026-07-21,carrefour,Carrefour Mercado,ipca-sp-1114084,1114084,1.000000000000,39
2026-07-22,2026-07-21,extra-mercado,Extra Mercado,ipca-sp-1114084,1114084,1.007433526210,71
2026-07-22,2026-07-21,pao-de-acucar,Pão de Açúcar,ipca-sp-1114084,1114084,1.000000000000,3
2026-07-22,2026-07-21,carrefour,Carrefour Mercado,ipca-sp-1114087,1114087,1.000000000000,19
2026-07-22,2026-07-21,extra-mercado,Extra Mercado,ipca-sp-1114087,1114087,1.017708688512,31
2026-07-22,2026-07-21,pao-de-acucar,Pão de Açúcar,ipca-sp-1114087,1114087,1.015066391935,216
2026-07-22,2026-07-21,st-marche,St Marché,ipca-sp-1114087,1114087,1.000000000000,291
2026-07-22,2026-07-21,carrefour,Carrefour Mercado,ipca-sp-1114090,1114090,1.000000000000,20
2026-07-22,2026-07-21,extra-mercado,Extra Mercado,ipca-sp-1114090,1114090,1.000000000000,38
2026-07-22,2026-07-21,st-marche,St Marché,ipca-sp-1114090,1114090,1.000000000000,4
2026-07-22,2026-07-21,carrefour,Carrefour Mercado,ipca-sp-1115016,1115016,1.000000000000,4
2026-07-22,2026-07-21,extra-mercado,Extra Mercado,ipca-sp-1115016,1115016,1.010180796713,10
2026-07-22,2026-07-21,pao-de-acucar,Pão de Açúcar,ipca-sp-1115016,1115016,1.020884162759,10
2026-07-22,2026-07-21,st-marche,St Marché,ipca-sp-1115016,1115016,1.000000000000,4
2026-07-22,2026-07-21,carrefour,Carrefour Mercado,ipca-sp-1115039,1115039,1.000000000000,5
2026-07-22,2026-07-21,extra-mercado,Extra Mercado,ipca-sp-1115039,1115039,1.057459513766,4
2026-07-22,2026-07-21,pao-de-acucar,Pão de Açúcar,ipca-sp-1115039,1115039,1.000000000000,2
2026-07-22,2026-07-21,st-marche,St Marché,ipca-sp-1115039,1115039,1.000000000000,1
2026-07-22,2026-07-21,carrefour,Carrefour Mercado,ipca-sp-1115057,1115057,1.000000000000,11
2026-07-22,2026-07-21,extra-mercado,Extra Mercado,ipca-sp-1115057,1115057,1.000000000000,22
2026-07-22,2026-07-21,pao-de-acucar,Pão de Açúcar,ipca-sp-1115057,1115057,1.000000000000,34
2026-07-22,2026-07-21,st-marche,St Marché,ipca-sp-1115057,1115057,1.000000000000,2
2026-07-22,2026-07-21,carrefour,Carrefour Mercado,ipca-sp-1115058,1115058,1.000000000000,3
2026-07-22,2026-07-21,extra-mercado,Extra Mercado,ipca-sp-1115058,1115058,1.033163917357,3
2026-07-22,2026-07-21,pao-de-acucar,Pão de Açúcar,ipca-sp-1115058,1115058,1.000000000000,1
2026-07-22,2026-07-21,st-marche,St Marché,ipca-sp-1115058,1115058,1.000000000000,2
2026-07-22,2026-07-21,carrefour,Carrefour Mercado,ipca-sp-1115075,1115075,1.000000000000,14
2026-07-22,2026-07-21,extra-mercado,Extra Mercado,ipca-sp-1115075,1115075,0.904965231844,13
2026-07-22,2026-07-21,pao-de-acucar,Pão de Açúcar,ipca-sp-1115075,1115075,1.000000000000,3
2026-07-22,2026-07-21,st-marche,St Marché,ipca-sp-1115075,1115075,1.000000000000,2
2026-07-22,2026-07-21,carrefour,Carrefour Mercado,ipca-sp-1116005,1116005,1.011169184105,34
2026-07-22,2026-07-21,extra-mercado,Extra Mercado,ipca-sp-1116005,1116005,1.007479341897,37
2026-07-22,2026-07-21,pao-de-acucar,Pão de Açúcar,ipca-sp-1116005,1116005,1.000000000000,21
2026-07-22,2026-07-21,st-marche,St Marché,ipca-sp-1116005,1116005,1.012526544632,13
2026-07-22,2026-07-21,carrefour,Carrefour Mercado,ipca-sp-1116010,1116010,1.000000000000,4
2026-07-22,2026-07-21,extra-mercado,Extra Mercado,ipca-sp-1116010,1116010,1.010167716920,6
2026-07-22,2026-07-21,pao-de-acucar,Pão de Açúcar,ipca-sp-1116010,1116010,1.000000000000,7
2026-07-22,2026-07-21,st-marche,St Marché,ipca-sp-1116010,1116010,0.984184010053,14
2026-07-22,2026-07-21,carrefour,Carrefour Mercado,ipca-sp-1116033,1116033,1.000000000000,13
2026-07-22,2026-07-21,extra-mercado,Extra Mercado,ipca-sp-1116033,1116033,1.025341049547,22
2026-07-22,2026-07-21,pao-de-acucar,Pão de Açúcar,ipca-sp-1116033,1116033,1.000000000000,6
2026-07-22,2026-07-21,st-marche,St Marché,ipca-sp-1116033,1116033,1.000000000000,3
2026-07-22,2026-07-21,carrefour,Carrefour Mercado,ipca-sp-1116041,1116041,1.000000000000,6
2026-07-22,2026-07-21,extra-mercado,Extra Mercado,ipca-sp-1116041,1116041,1.000000000000,13
2026-07-22,2026-07-21,pao-de-acucar,Pão de Açúcar,ipca-sp-1116041,1116041,1.007285619984,15
2026-07-22,2026-07-21,st-marche,St Marché,ipca-sp-1116041,1116041,1.000000000000,2
2026-07-22,2026-07-21,carrefour,Carrefour Mercado,ipca-sp-1116071,1116071,1.000000000000,15
2026-07-22,2026-07-21,extra-mercado,Extra Mercado,ipca-sp-1116071,1116071,1.000000000000,32
2026-07-22,2026-07-21,pao-de-acucar,Pão de Açúcar,ipca-sp-1116071,1116071,1.000000000000,27
2026-07-22,2026-07-21,st-marche,St Marché,ipca-sp-1116071,1116071,1.000000000000,6
2026-07-23,2026-07-22,carrefour,Carrefour Mercado,ipca-sp-1101002,1101002,1.000000000000,21
2026-07-23,2026-07-22,extra-mercado,Extra Mercado,ipca-sp-1101002,1101002,1.016587319523,26
2026-07-23,2026-07-22,pao-de-acucar,Pão de Açúcar,ipca-sp-1101002,1101002,1.000000000000,27
2026-07-23,2026-07-22,st-marche,St Marché,ipca-sp-1101002,1101002,1.000000000000,4
2026-07-23,2026-07-22,carrefour,Carrefour Mercado,ipca-sp-1101073,1101073,1.000000000000,9
2026-07-23,2026-07-22,extra-mercado,Extra Mercado,ipca-sp-1101073,1101073,1.013454766227,10
2026-07-23,2026-07-22,st-marche,St Marché,ipca-sp-1101073,1101073,1.000000000000,1
2026-07-23,2026-07-22,carrefour,Carrefour Mercado,ipca-sp-1102006,1102006,0.999965773057,45
2026-07-23,2026-07-22,extra-mercado,Extra Mercado,ipca-sp-1102006,1102006,1.000000000000,53
2026-07-23,2026-07-22,pao-de-acucar,Pão de Açúcar,ipca-sp-1102006,1102006,1.000000000000,23
2026-07-23,2026-07-22,st-marche,St Marché,ipca-sp-1102006,1102006,0.996754330060,27
2026-07-23,2026-07-22,carrefour,Carrefour Mercado,ipca-sp-1102012,1102012,1.000000000000,5
2026-07-23,2026-07-22,extra-mercado,Extra Mercado,ipca-sp-1102012,1102012,1.000000000000,8
2026-07-23,2026-07-22,st-marche,St Marché,ipca-sp-1102012,1102012,1.000000000000,5
2026-07-23,2026-07-22,carrefour,Carrefour Mercado,ipca-sp-1102023,1102023,1.000000000000,5
2026-07-23,2026-07-22,extra-mercado,Extra Mercado,ipca-sp-1102023,1102023,0.985153596294,6
2026-07-23,2026-07-22,st-marche,St Marché,ipca-sp-1102023,1102023,1.000000000000,1
2026-07-23,2026-07-22,carrefour,Carrefour Mercado,ipca-sp-1102029,1102029,1.000000000000,20
2026-07-23,2026-07-22,extra-mercado,Extra Mercado,ipca-sp-1102029,1102029,1.004616221502,49
2026-07-23,2026-07-22,pao-de-acucar,Pão de Açúcar,ipca-sp-1102029,1102029,1.000000000000,48
2026-07-23,2026-07-22,st-marche,St Marché,ipca-sp-1102029,1102029,0.997311659886,54
2026-07-23,2026-07-22,carrefour,Carrefour Mercado,ipca-sp-1102061,1102061,0.966811986748,14
2026-07-23,2026-07-22,extra-mercado,Extra Mercado,ipca-sp-1102061,1102061,0.988701763586,38
2026-07-23,2026-07-22,pao-de-acucar,Pão de Açúcar,ipca-sp-1102061,1102061,1.000000000000,2
2026-07-23,2026-07-22,st-marche,St Marché,ipca-sp-1102061,1102061,1.000000000000,5
2026-07-23,2026-07-22,carrefour,Carrefour Mercado,ipca-sp-1103002,1103002,1.000000000000,1
2026-07-23,2026-07-22,extra-mercado,Extra Mercado,ipca-sp-1103002,1103002,1.000000000000,2
2026-07-23,2026-07-22,st-marche,St Marché,ipca-sp-1103002,1103002,0.973976662553,4
2026-07-23,2026-07-22,carrefour,Carrefour Mercado,ipca-sp-1103003,1103003,1.000000000000,6
2026-07-23,2026-07-22,extra-mercado,Extra Mercado,ipca-sp-1103003,1103003,1.000000000000,9
2026-07-23,2026-07-22,pao-de-acucar,Pão de Açúcar,ipca-sp-1103003,1103003,1.018120593890,9
2026-07-23,2026-07-22,st-marche,St Marché,ipca-sp-1103003,1103003,1.000000000000,5
2026-07-23,2026-07-22,carrefour,Carrefour Mercado,ipca-sp-1103020,1103020,1.000000000000,1
2026-07-23,2026-07-22,extra-mercado,Extra Mercado,ipca-sp-1103020,1103020,1.000000000000,1
2026-07-23,2026-07-22,pao-de-acucar,Pão de Açúcar,ipca-sp-1103020,1103020,1.000000000000,1
2026-07-23,2026-07-22,st-marche,St Marché,ipca-sp-1103020,1103020,1.000000000000,3
2026-07-23,2026-07-22,carrefour,Carrefour Mercado,ipca-sp-1103026,1103026,1.000000000000,1
2026-07-23,2026-07-22,extra-mercado,Extra Mercado,ipca-sp-1103026,1103026,1.000000000000,6
2026-07-23,2026-07-22,pao-de-acucar,Pão de Açúcar,ipca-sp-1103026,1103026,1.000000000000,2
2026-07-23,2026-07-22,st-marche,St Marché,ipca-sp-1103026,1103026,0.948524787600,4
2026-07-23,2026-07-22,carrefour,Carrefour Mercado,ipca-sp-1103028,1103028,1.000000000000,9
2026-07-23,2026-07-22,extra-mercado,Extra Mercado,ipca-sp-1103028,1103028,0.990124461877,7
2026-07-23,2026-07-22,pao-de-acucar,Pão de Açúcar,ipca-sp-1103028,1103028,1.000000000000,5
2026-07-23,2026-07-22,st-marche,St Marché,ipca-sp-1103028,1103028,1.000000000000,5
2026-07-23,2026-07-22,carrefour,Carrefour Mercado,ipca-sp-1103043,1103043,1.000000000000,4
2026-07-23,2026-07-22,extra-mercado,Extra Mercado,ipca-sp-1103043,1103043,1.000000000000,2
2026-07-23,2026-07-22,pao-de-acucar,Pão de Açúcar,ipca-sp-1103043,1103043,1.000000000000,1
2026-07-23,2026-07-22,st-marche,St Marché,ipca-sp-1103043,1103043,1.000000000000,9
2026-07-23,2026-07-22,carrefour,Carrefour Mercado,ipca-sp-1103044,1103044,1.000000000000,2
2026-07-23,2026-07-22,extra-mercado,Extra Mercado,ipca-sp-1103044,1103044,1.000000000000,2
2026-07-23,2026-07-22,st-marche,St Marché,ipca-sp-1103044,1103044,1.000000000000,3
2026-07-23,2026-07-22,carrefour,Carrefour Mercado,ipca-sp-1104003,1104003,1.000000000000,7
2026-07-23,2026-07-22,extra-mercado,Extra Mercado,ipca-sp-1104003,1104003,1.000000000000,4
2026-07-23,2026-07-22,pao-de-acucar,Pão de Açúcar,ipca-sp-1104003,1104003,1.000000000000,1
2026-07-23,2026-07-22,st-marche,St Marché,ipca-sp-1104003,1104003,1.000000000000,1
2026-07-23,2026-07-22,carrefour,Carrefour Mercado,ipca-sp-1104023,1104023,1.000000000000,67
2026-07-23,2026-07-22,extra-mercado,Extra Mercado,ipca-sp-1104023,1104023,0.997112872096,129
2026-07-23,2026-07-22,pao-de-acucar,Pão de Açúcar,ipca-sp-1104023,1104023,1.000000000000,71
2026-07-23,2026-07-22,st-marche,St Marché,ipca-sp-1104023,1104023,1.000000000000,22
2026-07-23,2026-07-22,carrefour,Carrefour Mercado,ipca-sp-1104032,1104032,1.000000000000,17
2026-07-23,2026-07-22,extra-mercado,Extra Mercado,ipca-sp-1104032,1104032,1.000000000000,29
2026-07-23,2026-07-22,pao-de-acucar,Pão de Açúcar,ipca-sp-1104032,1104032,1.003035732095,102
2026-07-23,2026-07-22,st-marche,St Marché,ipca-sp-1104032,1104032,1.016879576406,118
2026-07-23,2026-07-22,carrefour,Carrefour Mercado,ipca-sp-1104052,1104052,1.000000000000,20
2026-07-23,2026-07-22,extra-mercado,Extra Mercado,ipca-sp-1104052,1104052,1.000000000000,19
2026-07-23,2026-07-22,pao-de-acucar,Pão de Açúcar,ipca-sp-1104052,1104052,1.000000000000,8
2026-07-23,2026-07-22,st-marche,St Marché,ipca-sp-1104052,1104052,1.000000000000,6
2026-07-23,2026-07-22,carrefour,Carrefour Mercado,ipca-sp-1105001,1105001,1.000000000000,6
2026-07-23,2026-07-22,extra-mercado,Extra Mercado,ipca-sp-1105001,1105001,1.000000000000,3
2026-07-23,2026-07-22,st-marche,St Marché,ipca-sp-1105001,1105001,1.000000000000,11
2026-07-23,2026-07-22,carrefour,Carrefour Mercado,ipca-sp-1105005,1105005,1.000000000000,2
2026-07-23,2026-07-22,extra-mercado,Extra Mercado,ipca-sp-1105005,1105005,1.000000000000,1
2026-07-23,2026-07-22,st-marche,St Marché,ipca-sp-1105005,1105005,1.000000000000,3
2026-07-23,2026-07-22,carrefour,Carrefour Mercado,ipca-sp-1105010,1105010,1.000000000000,1
2026-07-23,2026-07-22,extra-mercado,Extra Mercado,ipca-sp-1105010,1105010,1.000000000000,3
2026-07-23,2026-07-22,st-marche,St Marché,ipca-sp-1105010,1105010,1.000000000000,1
2026-07-23,2026-07-22,carrefour,Carrefour Mercado,ipca-sp-1105012,1105012,1.000000000000,4
2026-07-23,2026-07-22,extra-mercado,Extra Mercado,ipca-sp-1105012,1105012,1.000000000000,5
2026-07-23,2026-07-22,carrefour,Carrefour Mercado,ipca-sp-1105019,1105019,1.000000000000,7
2026-07-23,2026-07-22,extra-mercado,Extra Mercado,ipca-sp-1105019,1105019,1.000000000000,4
2026-07-23,2026-07-22,pao-de-acucar,Pão de Açúcar,ipca-sp-1105019,1105019,1.000000000000,1
2026-07-23,2026-07-22,st-marche,St Marché,ipca-sp-1105019,1105019,0.979627946647,7
2026-07-23,2026-07-22,extra-mercado,Extra Mercado,ipca-sp-1106005,1106005,1.000000000000,1
2026-07-23,2026-07-22,carrefour,Carrefour Mercado,ipca-sp-1106008,1106008,0.444949954504,1
2026-07-23,2026-07-22,extra-mercado,Extra Mercado,ipca-sp-1106008,1106008,1.000000000000,1
2026-07-23,2026-07-22,st-marche,St Marché,ipca-sp-1106008,1106008,1.000000000000,3
2026-07-23,2026-07-22,carrefour,Carrefour Mercado,ipca-sp-1106015,1106015,1.000000000000,3
2026-07-23,2026-07-22,extra-mercado,Extra Mercado,ipca-sp-1106015,1106015,1.000000000000,2
2026-07-23,2026-07-22,st-marche,St Marché,ipca-sp-1106015,1106015,1.000000000000,2
2026-07-23,2026-07-22,carrefour,Carrefour Mercado,ipca-sp-1106017,1106017,1.000000000000,4
2026-07-23,2026-07-22,extra-mercado,Extra Mercado,ipca-sp-1106017,1106017,1.000000000000,5
2026-07-23,2026-07-22,st-marche,St Marché,ipca-sp-1106017,1106017,1.000000000000,8
2026-07-23,2026-07-22,carrefour,Carrefour Mercado,ipca-sp-1106018,1106018,0.938965816595,2
2026-07-23,2026-07-22,extra-mercado,Extra Mercado,ipca-sp-1106018,1106018,0.964858359236,5
2026-07-23,2026-07-22,pao-de-acucar,Pão de Açúcar,ipca-sp-1106018,1106018,1.000000000000,3
2026-07-23,2026-07-22,st-marche,St Marché,ipca-sp-1106018,1106018,1.000000000000,4
2026-07-23,2026-07-22,carrefour,Carrefour Mercado,ipca-sp-1106019,1106019,1.000000000000,2
2026-07-23,2026-07-22,extra-mercado,Extra Mercado,ipca-sp-1106019,1106019,1.000000000000,3
2026-07-23,2026-07-22,st-marche,St Marché,ipca-sp-1106019,1106019,1.000000000000,7
2026-07-23,2026-07-22,carrefour,Carrefour Mercado,ipca-sp-1106023,1106023,1.000000000000,1
2026-07-23,2026-07-22,extra-mercado,Extra Mercado,ipca-sp-1106023,1106023,1.000000000000,3
2026-07-23,2026-07-22,st-marche,St Marché,ipca-sp-1106023,1106023,1.000000000000,6
2026-07-23,2026-07-22,carrefour,Carrefour Mercado,ipca-sp-1106027,1106027,1.000000000000,3
2026-07-23,2026-07-22,extra-mercado,Extra Mercado,ipca-sp-1106027,1106027,0.930466097470,4
2026-07-23,2026-07-22,st-marche,St Marché,ipca-sp-1106027,1106027,1.000000000000,6
2026-07-23,2026-07-22,carrefour,Carrefour Mercado,ipca-sp-1106028,1106028,1.000000000000,2
2026-07-23,2026-07-22,extra-mercado,Extra Mercado,ipca-sp-1106028,1106028,0.880013865039,4
2026-07-23,2026-07-22,st-marche,St Marché,ipca-sp-1106028,1106028,1.000000000000,9
2026-07-23,2026-07-22,carrefour,Carrefour Mercado,ipca-sp-1106039,1106039,1.000000000000,1
2026-07-23,2026-07-22,extra-mercado,Extra Mercado,ipca-sp-1106039,1106039,1.000000000000,4
2026-07-23,2026-07-22,pao-de-acucar,Pão de Açúcar,ipca-sp-1106039,1106039,1.000000000000,1
2026-07-23,2026-07-22,carrefour,Carrefour Mercado,ipca-sp-1107018,1107018,1.000000000000,20
2026-07-23,2026-07-22,extra-mercado,Extra Mercado,ipca-sp-1107018,1107018,0.993532394877,48
2026-07-23,2026-07-22,pao-de-acucar,Pão de Açúcar,ipca-sp-1107018,1107018,1.000000000000,44
2026-07-23,2026-07-22,st-marche,St Marché,ipca-sp-1107018,1107018,1.000000000000,31
2026-07-23,2026-07-22,carrefour,Carrefour Mercado,ipca-sp-1107084,1107084,1.000000000000,4
2026-07-23,2026-07-22,extra-mercado,Extra Mercado,ipca-sp-1107084,1107084,1.000000000000,4
2026-07-23,2026-07-22,pao-de-acucar,Pão de Açúcar,ipca-sp-1107084,1107084,0.991680564433,12
2026-07-23,2026-07-22,st-marche,St Marché,ipca-sp-1107084,1107084,1.106835850008,4
2026-07-23,2026-07-22,carrefour,Carrefour Mercado,ipca-sp-1107087,1107087,1.000000000000,3
2026-07-23,2026-07-22,extra-mercado,Extra Mercado,ipca-sp-1107087,1107087,1.000000000000,3
2026-07-23,2026-07-22,pao-de-acucar,Pão de Açúcar,ipca-sp-1107087,1107087,1.000000000000,2
2026-07-23,2026-07-22,st-marche,St Marché,ipca-sp-1107087,1107087,1.000000000000,7
2026-07-23,2026-07-22,carrefour,Carrefour Mercado,ipca-sp-1107088,1107088,1.000000000000,1
2026-07-23,2026-07-22,extra-mercado,Extra Mercado,ipca-sp-1107088,1107088,1.000000000000,4
2026-07-23,2026-07-22,pao-de-acucar,Pão de Açúcar,ipca-sp-1107088,1107088,1.009746416542,10
2026-07-23,2026-07-22,st-marche,St Marché,ipca-sp-1107088,1107088,1.000000000000,4
2026-07-23,2026-07-22,carrefour,Carrefour Mercado,ipca-sp-1107089,1107089,1.000000000000,5
2026-07-23,2026-07-22,extra-mercado,Extra Mercado,ipca-sp-1107089,1107089,1.000000000000,4
2026-07-23,2026-07-22,pao-de-acucar,Pão de Açúcar,ipca-sp-1107089,1107089,1.019307167424,6
2026-07-23,2026-07-22,st-marche,St Marché,ipca-sp-1107089,1107089,1.000000000000,7
2026-07-23,2026-07-22,carrefour,Carrefour Mercado,ipca-sp-1107091,1107091,1.000000000000,1
2026-07-23,2026-07-22,pao-de-acucar,Pão de Açúcar,ipca-sp-1107091,1107091,1.000000000000,5
2026-07-23,2026-07-22,st-marche,St Marché,ipca-sp-1107091,1107091,1.000000000000,3
2026-07-23,2026-07-22,carrefour,Carrefour Mercado,ipca-sp-1107093,1107093,1.000000000000,1
2026-07-23,2026-07-22,extra-mercado,Extra Mercado,ipca-sp-1107093,1107093,1.000000000000,4
2026-07-23,2026-07-22,pao-de-acucar,Pão de Açúcar,ipca-sp-1107093,1107093,1.000000000000,3
2026-07-23,2026-07-22,st-marche,St Marché,ipca-sp-1107093,1107093,1.000000000000,2
2026-07-23,2026-07-22,carrefour,Carrefour Mercado,ipca-sp-1107094,1107094,1.000000000000,1
2026-07-23,2026-07-22,extra-mercado,Extra Mercado,ipca-sp-1107094,1107094,1.000000000000,1
2026-07-23,2026-07-22,pao-de-acucar,Pão de Açúcar,ipca-sp-1107094,1107094,1.000000000000,1
2026-07-23,2026-07-22,st-marche,St Marché,ipca-sp-1107094,1107094,1.000000000000,1
2026-07-23,2026-07-22,carrefour,Carrefour Mercado,ipca-sp-1107095,1107095,1.000000000000,4
2026-07-23,2026-07-22,extra-mercado,Extra Mercado,ipca-sp-1107095,1107095,1.000000000000,2
2026-07-23,2026-07-22,pao-de-acucar,Pão de Açúcar,ipca-sp-1107095,1107095,1.000000000000,4
2026-07-23,2026-07-22,st-marche,St Marché,ipca-sp-1107095,1107095,1.000000000000,3
2026-07-23,2026-07-22,carrefour,Carrefour Mercado,ipca-sp-1107099,1107099,1.000000000000,2
2026-07-23,2026-07-22,extra-mercado,Extra Mercado,ipca-sp-1107099,1107099,1.000000000000,2
2026-07-23,2026-07-22,pao-de-acucar,Pão de Açúcar,ipca-sp-1107099,1107099,1.000000000000,8
2026-07-23,2026-07-22,st-marche,St Marché,ipca-sp-1107099,1107099,1.000000000000,3
2026-07-23,2026-07-22,carrefour,Carrefour Mercado,ipca-sp-1108031,1108031,1.000000000000,3
2026-07-23,2026-07-22,extra-mercado,Extra Mercado,ipca-sp-1108031,1108031,1.000000000000,2
2026-07-23,2026-07-22,pao-de-acucar,Pão de Açúcar,ipca-sp-1108031,1108031,1.000000000000,1
2026-07-23,2026-07-22,st-marche,St Marché,ipca-sp-1108031,1108031,1.000000000000,1
2026-07-23,2026-07-22,pao-de-acucar,Pão de Açúcar,ipca-sp-1108038,1108038,1.000000000000,3
2026-07-23,2026-07-22,st-marche,St Marché,ipca-sp-1108038,1108038,1.000000000000,2
2026-07-23,2026-07-22,carrefour,Carrefour Mercado,ipca-sp-1108075,1108075,1.000000000000,5
2026-07-23,2026-07-22,extra-mercado,Extra Mercado,ipca-sp-1108075,1108075,1.000000000000,2
2026-07-23,2026-07-22,pao-de-acucar,Pão de Açúcar,ipca-sp-1108075,1108075,1.000000000000,33
2026-07-23,2026-07-22,st-marche,St Marché,ipca-sp-1108075,1108075,1.000000000000,7
2026-07-23,2026-07-22,carrefour,Carrefour Mercado,ipca-sp-1108080,1108080,1.000000000000,4
2026-07-23,2026-07-22,extra-mercado,Extra Mercado,ipca-sp-1108080,1108080,1.000000000000,4
2026-07-23,2026-07-22,pao-de-acucar,Pão de Açúcar,ipca-sp-1108080,1108080,1.000000000000,8
2026-07-23,2026-07-22,st-marche,St Marché,ipca-sp-1108080,1108080,1.000000000000,4
2026-07-23,2026-07-22,carrefour,Carrefour Mercado,ipca-sp-1109002,1109002,1.000000000000,6
2026-07-23,2026-07-22,extra-mercado,Extra Mercado,ipca-sp-1109002,1109002,1.008755930515,10
2026-07-23,2026-07-22,pao-de-acucar,Pão de Açúcar,ipca-sp-1109002,1109002,1.007053319618,22
2026-07-23,2026-07-22,st-marche,St Marché,ipca-sp-1109002,1109002,1.000000000000,11
2026-07-23,2026-07-22,carrefour,Carrefour Mercado,ipca-sp-1109007,1109007,1.000000000000,6
2026-07-23,2026-07-22,extra-mercado,Extra Mercado,ipca-sp-1109007,1109007,0.968127080403,12
2026-07-23,2026-07-22,pao-de-acucar,Pão de Açúcar,ipca-sp-1109007,1109007,1.000000000000,15
2026-07-23,2026-07-22,st-marche,St Marché,ipca-sp-1109007,1109007,1.000000000000,2
2026-07-23,2026-07-22,carrefour,Carrefour Mercado,ipca-sp-1109008,1109008,1.000000000000,12
2026-07-23,2026-07-22,extra-mercado,Extra Mercado,ipca-sp-1109008,1109008,1.022539693793,30
2026-07-23,2026-07-22,pao-de-acucar,Pão de Açúcar,ipca-sp-1109008,1109008,1.003162159711,62
2026-07-23,2026-07-22,st-marche,St Marché,ipca-sp-1109008,1109008,0.994129869688,46
2026-07-23,2026-07-22,carrefour,Carrefour Mercado,ipca-sp-1109010,1109010,1.000000000000,4
2026-07-23,2026-07-22,extra-mercado,Extra Mercado,ipca-sp-1109010,1109010,1.000000000000,13
2026-07-23,2026-07-22,pao-de-acucar,Pão de Açúcar,ipca-sp-1109010,1109010,1.000000000000,2
2026-07-23,2026-07-22,st-marche,St Marché,ipca-sp-1109010,1109010,1.000000000000,4
2026-07-23,2026-07-22,carrefour,Carrefour Mercado,ipca-sp-1110009,1110009,1.000000000000,1
2026-07-23,2026-07-22,extra-mercado,Extra Mercado,ipca-sp-1110009,1110009,1.000000000000,3
2026-07-23,2026-07-22,pao-de-acucar,Pão de Açúcar,ipca-sp-1110009,1110009,1.000000000000,5
2026-07-23,2026-07-22,carrefour,Carrefour Mercado,ipca-sp-1110010,1110010,1.000000000000,45
2026-07-23,2026-07-22,extra-mercado,Extra Mercado,ipca-sp-1110010,1110010,1.000000000000,51
2026-07-23,2026-07-22,pao-de-acucar,Pão de Açúcar,ipca-sp-1110010,1110010,1.005065554219,62
2026-07-23,2026-07-22,st-marche,St Marché,ipca-sp-1110010,1110010,0.990976723059,60
2026-07-23,2026-07-22,carrefour,Carrefour Mercado,ipca-sp-1110044,1110044,0.989788569585,5
2026-07-23,2026-07-22,extra-mercado,Extra Mercado,ipca-sp-1110044,1110044,0.971567586894,13
2026-07-23,2026-07-22,pao-de-acucar,Pão de Açúcar,ipca-sp-1110044,1110044,1.000000000000,11
2026-07-23,2026-07-22,st-marche,St Marché,ipca-sp-1110044,1110044,1.000000000000,18
2026-07-23,2026-07-22,carrefour,Carrefour Mercado,ipca-sp-1111004,1111004,1.000000000000,42
2026-07-23,2026-07-22,extra-mercado,Extra Mercado,ipca-sp-1111004,1111004,1.004750059767,13
2026-07-23,2026-07-22,pao-de-acucar,Pão de Açúcar,ipca-sp-1111004,1111004,1.000000000000,1
2026-07-23,2026-07-22,st-marche,St Marché,ipca-sp-1111004,1111004,1.014868754439,17
2026-07-23,2026-07-22,carrefour,Carrefour Mercado,ipca-sp-1111009,1111009,0.925841531316,15
2026-07-23,2026-07-22,extra-mercado,Extra Mercado,ipca-sp-1111009,1111009,1.000000000000,10
2026-07-23,2026-07-22,pao-de-acucar,Pão de Açúcar,ipca-sp-1111009,1111009,1.000000000000,5
2026-07-23,2026-07-22,st-marche,St Marché,ipca-sp-1111009,1111009,1.000000000000,2
2026-07-23,2026-07-22,carrefour,Carrefour Mercado,ipca-sp-1111011,1111011,1.000000000000,62
2026-07-23,2026-07-22,extra-mercado,Extra Mercado,ipca-sp-1111011,1111011,0.997516553153,74
2026-07-23,2026-07-22,pao-de-acucar,Pão de Açúcar,ipca-sp-1111011,1111011,0.997778143640,278
2026-07-23,2026-07-22,st-marche,St Marché,ipca-sp-1111011,1111011,0.988747778002,81
2026-07-23,2026-07-22,carrefour,Carrefour Mercado,ipca-sp-1111019,1111019,1.000000000000,150
2026-07-23,2026-07-22,extra-mercado,Extra Mercado,ipca-sp-1111019,1111019,1.000601958597,226
2026-07-23,2026-07-22,pao-de-acucar,Pão de Açúcar,ipca-sp-1111019,1111019,1.023198333591,39
2026-07-23,2026-07-22,st-marche,St Marché,ipca-sp-1111019,1111019,0.995174254633,106
2026-07-23,2026-07-22,carrefour,Carrefour Mercado,ipca-sp-1111021,1111021,1.000000000000,42
2026-07-23,2026-07-22,extra-mercado,Extra Mercado,ipca-sp-1111021,1111021,1.007212009265,22
2026-07-23,2026-07-22,pao-de-acucar,Pão de Açúcar,ipca-sp-1111021,1111021,1.000000000000,15
2026-07-23,2026-07-22,st-marche,St Marché,ipca-sp-1111021,1111021,1.002230759754,21
2026-07-23,2026-07-22,carrefour,Carrefour Mercado,ipca-sp-1112003,1112003,1.007168925493,115
2026-07-23,2026-07-22,extra-mercado,Extra Mercado,ipca-sp-1112003,1112003,1.002586940800,232
2026-07-23,2026-07-22,pao-de-acucar,Pão de Açúcar,ipca-sp-1112003,1112003,1.000000000000,65
2026-07-23,2026-07-22,st-marche,St Marché,ipca-sp-1112003,1112003,0.995493075759,69
2026-07-23,2026-07-22,carrefour,Carrefour Mercado,ipca-sp-1112015,1112015,1.000000000000,4
2026-07-23,2026-07-22,extra-mercado,Extra Mercado,ipca-sp-1112015,1112015,0.756216345291,8
2026-07-23,2026-07-22,st-marche,St Marché,ipca-sp-1112015,1112015,1.000000000000,5
2026-07-23,2026-07-22,carrefour,Carrefour Mercado,ipca-sp-1112017,1112017,1.000000000000,4
2026-07-23,2026-07-22,extra-mercado,Extra Mercado,ipca-sp-1112017,1112017,0.937636208359,15
2026-07-23,2026-07-22,st-marche,St Marché,ipca-sp-1112017,1112017,1.015175424339,7
2026-07-23,2026-07-22,carrefour,Carrefour Mercado,ipca-sp-1112018,1112018,1.000000000000,60
2026-07-23,2026-07-22,extra-mercado,Extra Mercado,ipca-sp-1112018,1112018,1.005870491784,38
2026-07-23,2026-07-22,pao-de-acucar,Pão de Açúcar,ipca-sp-1112018,1112018,1.000000000000,7
2026-07-23,2026-07-22,st-marche,St Marché,ipca-sp-1112018,1112018,1.000000000000,66
2026-07-23,2026-07-22,carrefour,Carrefour Mercado,ipca-sp-1112019,1112019,0.996674768670,32
2026-07-23,2026-07-22,extra-mercado,Extra Mercado,ipca-sp-1112019,1112019,0.959845850176,90
2026-07-23,2026-07-22,pao-de-acucar,Pão de Açúcar,ipca-sp-1112019,1112019,1.000000000000,24
2026-07-23,2026-07-22,st-marche,St Marché,ipca-sp-1112019,1112019,0.996667251974,110
2026-07-23,2026-07-22,carrefour,Carrefour Mercado,ipca-sp-1113013,1113013,1.000000000000,5
2026-07-23,2026-07-22,extra-mercado,Extra Mercado,ipca-sp-1113013,1113013,0.985376180154,4
2026-07-23,2026-07-22,st-marche,St Marché,ipca-sp-1113013,1113013,1.000000000000,1
2026-07-23,2026-07-22,carrefour,Carrefour Mercado,ipca-sp-1113014,1113014,1.000000000000,13
2026-07-23,2026-07-22,extra-mercado,Extra Mercado,ipca-sp-1113014,1113014,1.010165558454,11
2026-07-23,2026-07-22,pao-de-acucar,Pão de Açúcar,ipca-sp-1113014,1113014,1.000000000000,8
2026-07-23,2026-07-22,st-marche,St Marché,ipca-sp-1113014,1113014,1.000000000000,6
2026-07-23,2026-07-22,carrefour,Carrefour Mercado,ipca-sp-1113040,1113040,1.000000000000,18
2026-07-23,2026-07-22,extra-mercado,Extra Mercado,ipca-sp-1113040,1113040,0.970653382164,15
2026-07-23,2026-07-22,pao-de-acucar,Pão de Açúcar,ipca-sp-1113040,1113040,1.000000000000,2
2026-07-23,2026-07-22,st-marche,St Marché,ipca-sp-1113040,1113040,1.000000000000,7
2026-07-23,2026-07-22,carrefour,Carrefour Mercado,ipca-sp-1114001,1114001,1.000000000000,89
2026-07-23,2026-07-22,extra-mercado,Extra Mercado,ipca-sp-1114001,1114001,0.979999543408,83
2026-07-23,2026-07-22,pao-de-acucar,Pão de Açúcar,ipca-sp-1114001,1114001,1.000000000000,15
2026-07-23,2026-07-22,st-marche,St Marché,ipca-sp-1114001,1114001,1.000000000000,39
2026-07-23,2026-07-22,carrefour,Carrefour Mercado,ipca-sp-1114022,1114022,1.000000000000,39
2026-07-23,2026-07-22,extra-mercado,Extra Mercado,ipca-sp-1114022,1114022,0.999326038315,56
2026-07-23,2026-07-22,pao-de-acucar,Pão de Açúcar,ipca-sp-1114022,1114022,0.969157866678,32
2026-07-23,2026-07-22,st-marche,St Marché,ipca-sp-1114022,1114022,1.000000000000,11
2026-07-23,2026-07-22,carrefour,Carrefour Mercado,ipca-sp-1114083,1114083,0.979684691586,109
2026-07-23,2026-07-22,extra-mercado,Extra Mercado,ipca-sp-1114083,1114083,1.005279134897,107
2026-07-23,2026-07-22,st-marche,St Marché,ipca-sp-1114083,1114083,1.001158135522,102
2026-07-23,2026-07-22,carrefour,Carrefour Mercado,ipca-sp-1114084,1114084,0.979612275656,38
2026-07-23,2026-07-22,extra-mercado,Extra Mercado,ipca-sp-1114084,1114084,0.999397738494,71
2026-07-23,2026-07-22,pao-de-acucar,Pão de Açúcar,ipca-sp-1114084,1114084,1.000000000000,3
2026-07-23,2026-07-22,carrefour,Carrefour Mercado,ipca-sp-1114087,1114087,1.000000000000,19
2026-07-23,2026-07-22,extra-mercado,Extra Mercado,ipca-sp-1114087,1114087,0.990662928944,31
2026-07-23,2026-07-22,pao-de-acucar,Pão de Açúcar,ipca-sp-1114087,1114087,0.986694077807,216
2026-07-23,2026-07-22,st-marche,St Marché,ipca-sp-1114087,1114087,1.000000000000,289
2026-07-23,2026-07-22,carrefour,Carrefour Mercado,ipca-sp-1114090,1114090,1.000000000000,20
2026-07-23,2026-07-22,extra-mercado,Extra Mercado,ipca-sp-1114090,1114090,1.000000000000,38
2026-07-23,2026-07-22,st-marche,St Marché,ipca-sp-1114090,1114090,1.000000000000,4
2026-07-23,2026-07-22,carrefour,Carrefour Mercado,ipca-sp-1115016,1115016,1.000000000000,4
2026-07-23,2026-07-22,extra-mercado,Extra Mercado,ipca-sp-1115016,1115016,1.000000000000,10
2026-07-23,2026-07-22,pao-de-acucar,Pão de Açúcar,ipca-sp-1115016,1115016,0.984030598359,10
2026-07-23,2026-07-22,st-marche,St Marché,ipca-sp-1115016,1115016,1.000000000000,4
2026-07-23,2026-07-22,carrefour,Carrefour Mercado,ipca-sp-1115039,1115039,1.000000000000,4
2026-07-23,2026-07-22,extra-mercado,Extra Mercado,ipca-sp-1115039,1115039,1.000000000000,4
2026-07-23,2026-07-22,pao-de-acucar,Pão de Açúcar,ipca-sp-1115039,1115039,1.000000000000,2
2026-07-23,2026-07-22,st-marche,St Marché,ipca-sp-1115039,1115039,1.000000000000,1
2026-07-23,2026-07-22,carrefour,Carrefour Mercado,ipca-sp-1115057,1115057,1.000000000000,11
2026-07-23,2026-07-22,extra-mercado,Extra Mercado,ipca-sp-1115057,1115057,1.000000000000,22
2026-07-23,2026-07-22,pao-de-acucar,Pão de Açúcar,ipca-sp-1115057,1115057,1.000000000000,34
2026-07-23,2026-07-22,st-marche,St Marché,ipca-sp-1115057,1115057,1.000000000000,2
2026-07-23,2026-07-22,carrefour,Carrefour Mercado,ipca-sp-1115058,1115058,1.000000000000,3
2026-07-23,2026-07-22,extra-mercado,Extra Mercado,ipca-sp-1115058,1115058,0.887649733687,3
2026-07-23,2026-07-22,pao-de-acucar,Pão de Açúcar,ipca-sp-1115058,1115058,1.000000000000,1
2026-07-23,2026-07-22,st-marche,St Marché,ipca-sp-1115058,1115058,1.000000000000,2
2026-07-23,2026-07-22,carrefour,Carrefour Mercado,ipca-sp-1115075,1115075,1.000000000000,14
2026-07-23,2026-07-22,extra-mercado,Extra Mercado,ipca-sp-1115075,1115075,1.000000000000,13
2026-07-23,2026-07-22,pao-de-acucar,Pão de Açúcar,ipca-sp-1115075,1115075,1.000000000000,3
2026-07-23,2026-07-22,st-marche,St Marché,ipca-sp-1115075,1115075,1.000000000000,2
2026-07-23,2026-07-22,carrefour,Carrefour Mercado,ipca-sp-1116005,1116005,1.000000000000,34
2026-07-23,2026-07-22,extra-mercado,Extra Mercado,ipca-sp-1116005,1116005,1.000000000000,35
2026-07-23,2026-07-22,pao-de-acucar,Pão de Açúcar,ipca-sp-1116005,1116005,0.959235195211,21
2026-07-23,2026-07-22,st-marche,St Marché,ipca-sp-1116005,1116005,1.000000000000,13
2026-07-23,2026-07-22,carrefour,Carrefour Mercado,ipca-sp-1116010,1116010,1.000000000000,4
2026-07-23,2026-07-22,extra-mercado,Extra Mercado,ipca-sp-1116010,1116010,1.000000000000,6
2026-07-23,2026-07-22,pao-de-acucar,Pão de Açúcar,ipca-sp-1116010,1116010,1.000000000000,7
2026-07-23,2026-07-22,st-marche,St Marché,ipca-sp-1116010,1116010,1.000000000000,14
2026-07-23,2026-07-22,carrefour,Carrefour Mercado,ipca-sp-1116033,1116033,1.000000000000,13
2026-07-23,2026-07-22,extra-mercado,Extra Mercado,ipca-sp-1116033,1116033,0.993494148009,22
2026-07-23,2026-07-22,pao-de-acucar,Pão de Açúcar,ipca-sp-1116033,1116033,1.000000000000,5
2026-07-23,2026-07-22,st-marche,St Marché,ipca-sp-1116033,1116033,1.000000000000,3
2026-07-23,2026-07-22,carrefour,Carrefour Mercado,ipca-sp-1116041,1116041,1.000000000000,6
2026-07-23,2026-07-22,extra-mercado,Extra Mercado,ipca-sp-1116041,1116041,1.000000000000,13
2026-07-23,2026-07-22,pao-de-acucar,Pão de Açúcar,ipca-sp-1116041,1116041,1.000000000000,15
2026-07-23,2026-07-22,st-marche,St Marché,ipca-sp-1116041,1116041,1.000000000000,2
2026-07-23,2026-07-22,carrefour,Carrefour Mercado,ipca-sp-1116071,1116071,1.000000000000,15
2026-07-23,2026-07-22,extra-mercado,Extra Mercado,ipca-sp-1116071,1116071,1.000000000000,30
2026-07-23,2026-07-22,pao-de-acucar,Pão de Açúcar,ipca-sp-1116071,1116071,1.000000000000,27
2026-07-23,2026-07-22,st-marche,St Marché,ipca-sp-1116071,1116071,1.000000000000,6
2026-07-24,2026-07-23,carrefour,Carrefour Mercado,ipca-sp-1101002,1101002,1.009816089807,21
2026-07-24,2026-07-23,extra-mercado,Extra Mercado,ipca-sp-1101002,1101002,1.000000000000,26
2026-07-24,2026-07-23,pao-de-acucar,Pão de Açúcar,ipca-sp-1101002,1101002,0.997350870669,27
2026-07-24,2026-07-23,st-marche,St Marché,ipca-sp-1101002,1101002,1.000000000000,4
2026-07-24,2026-07-23,carrefour,Carrefour Mercado,ipca-sp-1101073,1101073,1.000000000000,9
2026-07-24,2026-07-23,extra-mercado,Extra Mercado,ipca-sp-1101073,1101073,0.997752715255,10
2026-07-24,2026-07-23,st-marche,St Marché,ipca-sp-1101073,1101073,1.000000000000,1
2026-07-24,2026-07-23,carrefour,Carrefour Mercado,ipca-sp-1102006,1102006,0.980894304414,45
2026-07-24,2026-07-23,extra-mercado,Extra Mercado,ipca-sp-1102006,1102006,0.998217566256,53
2026-07-24,2026-07-23,pao-de-acucar,Pão de Açúcar,ipca-sp-1102006,1102006,1.000000000000,23
2026-07-24,2026-07-23,st-marche,St Marché,ipca-sp-1102006,1102006,1.000000000000,27
2026-07-24,2026-07-23,carrefour,Carrefour Mercado,ipca-sp-1102012,1102012,0.934656688458,5
2026-07-24,2026-07-23,extra-mercado,Extra Mercado,ipca-sp-1102012,1102012,1.000000000000,8
2026-07-24,2026-07-23,st-marche,St Marché,ipca-sp-1102012,1102012,1.000000000000,5
2026-07-24,2026-07-23,carrefour,Carrefour Mercado,ipca-sp-1102023,1102023,0.997291767938,5
2026-07-24,2026-07-23,extra-mercado,Extra Mercado,ipca-sp-1102023,1102023,1.000000000000,6
2026-07-24,2026-07-23,carrefour,Carrefour Mercado,ipca-sp-1102029,1102029,1.000000000000,20
2026-07-24,2026-07-23,extra-mercado,Extra Mercado,ipca-sp-1102029,1102029,0.988389357172,50
2026-07-24,2026-07-23,pao-de-acucar,Pão de Açúcar,ipca-sp-1102029,1102029,0.994371000882,48
2026-07-24,2026-07-23,st-marche,St Marché,ipca-sp-1102029,1102029,0.998235712705,54
2026-07-24,2026-07-23,carrefour,Carrefour Mercado,ipca-sp-1102061,1102061,1.059653504070,14
2026-07-24,2026-07-23,extra-mercado,Extra Mercado,ipca-sp-1102061,1102061,0.942068362932,38
2026-07-24,2026-07-23,pao-de-acucar,Pão de Açúcar,ipca-sp-1102061,1102061,1.000000000000,2
2026-07-24,2026-07-23,st-marche,St Marché,ipca-sp-1102061,1102061,1.000000000000,5
2026-07-24,2026-07-23,carrefour,Carrefour Mercado,ipca-sp-1103002,1103002,1.000000000000,1
2026-07-24,2026-07-23,extra-mercado,Extra Mercado,ipca-sp-1103002,1103002,1.000000000000,2
2026-07-24,2026-07-23,st-marche,St Marché,ipca-sp-1103002,1103002,1.000000000000,4
2026-07-24,2026-07-23,carrefour,Carrefour Mercado,ipca-sp-1103003,1103003,1.000000000000,6
2026-07-24,2026-07-23,extra-mercado,Extra Mercado,ipca-sp-1103003,1103003,0.995153442530,9
2026-07-24,2026-07-23,pao-de-acucar,Pão de Açúcar,ipca-sp-1103003,1103003,1.000000000000,9
2026-07-24,2026-07-23,st-marche,St Marché,ipca-sp-1103003,1103003,1.000000000000,5
2026-07-24,2026-07-23,carrefour,Carrefour Mercado,ipca-sp-1103020,1103020,1.000000000000,1
2026-07-24,2026-07-23,extra-mercado,Extra Mercado,ipca-sp-1103020,1103020,0.749608763693,1
2026-07-24,2026-07-23,pao-de-acucar,Pão de Açúcar,ipca-sp-1103020,1103020,1.000000000000,1
2026-07-24,2026-07-23,st-marche,St Marché,ipca-sp-1103020,1103020,0.940983702589,3
2026-07-24,2026-07-23,carrefour,Carrefour Mercado,ipca-sp-1103026,1103026,1.000000000000,1
2026-07-24,2026-07-23,extra-mercado,Extra Mercado,ipca-sp-1103026,1103026,1.000000000000,6
2026-07-24,2026-07-23,pao-de-acucar,Pão de Açúcar,ipca-sp-1103026,1103026,1.000000000000,2
2026-07-24,2026-07-23,st-marche,St Marché,ipca-sp-1103026,1103026,1.000000000000,4
2026-07-24,2026-07-23,carrefour,Carrefour Mercado,ipca-sp-1103028,1103028,1.000000000000,9
2026-07-24,2026-07-23,extra-mercado,Extra Mercado,ipca-sp-1103028,1103028,0.977383667968,7
2026-07-24,2026-07-23,pao-de-acucar,Pão de Açúcar,ipca-sp-1103028,1103028,1.000000000000,5
2026-07-24,2026-07-23,st-marche,St Marché,ipca-sp-1103028,1103028,1.000000000000,5
2026-07-24,2026-07-23,carrefour,Carrefour Mercado,ipca-sp-1103043,1103043,1.000000000000,4
2026-07-24,2026-07-23,extra-mercado,Extra Mercado,ipca-sp-1103043,1103043,0.816496580928,2
2026-07-24,2026-07-23,pao-de-acucar,Pão de Açúcar,ipca-sp-1103043,1103043,1.000000000000,1
2026-07-24,2026-07-23,st-marche,St Marché,ipca-sp-1103043,1103043,1.000000000000,8
2026-07-24,2026-07-23,carrefour,Carrefour Mercado,ipca-sp-1103044,1103044,1.000000000000,2
2026-07-24,2026-07-23,extra-mercado,Extra Mercado,ipca-sp-1103044,1103044,1.000000000000,2
2026-07-24,2026-07-23,st-marche,St Marché,ipca-sp-1103044,1103044,1.000000000000,3
2026-07-24,2026-07-23,carrefour,Carrefour Mercado,ipca-sp-1104003,1104003,0.933489200270,7
2026-07-24,2026-07-23,extra-mercado,Extra Mercado,ipca-sp-1104003,1104003,1.023435093225,4
2026-07-24,2026-07-23,pao-de-acucar,Pão de Açúcar,ipca-sp-1104003,1104003,1.000000000000,1
2026-07-24,2026-07-23,st-marche,St Marché,ipca-sp-1104003,1104003,1.000000000000,1
2026-07-24,2026-07-23,carrefour,Carrefour Mercado,ipca-sp-1104023,1104023,0.904856034107,67
2026-07-24,2026-07-23,extra-mercado,Extra Mercado,ipca-sp-1104023,1104023,0.972827539298,129
2026-07-24,2026-07-23,pao-de-acucar,Pão de Açúcar,ipca-sp-1104023,1104023,0.989998151108,69
2026-07-24,2026-07-23,st-marche,St Marché,ipca-sp-1104023,1104023,1.000000000000,22
2026-07-24,2026-07-23,carrefour,Carrefour Mercado,ipca-sp-1104032,1104032,1.000000000000,17
2026-07-24,2026-07-23,extra-mercado,Extra Mercado,ipca-sp-1104032,1104032,0.950387142553,31
2026-07-24,2026-07-23,pao-de-acucar,Pão de Açúcar,ipca-sp-1104032,1104032,0.981945873843,103
2026-07-24,2026-07-23,st-marche,St Marché,ipca-sp-1104032,1104032,1.063498838578,118
2026-07-24,2026-07-23,carrefour,Carrefour Mercado,ipca-sp-1104052,1104052,0.973040735516,20
2026-07-24,2026-07-23,extra-mercado,Extra Mercado,ipca-sp-1104052,1104052,1.044291198420,19
2026-07-24,2026-07-23,pao-de-acucar,Pão de Açúcar,ipca-sp-1104052,1104052,1.017980238375,8
2026-07-24,2026-07-23,st-marche,St Marché,ipca-sp-1104052,1104052,1.000000000000,6
2026-07-24,2026-07-23,carrefour,Carrefour Mercado,ipca-sp-1105001,1105001,1.000000000000,6
2026-07-24,2026-07-23,extra-mercado,Extra Mercado,ipca-sp-1105001,1105001,1.000000000000,3
2026-07-24,2026-07-23,st-marche,St Marché,ipca-sp-1105001,1105001,1.000000000000,11
2026-07-24,2026-07-23,carrefour,Carrefour Mercado,ipca-sp-1105005,1105005,1.000000000000,2
2026-07-24,2026-07-23,extra-mercado,Extra Mercado,ipca-sp-1105005,1105005,1.000000000000,1
2026-07-24,2026-07-23,st-marche,St Marché,ipca-sp-1105005,1105005,1.000000000000,3
2026-07-24,2026-07-23,carrefour,Carrefour Mercado,ipca-sp-1105010,1105010,1.000000000000,1
2026-07-24,2026-07-23,extra-mercado,Extra Mercado,ipca-sp-1105010,1105010,1.000000000000,3
2026-07-24,2026-07-23,carrefour,Carrefour Mercado,ipca-sp-1105012,1105012,1.000000000000,4
2026-07-24,2026-07-23,extra-mercado,Extra Mercado,ipca-sp-1105012,1105012,1.000000000000,5
2026-07-24,2026-07-23,carrefour,Carrefour Mercado,ipca-sp-1105019,1105019,0.957053337937,7
2026-07-24,2026-07-23,extra-mercado,Extra Mercado,ipca-sp-1105019,1105019,1.000000000000,4
2026-07-24,2026-07-23,pao-de-acucar,Pão de Açúcar,ipca-sp-1105019,1105019,1.000000000000,1
2026-07-24,2026-07-23,st-marche,St Marché,ipca-sp-1105019,1105019,1.000000000000,7
2026-07-24,2026-07-23,extra-mercado,Extra Mercado,ipca-sp-1106005,1106005,1.000000000000,1
2026-07-24,2026-07-23,carrefour,Carrefour Mercado,ipca-sp-1106008,1106008,1.000000000000,1
2026-07-24,2026-07-23,extra-mercado,Extra Mercado,ipca-sp-1106008,1106008,1.000000000000,1
2026-07-24,2026-07-23,st-marche,St Marché,ipca-sp-1106008,1106008,1.000000000000,3
2026-07-24,2026-07-23,carrefour,Carrefour Mercado,ipca-sp-1106015,1106015,1.000000000000,3
2026-07-24,2026-07-23,extra-mercado,Extra Mercado,ipca-sp-1106015,1106015,1.000000000000,2
2026-07-24,2026-07-23,st-marche,St Marché,ipca-sp-1106015,1106015,1.000000000000,2
2026-07-24,2026-07-23,carrefour,Carrefour Mercado,ipca-sp-1106017,1106017,1.000000000000,4
2026-07-24,2026-07-23,extra-mercado,Extra Mercado,ipca-sp-1106017,1106017,0.969594022283,5
2026-07-24,2026-07-23,st-marche,St Marché,ipca-sp-1106017,1106017,1.035735005060,8
2026-07-24,2026-07-23,carrefour,Carrefour Mercado,ipca-sp-1106018,1106018,1.000000000000,2
2026-07-24,2026-07-23,extra-mercado,Extra Mercado,ipca-sp-1106018,1106018,1.000000000000,5
2026-07-24,2026-07-23,pao-de-acucar,Pão de Açúcar,ipca-sp-1106018,1106018,1.000000000000,3
2026-07-24,2026-07-23,st-marche,St Marché,ipca-sp-1106018,1106018,1.012206176433,5
2026-07-24,2026-07-23,carrefour,Carrefour Mercado,ipca-sp-1106019,1106019,1.000000000000,2
2026-07-24,2026-07-23,extra-mercado,Extra Mercado,ipca-sp-1106019,1106019,1.087572574575,3
2026-07-24,2026-07-23,st-marche,St Marché,ipca-sp-1106019,1106019,1.000000000000,7
2026-07-24,2026-07-23,carrefour,Carrefour Mercado,ipca-sp-1106023,1106023,1.000000000000,1
2026-07-24,2026-07-23,extra-mercado,Extra Mercado,ipca-sp-1106023,1106023,1.000000000000,3
2026-07-24,2026-07-23,st-marche,St Marché,ipca-sp-1106023,1106023,1.000000000000,6
2026-07-24,2026-07-23,carrefour,Carrefour Mercado,ipca-sp-1106027,1106027,1.000000000000,3
2026-07-24,2026-07-23,extra-mercado,Extra Mercado,ipca-sp-1106027,1106027,1.000000000000,4
2026-07-24,2026-07-23,st-marche,St Marché,ipca-sp-1106027,1106027,1.000000000000,6
2026-07-24,2026-07-23,carrefour,Carrefour Mercado,ipca-sp-1106028,1106028,1.000000000000,2
2026-07-24,2026-07-23,extra-mercado,Extra Mercado,ipca-sp-1106028,1106028,1.000000000000,4
2026-07-24,2026-07-23,st-marche,St Marché,ipca-sp-1106028,1106028,1.000000000000,9
2026-07-24,2026-07-23,carrefour,Carrefour Mercado,ipca-sp-1106039,1106039,1.000000000000,1
2026-07-24,2026-07-23,extra-mercado,Extra Mercado,ipca-sp-1106039,1106039,0.821913447827,4
2026-07-24,2026-07-23,pao-de-acucar,Pão de Açúcar,ipca-sp-1106039,1106039,1.000000000000,1
2026-07-24,2026-07-23,carrefour,Carrefour Mercado,ipca-sp-1107018,1107018,0.940516926081,20
2026-07-24,2026-07-23,extra-mercado,Extra Mercado,ipca-sp-1107018,1107018,1.047268754498,47
2026-07-24,2026-07-23,pao-de-acucar,Pão de Açúcar,ipca-sp-1107018,1107018,1.000000000000,44
2026-07-24,2026-07-23,st-marche,St Marché,ipca-sp-1107018,1107018,1.000000000000,31
2026-07-24,2026-07-23,carrefour,Carrefour Mercado,ipca-sp-1107084,1107084,0.984618687720,4
2026-07-24,2026-07-23,extra-mercado,Extra Mercado,ipca-sp-1107084,1107084,1.000000000000,4
2026-07-24,2026-07-23,pao-de-acucar,Pão de Açúcar,ipca-sp-1107084,1107084,0.993944077944,12
2026-07-24,2026-07-23,st-marche,St Marché,ipca-sp-1107084,1107084,1.000000000000,4
2026-07-24,2026-07-23,carrefour,Carrefour Mercado,ipca-sp-1107087,1107087,1.000000000000,3
2026-07-24,2026-07-23,extra-mercado,Extra Mercado,ipca-sp-1107087,1107087,1.000000000000,3
2026-07-24,2026-07-23,pao-de-acucar,Pão de Açúcar,ipca-sp-1107087,1107087,1.000000000000,2
2026-07-24,2026-07-23,st-marche,St Marché,ipca-sp-1107087,1107087,1.000000000000,7
2026-07-24,2026-07-23,carrefour,Carrefour Mercado,ipca-sp-1107088,1107088,1.000000000000,1
2026-07-24,2026-07-23,extra-mercado,Extra Mercado,ipca-sp-1107088,1107088,0.884119710632,4
2026-07-24,2026-07-23,pao-de-acucar,Pão de Açúcar,ipca-sp-1107088,1107088,1.000000000000,10
2026-07-24,2026-07-23,st-marche,St Marché,ipca-sp-1107088,1107088,1.000000000000,4
2026-07-24,2026-07-23,carrefour,Carrefour Mercado,ipca-sp-1107089,1107089,1.000000000000,5
2026-07-24,2026-07-23,extra-mercado,Extra Mercado,ipca-sp-1107089,1107089,1.000000000000,4
2026-07-24,2026-07-23,pao-de-acucar,Pão de Açúcar,ipca-sp-1107089,1107089,1.000000000000,6
2026-07-24,2026-07-23,st-marche,St Marché,ipca-sp-1107089,1107089,1.000000000000,7
2026-07-24,2026-07-23,carrefour,Carrefour Mercado,ipca-sp-1107091,1107091,1.000000000000,1
2026-07-24,2026-07-23,pao-de-acucar,Pão de Açúcar,ipca-sp-1107091,1107091,0.951868575643,5
2026-07-24,2026-07-23,st-marche,St Marché,ipca-sp-1107091,1107091,1.000000000000,3
2026-07-24,2026-07-23,carrefour,Carrefour Mercado,ipca-sp-1107093,1107093,1.000000000000,1
2026-07-24,2026-07-23,extra-mercado,Extra Mercado,ipca-sp-1107093,1107093,1.000000000000,4
2026-07-24,2026-07-23,pao-de-acucar,Pão de Açúcar,ipca-sp-1107093,1107093,1.000000000000,3
2026-07-24,2026-07-23,st-marche,St Marché,ipca-sp-1107093,1107093,1.000000000000,2
2026-07-24,2026-07-23,carrefour,Carrefour Mercado,ipca-sp-1107094,1107094,1.000000000000,1
2026-07-24,2026-07-23,extra-mercado,Extra Mercado,ipca-sp-1107094,1107094,1.000000000000,1
2026-07-24,2026-07-23,pao-de-acucar,Pão de Açúcar,ipca-sp-1107094,1107094,1.000000000000,1
2026-07-24,2026-07-23,st-marche,St Marché,ipca-sp-1107094,1107094,1.000000000000,1
2026-07-24,2026-07-23,carrefour,Carrefour Mercado,ipca-sp-1107095,1107095,0.986165409378,4
2026-07-24,2026-07-23,extra-mercado,Extra Mercado,ipca-sp-1107095,1107095,0.930789831524,2
2026-07-24,2026-07-23,pao-de-acucar,Pão de Açúcar,ipca-sp-1107095,1107095,1.000000000000,4
2026-07-24,2026-07-23,st-marche,St Marché,ipca-sp-1107095,1107095,1.000000000000,3
2026-07-24,2026-07-23,carrefour,Carrefour Mercado,ipca-sp-1107099,1107099,1.000000000000,2
2026-07-24,2026-07-23,extra-mercado,Extra Mercado,ipca-sp-1107099,1107099,1.000000000000,2
2026-07-24,2026-07-23,pao-de-acucar,Pão de Açúcar,ipca-sp-1107099,1107099,0.953854849861,8
2026-07-24,2026-07-23,st-marche,St Marché,ipca-sp-1107099,1107099,1.000000000000,3
2026-07-24,2026-07-23,carrefour,Carrefour Mercado,ipca-sp-1108031,1108031,1.088919264080,3
2026-07-24,2026-07-23,extra-mercado,Extra Mercado,ipca-sp-1108031,1108031,1.000000000000,2
2026-07-24,2026-07-23,pao-de-acucar,Pão de Açúcar,ipca-sp-1108031,1108031,1.000000000000,1
2026-07-24,2026-07-23,st-marche,St Marché,ipca-sp-1108031,1108031,1.000000000000,1
2026-07-24,2026-07-23,pao-de-acucar,Pão de Açúcar,ipca-sp-1108038,1108038,1.000000000000,3
2026-07-24,2026-07-23,st-marche,St Marché,ipca-sp-1108038,1108038,1.000000000000,2
2026-07-24,2026-07-23,carrefour,Carrefour Mercado,ipca-sp-1108075,1108075,1.000000000000,5
2026-07-24,2026-07-23,extra-mercado,Extra Mercado,ipca-sp-1108075,1108075,1.000000000000,2
2026-07-24,2026-07-23,pao-de-acucar,Pão de Açúcar,ipca-sp-1108075,1108075,0.961374717792,33
2026-07-24,2026-07-23,st-marche,St Marché,ipca-sp-1108075,1108075,1.000000000000,7
2026-07-24,2026-07-23,carrefour,Carrefour Mercado,ipca-sp-1108080,1108080,0.946898481635,4
2026-07-24,2026-07-23,extra-mercado,Extra Mercado,ipca-sp-1108080,1108080,1.000000000000,4
2026-07-24,2026-07-23,pao-de-acucar,Pão de Açúcar,ipca-sp-1108080,1108080,1.000000000000,8
2026-07-24,2026-07-23,st-marche,St Marché,ipca-sp-1108080,1108080,1.000000000000,4
2026-07-24,2026-07-23,carrefour,Carrefour Mercado,ipca-sp-1109002,1109002,1.000000000000,6
2026-07-24,2026-07-23,extra-mercado,Extra Mercado,ipca-sp-1109002,1109002,1.000000000000,10
2026-07-24,2026-07-23,pao-de-acucar,Pão de Açúcar,ipca-sp-1109002,1109002,1.000000000000,22
2026-07-24,2026-07-23,st-marche,St Marché,ipca-sp-1109002,1109002,0.968057296062,11
2026-07-24,2026-07-23,carrefour,Carrefour Mercado,ipca-sp-1109007,1109007,1.058911538719,6
2026-07-24,2026-07-23,extra-mercado,Extra Mercado,ipca-sp-1109007,1109007,1.022762390404,12
2026-07-24,2026-07-23,pao-de-acucar,Pão de Açúcar,ipca-sp-1109007,1109007,1.000000000000,15
2026-07-24,2026-07-23,st-marche,St Marché,ipca-sp-1109007,1109007,1.000000000000,2
2026-07-24,2026-07-23,carrefour,Carrefour Mercado,ipca-sp-1109008,1109008,0.995480144661,12
2026-07-24,2026-07-23,extra-mercado,Extra Mercado,ipca-sp-1109008,1109008,1.000000000000,30
2026-07-24,2026-07-23,pao-de-acucar,Pão de Açúcar,ipca-sp-1109008,1109008,0.996847808023,62
2026-07-24,2026-07-23,st-marche,St Marché,ipca-sp-1109008,1109008,1.000000000000,45
2026-07-24,2026-07-23,carrefour,Carrefour Mercado,ipca-sp-1109010,1109010,1.000000000000,4
2026-07-24,2026-07-23,extra-mercado,Extra Mercado,ipca-sp-1109010,1109010,0.990574999600,13
2026-07-24,2026-07-23,pao-de-acucar,Pão de Açúcar,ipca-sp-1109010,1109010,0.925264885270,2
2026-07-24,2026-07-23,st-marche,St Marché,ipca-sp-1109010,1109010,0.913414605903,4
2026-07-24,2026-07-23,carrefour,Carrefour Mercado,ipca-sp-1110009,1110009,0.797979797980,1
2026-07-24,2026-07-23,extra-mercado,Extra Mercado,ipca-sp-1110009,1110009,1.000000000000,3
2026-07-24,2026-07-23,pao-de-acucar,Pão de Açúcar,ipca-sp-1110009,1110009,1.000000000000,5
2026-07-24,2026-07-23,carrefour,Carrefour Mercado,ipca-sp-1110010,1110010,1.028126383527,45
2026-07-24,2026-07-23,extra-mercado,Extra Mercado,ipca-sp-1110010,1110010,1.018091466310,51
2026-07-24,2026-07-23,pao-de-acucar,Pão de Açúcar,ipca-sp-1110010,1110010,1.000000000000,62
2026-07-24,2026-07-23,st-marche,St Marché,ipca-sp-1110010,1110010,0.998236240274,60
2026-07-24,2026-07-23,carrefour,Carrefour Mercado,ipca-sp-1110044,1110044,1.000000000000,5
2026-07-24,2026-07-23,extra-mercado,Extra Mercado,ipca-sp-1110044,1110044,1.020864302067,13
2026-07-24,2026-07-23,pao-de-acucar,Pão de Açúcar,ipca-sp-1110044,1110044,0.990897387647,11
2026-07-24,2026-07-23,st-marche,St Marché,ipca-sp-1110044,1110044,1.030361624669,18
2026-07-24,2026-07-23,carrefour,Carrefour Mercado,ipca-sp-1111004,1111004,0.995700112573,42
2026-07-24,2026-07-23,extra-mercado,Extra Mercado,ipca-sp-1111004,1111004,1.036794787635,13
2026-07-24,2026-07-23,pao-de-acucar,Pão de Açúcar,ipca-sp-1111004,1111004,1.000000000000,1
2026-07-24,2026-07-23,st-marche,St Marché,ipca-sp-1111004,1111004,1.010388544669,17
2026-07-24,2026-07-23,carrefour,Carrefour Mercado,ipca-sp-1111009,1111009,1.055811933874,15
2026-07-24,2026-07-23,extra-mercado,Extra Mercado,ipca-sp-1111009,1111009,1.051295594823,10
2026-07-24,2026-07-23,pao-de-acucar,Pão de Açúcar,ipca-sp-1111009,1111009,1.045663329555,5
2026-07-24,2026-07-23,st-marche,St Marché,ipca-sp-1111009,1111009,1.000000000000,2
2026-07-24,2026-07-23,carrefour,Carrefour Mercado,ipca-sp-1111011,1111011,1.000000000000,62
2026-07-24,2026-07-23,extra-mercado,Extra Mercado,ipca-sp-1111011,1111011,0.993076633352,74
2026-07-24,2026-07-23,pao-de-acucar,Pão de Açúcar,ipca-sp-1111011,1111011,0.996106868657,277
2026-07-24,2026-07-23,st-marche,St Marché,ipca-sp-1111011,1111011,0.995653099480,82
2026-07-24,2026-07-23,carrefour,Carrefour Mercado,ipca-sp-1111019,1111019,0.981810339890,150
2026-07-24,2026-07-23,extra-mercado,Extra Mercado,ipca-sp-1111019,1111019,1.003730777108,226
2026-07-24,2026-07-23,pao-de-acucar,Pão de Açúcar,ipca-sp-1111019,1111019,1.034537625645,39
2026-07-24,2026-07-23,st-marche,St Marché,ipca-sp-1111019,1111019,1.001590483124,114
2026-07-24,2026-07-23,carrefour,Carrefour Mercado,ipca-sp-1111021,1111021,1.000000000000,42
2026-07-24,2026-07-23,extra-mercado,Extra Mercado,ipca-sp-1111021,1111021,0.982101149612,22
2026-07-24,2026-07-23,pao-de-acucar,Pão de Açúcar,ipca-sp-1111021,1111021,1.000000000000,14
2026-07-24,2026-07-23,st-marche,St Marché,ipca-sp-1111021,1111021,0.992917453952,22
2026-07-24,2026-07-23,carrefour,Carrefour Mercado,ipca-sp-1112003,1112003,0.953172384617,116
2026-07-24,2026-07-23,extra-mercado,Extra Mercado,ipca-sp-1112003,1112003,0.997233756639,232
2026-07-24,2026-07-23,pao-de-acucar,Pão de Açúcar,ipca-sp-1112003,1112003,1.000000000000,65
2026-07-24,2026-07-23,st-marche,St Marché,ipca-sp-1112003,1112003,0.989991190404,69
2026-07-24,2026-07-23,carrefour,Carrefour Mercado,ipca-sp-1112015,1112015,1.000000000000,4
2026-07-24,2026-07-23,extra-mercado,Extra Mercado,ipca-sp-1112015,1112015,1.000000000000,8
2026-07-24,2026-07-23,st-marche,St Marché,ipca-sp-1112015,1112015,0.979016053950,5
2026-07-24,2026-07-23,carrefour,Carrefour Mercado,ipca-sp-1112017,1112017,1.000000000000,4
2026-07-24,2026-07-23,extra-mercado,Extra Mercado,ipca-sp-1112017,1112017,1.000000000000,15
2026-07-24,2026-07-23,st-marche,St Marché,ipca-sp-1112017,1112017,1.000000000000,7
2026-07-24,2026-07-23,carrefour,Carrefour Mercado,ipca-sp-1112018,1112018,0.991244967165,60
2026-07-24,2026-07-23,extra-mercado,Extra Mercado,ipca-sp-1112018,1112018,0.995264140950,40
2026-07-24,2026-07-23,pao-de-acucar,Pão de Açúcar,ipca-sp-1112018,1112018,1.000000000000,7
2026-07-24,2026-07-23,st-marche,St Marché,ipca-sp-1112018,1112018,1.002306972559,67
2026-07-24,2026-07-23,carrefour,Carrefour Mercado,ipca-sp-1112019,1112019,1.001141288344,32
2026-07-24,2026-07-23,extra-mercado,Extra Mercado,ipca-sp-1112019,1112019,1.013388610539,91
2026-07-24,2026-07-23,pao-de-acucar,Pão de Açúcar,ipca-sp-1112019,1112019,1.225623973097,24
2026-07-24,2026-07-23,st-marche,St Marché,ipca-sp-1112019,1112019,0.995102957808,112
2026-07-24,2026-07-23,carrefour,Carrefour Mercado,ipca-sp-1113013,1113013,1.000000000000,5
2026-07-24,2026-07-23,extra-mercado,Extra Mercado,ipca-sp-1113013,1113013,1.062386323868,4
2026-07-24,2026-07-23,st-marche,St Marché,ipca-sp-1113013,1113013,1.000000000000,1
2026-07-24,2026-07-23,carrefour,Carrefour Mercado,ipca-sp-1113014,1113014,1.000000000000,13
2026-07-24,2026-07-23,extra-mercado,Extra Mercado,ipca-sp-1113014,1113014,1.023768182468,10
2026-07-24,2026-07-23,pao-de-acucar,Pão de Açúcar,ipca-sp-1113014,1113014,1.000000000000,8
2026-07-24,2026-07-23,st-marche,St Marché,ipca-sp-1113014,1113014,0.989266761814,6
2026-07-24,2026-07-23,carrefour,Carrefour Mercado,ipca-sp-1113040,1113040,1.000000000000,18
2026-07-24,2026-07-23,extra-mercado,Extra Mercado,ipca-sp-1113040,1113040,1.027779017644,16
2026-07-24,2026-07-23,pao-de-acucar,Pão de Açúcar,ipca-sp-1113040,1113040,1.000000000000,2
2026-07-24,2026-07-23,st-marche,St Marché,ipca-sp-1113040,1113040,1.000000000000,7
2026-07-24,2026-07-23,carrefour,Carrefour Mercado,ipca-sp-1114001,1114001,0.995380254498,89
2026-07-24,2026-07-23,extra-mercado,Extra Mercado,ipca-sp-1114001,1114001,1.000000000000,83
2026-07-24,2026-07-23,pao-de-acucar,Pão de Açúcar,ipca-sp-1114001,1114001,0.989744394476,15
2026-07-24,2026-07-23,st-marche,St Marché,ipca-sp-1114001,1114001,1.006472969758,39
2026-07-24,2026-07-23,carrefour,Carrefour Mercado,ipca-sp-1114022,1114022,0.955290325631,39
2026-07-24,2026-07-23,extra-mercado,Extra Mercado,ipca-sp-1114022,1114022,0.977248758209,57
2026-07-24,2026-07-23,pao-de-acucar,Pão de Açúcar,ipca-sp-1114022,1114022,1.000000000000,32
2026-07-24,2026-07-23,st-marche,St Marché,ipca-sp-1114022,1114022,1.003312827733,11
2026-07-24,2026-07-23,carrefour,Carrefour Mercado,ipca-sp-1114083,1114083,0.983685509674,109
2026-07-24,2026-07-23,extra-mercado,Extra Mercado,ipca-sp-1114083,1114083,1.000000000000,107
2026-07-24,2026-07-23,st-marche,St Marché,ipca-sp-1114083,1114083,0.999553758381,100
2026-07-24,2026-07-23,carrefour,Carrefour Mercado,ipca-sp-1114084,1114084,0.996744243258,38
2026-07-24,2026-07-23,extra-mercado,Extra Mercado,ipca-sp-1114084,1114084,1.000000000000,70
2026-07-24,2026-07-23,pao-de-acucar,Pão de Açúcar,ipca-sp-1114084,1114084,1.000000000000,3
2026-07-24,2026-07-23,carrefour,Carrefour Mercado,ipca-sp-1114087,1114087,1.000000000000,19
2026-07-24,2026-07-23,extra-mercado,Extra Mercado,ipca-sp-1114087,1114087,1.000000000000,30
2026-07-24,2026-07-23,pao-de-acucar,Pão de Açúcar,ipca-sp-1114087,1114087,0.954522294222,216
2026-07-24,2026-07-23,st-marche,St Marché,ipca-sp-1114087,1114087,1.000000000000,289
2026-07-24,2026-07-23,carrefour,Carrefour Mercado,ipca-sp-1114090,1114090,1.000000000000,20
2026-07-24,2026-07-23,extra-mercado,Extra Mercado,ipca-sp-1114090,1114090,1.000000000000,38
2026-07-24,2026-07-23,st-marche,St Marché,ipca-sp-1114090,1114090,1.000000000000,4
2026-07-24,2026-07-23,carrefour,Carrefour Mercado,ipca-sp-1115016,1115016,1.000000000000,4
2026-07-24,2026-07-23,extra-mercado,Extra Mercado,ipca-sp-1115016,1115016,0.988286211910,10
2026-07-24,2026-07-23,pao-de-acucar,Pão de Açúcar,ipca-sp-1115016,1115016,1.000000000000,10
2026-07-24,2026-07-23,st-marche,St Marché,ipca-sp-1115016,1115016,1.000000000000,4
2026-07-24,2026-07-23,carrefour,Carrefour Mercado,ipca-sp-1115039,1115039,1.000000000000,4
2026-07-24,2026-07-23,extra-mercado,Extra Mercado,ipca-sp-1115039,1115039,1.000000000000,4
2026-07-24,2026-07-23,pao-de-acucar,Pão de Açúcar,ipca-sp-1115039,1115039,1.000000000000,2
2026-07-24,2026-07-23,st-marche,St Marché,ipca-sp-1115039,1115039,1.000000000000,1
2026-07-24,2026-07-23,carrefour,Carrefour Mercado,ipca-sp-1115057,1115057,1.000000000000,11
2026-07-24,2026-07-23,extra-mercado,Extra Mercado,ipca-sp-1115057,1115057,1.000000000000,22
2026-07-24,2026-07-23,pao-de-acucar,Pão de Açúcar,ipca-sp-1115057,1115057,1.000000000000,34
2026-07-24,2026-07-23,st-marche,St Marché,ipca-sp-1115057,1115057,1.000000000000,2
2026-07-24,2026-07-23,carrefour,Carrefour Mercado,ipca-sp-1115058,1115058,1.026397321062,3
2026-07-24,2026-07-23,extra-mercado,Extra Mercado,ipca-sp-1115058,1115058,1.000000000000,3
2026-07-24,2026-07-23,pao-de-acucar,Pão de Açúcar,ipca-sp-1115058,1115058,1.000000000000,1
2026-07-24,2026-07-23,st-marche,St Marché,ipca-sp-1115058,1115058,1.000000000000,2
2026-07-24,2026-07-23,carrefour,Carrefour Mercado,ipca-sp-1115075,1115075,1.000000000000,14
2026-07-24,2026-07-23,extra-mercado,Extra Mercado,ipca-sp-1115075,1115075,0.978957398308,13
2026-07-24,2026-07-23,pao-de-acucar,Pão de Açúcar,ipca-sp-1115075,1115075,1.000000000000,3
2026-07-24,2026-07-23,st-marche,St Marché,ipca-sp-1115075,1115075,1.000000000000,2
2026-07-24,2026-07-23,carrefour,Carrefour Mercado,ipca-sp-1116005,1116005,0.960322694763,34
2026-07-24,2026-07-23,extra-mercado,Extra Mercado,ipca-sp-1116005,1116005,1.000000000000,35
2026-07-24,2026-07-23,pao-de-acucar,Pão de Açúcar,ipca-sp-1116005,1116005,1.000000000000,21
2026-07-24,2026-07-23,st-marche,St Marché,ipca-sp-1116005,1116005,1.000000000000,13
2026-07-24,2026-07-23,carrefour,Carrefour Mercado,ipca-sp-1116010,1116010,1.000000000000,4
2026-07-24,2026-07-23,extra-mercado,Extra Mercado,ipca-sp-1116010,1116010,1.000000000000,6
2026-07-24,2026-07-23,pao-de-acucar,Pão de Açúcar,ipca-sp-1116010,1116010,1.000000000000,7
2026-07-24,2026-07-23,st-marche,St Marché,ipca-sp-1116010,1116010,1.000000000000,14
2026-07-24,2026-07-23,carrefour,Carrefour Mercado,ipca-sp-1116033,1116033,1.010799361356,13
2026-07-24,2026-07-23,extra-mercado,Extra Mercado,ipca-sp-1116033,1116033,1.010203694048,22
2026-07-24,2026-07-23,pao-de-acucar,Pão de Açúcar,ipca-sp-1116033,1116033,1.000000000000,5
2026-07-24,2026-07-23,st-marche,St Marché,ipca-sp-1116033,1116033,1.000000000000,3
2026-07-24,2026-07-23,carrefour,Carrefour Mercado,ipca-sp-1116041,1116041,1.071923123612,6
2026-07-24,2026-07-23,extra-mercado,Extra Mercado,ipca-sp-1116041,1116041,1.000000000000,13
2026-07-24,2026-07-23,pao-de-acucar,Pão de Açúcar,ipca-sp-1116041,1116041,0.984576099958,15
2026-07-24,2026-07-23,st-marche,St Marché,ipca-sp-1116041,1116041,1.000000000000,2
2026-07-24,2026-07-23,carrefour,Carrefour Mercado,ipca-sp-1116071,1116071,0.865292462773,15
2026-07-24,2026-07-23,extra-mercado,Extra Mercado,ipca-sp-1116071,1116071,1.000000000000,30
2026-07-24,2026-07-23,pao-de-acucar,Pão de Açúcar,ipca-sp-1116071,1116071,1.000000000000,28
2026-07-24,2026-07-23,st-marche,St Marché,ipca-sp-1116071,1116071,0.941605491534,6
2026-07-25,2026-07-24,carrefour,Carrefour Mercado,ipca-sp-1101002,1101002,1.001062220490,21
2026-07-25,2026-07-24,extra-mercado,Extra Mercado,ipca-sp-1101002,1101002,1.005425026248,25
2026-07-25,2026-07-24,pao-de-acucar,Pão de Açúcar,ipca-sp-1101002,1101002,1.000000000000,26
2026-07-25,2026-07-24,st-marche,St Marché,ipca-sp-1101002,1101002,1.000000000000,4
2026-07-25,2026-07-24,carrefour,Carrefour Mercado,ipca-sp-1101073,1101073,1.021689532705,9
2026-07-25,2026-07-24,extra-mercado,Extra Mercado,ipca-sp-1101073,1101073,1.000000000000,10
2026-07-25,2026-07-24,st-marche,St Marché,ipca-sp-1101073,1101073,1.000000000000,1
2026-07-25,2026-07-24,carrefour,Carrefour Mercado,ipca-sp-1102006,1102006,1.006620867469,45
2026-07-25,2026-07-24,extra-mercado,Extra Mercado,ipca-sp-1102006,1102006,0.999405502061,53
2026-07-25,2026-07-24,pao-de-acucar,Pão de Açúcar,ipca-sp-1102006,1102006,1.000000000000,22
2026-07-25,2026-07-24,st-marche,St Marché,ipca-sp-1102006,1102006,1.000000000000,27
2026-07-25,2026-07-24,carrefour,Carrefour Mercado,ipca-sp-1102012,1102012,1.000000000000,5
2026-07-25,2026-07-24,extra-mercado,Extra Mercado,ipca-sp-1102012,1102012,1.000000000000,8
2026-07-25,2026-07-24,st-marche,St Marché,ipca-sp-1102012,1102012,1.000000000000,5
2026-07-25,2026-07-24,carrefour,Carrefour Mercado,ipca-sp-1102023,1102023,1.185814105405,5
2026-07-25,2026-07-24,extra-mercado,Extra Mercado,ipca-sp-1102023,1102023,1.000000000000,6
2026-07-25,2026-07-24,carrefour,Carrefour Mercado,ipca-sp-1102029,1102029,1.054926217945,20
2026-07-25,2026-07-24,extra-mercado,Extra Mercado,ipca-sp-1102029,1102029,1.000000000000,51
2026-07-25,2026-07-24,pao-de-acucar,Pão de Açúcar,ipca-sp-1102029,1102029,1.000000000000,47
2026-07-25,2026-07-24,st-marche,St Marché,ipca-sp-1102029,1102029,1.000000000000,53
2026-07-25,2026-07-24,carrefour,Carrefour Mercado,ipca-sp-1102061,1102061,0.994051737325,15
2026-07-25,2026-07-24,extra-mercado,Extra Mercado,ipca-sp-1102061,1102061,0.979410453816,38
2026-07-25,2026-07-24,pao-de-acucar,Pão de Açúcar,ipca-sp-1102061,1102061,1.000000000000,2
2026-07-25,2026-07-24,st-marche,St Marché,ipca-sp-1102061,1102061,1.000000000000,5
2026-07-25,2026-07-24,carrefour,Carrefour Mercado,ipca-sp-1103002,1103002,1.025706940874,1
2026-07-25,2026-07-24,extra-mercado,Extra Mercado,ipca-sp-1103002,1103002,1.000000000000,2
2026-07-25,2026-07-24,st-marche,St Marché,ipca-sp-1103002,1103002,0.944427628522,4
2026-07-25,2026-07-24,carrefour,Carrefour Mercado,ipca-sp-1103003,1103003,1.039630797646,6
2026-07-25,2026-07-24,extra-mercado,Extra Mercado,ipca-sp-1103003,1103003,1.000000000000,10
2026-07-25,2026-07-24,pao-de-acucar,Pão de Açúcar,ipca-sp-1103003,1103003,0.951598127145,9
2026-07-25,2026-07-24,st-marche,St Marché,ipca-sp-1103003,1103003,1.000000000000,5
2026-07-25,2026-07-24,carrefour,Carrefour Mercado,ipca-sp-1103020,1103020,1.000000000000,1
2026-07-25,2026-07-24,extra-mercado,Extra Mercado,ipca-sp-1103020,1103020,1.000000000000,1
2026-07-25,2026-07-24,pao-de-acucar,Pão de Açúcar,ipca-sp-1103020,1103020,1.000000000000,1
2026-07-25,2026-07-24,st-marche,St Marché,ipca-sp-1103020,1103020,1.000000000000,3
2026-07-25,2026-07-24,carrefour,Carrefour Mercado,ipca-sp-1103026,1103026,1.000000000000,1
2026-07-25,2026-07-24,extra-mercado,Extra Mercado,ipca-sp-1103026,1103026,1.000000000000,6
2026-07-25,2026-07-24,pao-de-acucar,Pão de Açúcar,ipca-sp-1103026,1103026,1.000000000000,2
2026-07-25,2026-07-24,st-marche,St Marché,ipca-sp-1103026,1103026,1.000000000000,4
2026-07-25,2026-07-24,carrefour,Carrefour Mercado,ipca-sp-1103028,1103028,1.052577870552,9
2026-07-25,2026-07-24,extra-mercado,Extra Mercado,ipca-sp-1103028,1103028,0.953909647567,7
2026-07-25,2026-07-24,pao-de-acucar,Pão de Açúcar,ipca-sp-1103028,1103028,1.000000000000,5
2026-07-25,2026-07-24,st-marche,St Marché,ipca-sp-1103028,1103028,0.984598736291,6
2026-07-25,2026-07-24,carrefour,Carrefour Mercado,ipca-sp-1103043,1103043,0.999991296378,4
2026-07-25,2026-07-24,extra-mercado,Extra Mercado,ipca-sp-1103043,1103043,1.000000000000,2
2026-07-25,2026-07-24,pao-de-acucar,Pão de Açúcar,ipca-sp-1103043,1103043,1.000000000000,1
2026-07-25,2026-07-24,st-marche,St Marché,ipca-sp-1103043,1103043,1.000000000000,8
2026-07-25,2026-07-24,carrefour,Carrefour Mercado,ipca-sp-1103044,1103044,1.095628039803,2
2026-07-25,2026-07-24,extra-mercado,Extra Mercado,ipca-sp-1103044,1103044,1.000000000000,2
2026-07-25,2026-07-24,st-marche,St Marché,ipca-sp-1103044,1103044,1.000000000000,3
2026-07-25,2026-07-24,carrefour,Carrefour Mercado,ipca-sp-1104003,1104003,1.006531940050,7
2026-07-25,2026-07-24,extra-mercado,Extra Mercado,ipca-sp-1104003,1104003,1.000000000000,4
2026-07-25,2026-07-24,pao-de-acucar,Pão de Açúcar,ipca-sp-1104003,1104003,1.000000000000,1
2026-07-25,2026-07-24,st-marche,St Marché,ipca-sp-1104003,1104003,1.000000000000,1
2026-07-25,2026-07-24,carrefour,Carrefour Mercado,ipca-sp-1104023,1104023,1.001195294915,67
2026-07-25,2026-07-24,extra-mercado,Extra Mercado,ipca-sp-1104023,1104023,0.983854199834,129
2026-07-25,2026-07-24,pao-de-acucar,Pão de Açúcar,ipca-sp-1104023,1104023,1.000000000000,69
2026-07-25,2026-07-24,st-marche,St Marché,ipca-sp-1104023,1104023,1.000000000000,22
2026-07-25,2026-07-24,carrefour,Carrefour Mercado,ipca-sp-1104032,1104032,0.942152293173,17
2026-07-25,2026-07-24,extra-mercado,Extra Mercado,ipca-sp-1104032,1104032,0.951053189613,32
2026-07-25,2026-07-24,pao-de-acucar,Pão de Açúcar,ipca-sp-1104032,1104032,0.991115081929,108
2026-07-25,2026-07-24,st-marche,St Marché,ipca-sp-1104032,1104032,1.024413014797,117
2026-07-25,2026-07-24,carrefour,Carrefour Mercado,ipca-sp-1104052,1104052,0.993002004792,20
2026-07-25,2026-07-24,extra-mercado,Extra Mercado,ipca-sp-1104052,1104052,1.000000000000,18
2026-07-25,2026-07-24,pao-de-acucar,Pão de Açúcar,ipca-sp-1104052,1104052,1.000000000000,8
2026-07-25,2026-07-24,st-marche,St Marché,ipca-sp-1104052,1104052,1.000000000000,6
2026-07-25,2026-07-24,carrefour,Carrefour Mercado,ipca-sp-1105001,1105001,0.932711455803,6
2026-07-25,2026-07-24,extra-mercado,Extra Mercado,ipca-sp-1105001,1105001,1.000000000000,3
2026-07-25,2026-07-24,st-marche,St Marché,ipca-sp-1105001,1105001,1.000000000000,11
2026-07-25,2026-07-24,carrefour,Carrefour Mercado,ipca-sp-1105005,1105005,0.872599851194,2
2026-07-25,2026-07-24,extra-mercado,Extra Mercado,ipca-sp-1105005,1105005,1.000000000000,1
2026-07-25,2026-07-24,st-marche,St Marché,ipca-sp-1105005,1105005,1.000000000000,3
2026-07-25,2026-07-24,carrefour,Carrefour Mercado,ipca-sp-1105010,1105010,0.814020028612,1
2026-07-25,2026-07-24,extra-mercado,Extra Mercado,ipca-sp-1105010,1105010,1.000000000000,3
2026-07-25,2026-07-24,carrefour,Carrefour Mercado,ipca-sp-1105012,1105012,1.000000000000,4
2026-07-25,2026-07-24,extra-mercado,Extra Mercado,ipca-sp-1105012,1105012,1.000000000000,5
2026-07-25,2026-07-24,carrefour,Carrefour Mercado,ipca-sp-1105019,1105019,1.048562983408,7
2026-07-25,2026-07-24,extra-mercado,Extra Mercado,ipca-sp-1105019,1105019,1.009866370423,4
2026-07-25,2026-07-24,pao-de-acucar,Pão de Açúcar,ipca-sp-1105019,1105019,1.000000000000,1
2026-07-25,2026-07-24,st-marche,St Marché,ipca-sp-1105019,1105019,1.000000000000,7
2026-07-25,2026-07-24,extra-mercado,Extra Mercado,ipca-sp-1106005,1106005,1.000000000000,1
2026-07-25,2026-07-24,carrefour,Carrefour Mercado,ipca-sp-1106008,1106008,2.229038854806,1
2026-07-25,2026-07-24,extra-mercado,Extra Mercado,ipca-sp-1106008,1106008,1.000000000000,1
2026-07-25,2026-07-24,st-marche,St Marché,ipca-sp-1106008,1106008,1.000000000000,3
2026-07-25,2026-07-24,carrefour,Carrefour Mercado,ipca-sp-1106015,1106015,0.774476522724,3
2026-07-25,2026-07-24,extra-mercado,Extra Mercado,ipca-sp-1106015,1106015,1.000000000000,2
2026-07-25,2026-07-24,st-marche,St Marché,ipca-sp-1106015,1106015,1.000000000000,2
2026-07-25,2026-07-24,carrefour,Carrefour Mercado,ipca-sp-1106017,1106017,0.970949789446,4
2026-07-25,2026-07-24,extra-mercado,Extra Mercado,ipca-sp-1106017,1106017,1.000000000000,5
2026-07-25,2026-07-24,st-marche,St Marché,ipca-sp-1106017,1106017,1.000000000000,8
2026-07-25,2026-07-24,carrefour,Carrefour Mercado,ipca-sp-1106018,1106018,1.000505433441,2
2026-07-25,2026-07-24,extra-mercado,Extra Mercado,ipca-sp-1106018,1106018,1.000000000000,5
2026-07-25,2026-07-24,pao-de-acucar,Pão de Açúcar,ipca-sp-1106018,1106018,1.000000000000,3
2026-07-25,2026-07-24,st-marche,St Marché,ipca-sp-1106018,1106018,1.000000000000,5
2026-07-25,2026-07-24,carrefour,Carrefour Mercado,ipca-sp-1106019,1106019,1.134073645274,2
2026-07-25,2026-07-24,extra-mercado,Extra Mercado,ipca-sp-1106019,1106019,1.077217345016,3
2026-07-25,2026-07-24,st-marche,St Marché,ipca-sp-1106019,1106019,1.000000000000,7
2026-07-25,2026-07-24,carrefour,Carrefour Mercado,ipca-sp-1106023,1106023,1.100000000000,1
2026-07-25,2026-07-24,extra-mercado,Extra Mercado,ipca-sp-1106023,1106023,1.000000000000,3
2026-07-25,2026-07-24,st-marche,St Marché,ipca-sp-1106023,1106023,1.000000000000,7
2026-07-25,2026-07-24,carrefour,Carrefour Mercado,ipca-sp-1106027,1106027,0.949838747718,3
2026-07-25,2026-07-24,extra-mercado,Extra Mercado,ipca-sp-1106027,1106027,1.000000000000,4
2026-07-25,2026-07-24,st-marche,St Marché,ipca-sp-1106027,1106027,1.000000000000,6
2026-07-25,2026-07-24,carrefour,Carrefour Mercado,ipca-sp-1106028,1106028,1.000000000000,2
2026-07-25,2026-07-24,extra-mercado,Extra Mercado,ipca-sp-1106028,1106028,1.136345732411,4
2026-07-25,2026-07-24,st-marche,St Marché,ipca-sp-1106028,1106028,1.020426716181,9
2026-07-25,2026-07-24,carrefour,Carrefour Mercado,ipca-sp-1106039,1106039,1.000000000000,1
2026-07-25,2026-07-24,extra-mercado,Extra Mercado,ipca-sp-1106039,1106039,1.000000000000,4
2026-07-25,2026-07-24,pao-de-acucar,Pão de Açúcar,ipca-sp-1106039,1106039,1.000000000000,1
2026-07-25,2026-07-24,carrefour,Carrefour Mercado,ipca-sp-1107018,1107018,1.010817147905,20
2026-07-25,2026-07-24,extra-mercado,Extra Mercado,ipca-sp-1107018,1107018,0.993794353590,46
2026-07-25,2026-07-24,pao-de-acucar,Pão de Açúcar,ipca-sp-1107018,1107018,1.008989991523,44
2026-07-25,2026-07-24,st-marche,St Marché,ipca-sp-1107018,1107018,0.996203287463,31
2026-07-25,2026-07-24,carrefour,Carrefour Mercado,ipca-sp-1107084,1107084,1.017422084854,4
2026-07-25,2026-07-24,extra-mercado,Extra Mercado,ipca-sp-1107084,1107084,1.000000000000,4
2026-07-25,2026-07-24,pao-de-acucar,Pão de Açúcar,ipca-sp-1107084,1107084,0.993944077944,12
2026-07-25,2026-07-24,st-marche,St Marché,ipca-sp-1107084,1107084,1.000000000000,4
2026-07-25,2026-07-24,carrefour,Carrefour Mercado,ipca-sp-1107087,1107087,0.791715720562,3
2026-07-25,2026-07-24,extra-mercado,Extra Mercado,ipca-sp-1107087,1107087,1.000000000000,3
2026-07-25,2026-07-24,pao-de-acucar,Pão de Açúcar,ipca-sp-1107087,1107087,1.086444071935,2
2026-07-25,2026-07-24,st-marche,St Marché,ipca-sp-1107087,1107087,1.000000000000,7
2026-07-25,2026-07-24,carrefour,Carrefour Mercado,ipca-sp-1107088,1107088,1.000000000000,1
2026-07-25,2026-07-24,extra-mercado,Extra Mercado,ipca-sp-1107088,1107088,1.000000000000,4
2026-07-25,2026-07-24,pao-de-acucar,Pão de Açúcar,ipca-sp-1107088,1107088,1.000000000000,10
2026-07-25,2026-07-24,st-marche,St Marché,ipca-sp-1107088,1107088,1.000000000000,4
2026-07-25,2026-07-24,carrefour,Carrefour Mercado,ipca-sp-1107089,1107089,1.000000000000,5
2026-07-25,2026-07-24,extra-mercado,Extra Mercado,ipca-sp-1107089,1107089,1.000000000000,4
2026-07-25,2026-07-24,pao-de-acucar,Pão de Açúcar,ipca-sp-1107089,1107089,1.000000000000,6
2026-07-25,2026-07-24,st-marche,St Marché,ipca-sp-1107089,1107089,1.000000000000,7
2026-07-25,2026-07-24,carrefour,Carrefour Mercado,ipca-sp-1107091,1107091,0.966611018364,1
2026-07-25,2026-07-24,pao-de-acucar,Pão de Açúcar,ipca-sp-1107091,1107091,1.000000000000,5
2026-07-25,2026-07-24,st-marche,St Marché,ipca-sp-1107091,1107091,0.967994696553,3
2026-07-25,2026-07-24,carrefour,Carrefour Mercado,ipca-sp-1107093,1107093,1.000000000000,1
2026-07-25,2026-07-24,extra-mercado,Extra Mercado,ipca-sp-1107093,1107093,1.000000000000,4
2026-07-25,2026-07-24,pao-de-acucar,Pão de Açúcar,ipca-sp-1107093,1107093,1.000000000000,3
2026-07-25,2026-07-24,st-marche,St Marché,ipca-sp-1107093,1107093,1.000000000000,2
2026-07-25,2026-07-24,carrefour,Carrefour Mercado,ipca-sp-1107094,1107094,1.000000000000,1
2026-07-25,2026-07-24,extra-mercado,Extra Mercado,ipca-sp-1107094,1107094,1.000000000000,1
2026-07-25,2026-07-24,pao-de-acucar,Pão de Açúcar,ipca-sp-1107094,1107094,1.000000000000,1
2026-07-25,2026-07-24,st-marche,St Marché,ipca-sp-1107094,1107094,1.000000000000,1
2026-07-25,2026-07-24,carrefour,Carrefour Mercado,ipca-sp-1107095,1107095,0.987847074847,4
2026-07-25,2026-07-24,extra-mercado,Extra Mercado,ipca-sp-1107095,1107095,0.930789831524,2
2026-07-25,2026-07-24,pao-de-acucar,Pão de Açúcar,ipca-sp-1107095,1107095,1.000000000000,4
2026-07-25,2026-07-24,st-marche,St Marché,ipca-sp-1107095,1107095,1.000000000000,3
2026-07-25,2026-07-24,carrefour,Carrefour Mercado,ipca-sp-1107099,1107099,1.000000000000,2
2026-07-25,2026-07-24,extra-mercado,Extra Mercado,ipca-sp-1107099,1107099,1.000000000000,2
2026-07-25,2026-07-24,pao-de-acucar,Pão de Açúcar,ipca-sp-1107099,1107099,1.000000000000,8
2026-07-25,2026-07-24,st-marche,St Marché,ipca-sp-1107099,1107099,1.000882325018,3
2026-07-25,2026-07-24,carrefour,Carrefour Mercado,ipca-sp-1108031,1108031,0.954145211527,3
2026-07-25,2026-07-24,extra-mercado,Extra Mercado,ipca-sp-1108031,1108031,1.000000000000,2
2026-07-25,2026-07-24,pao-de-acucar,Pão de Açúcar,ipca-sp-1108031,1108031,1.000000000000,1
2026-07-25,2026-07-24,st-marche,St Marché,ipca-sp-1108031,1108031,1.000000000000,1
2026-07-25,2026-07-24,pao-de-acucar,Pão de Açúcar,ipca-sp-1108038,1108038,1.000000000000,3
2026-07-25,2026-07-24,st-marche,St Marché,ipca-sp-1108038,1108038,1.000000000000,2
2026-07-25,2026-07-24,carrefour,Carrefour Mercado,ipca-sp-1108075,1108075,1.026037992092,5
2026-07-25,2026-07-24,extra-mercado,Extra Mercado,ipca-sp-1108075,1108075,1.000000000000,2
2026-07-25,2026-07-24,pao-de-acucar,Pão de Açúcar,ipca-sp-1108075,1108075,1.000000000000,33
2026-07-25,2026-07-24,st-marche,St Marché,ipca-sp-1108075,1108075,1.000000000000,7
2026-07-25,2026-07-24,carrefour,Carrefour Mercado,ipca-sp-1108080,1108080,1.031255007628,4
2026-07-25,2026-07-24,extra-mercado,Extra Mercado,ipca-sp-1108080,1108080,1.000000000000,4
2026-07-25,2026-07-24,pao-de-acucar,Pão de Açúcar,ipca-sp-1108080,1108080,1.000000000000,8
2026-07-25,2026-07-24,st-marche,St Marché,ipca-sp-1108080,1108080,1.000000000000,4
2026-07-25,2026-07-24,carrefour,Carrefour Mercado,ipca-sp-1109002,1109002,0.870889139104,6
2026-07-25,2026-07-24,extra-mercado,Extra Mercado,ipca-sp-1109002,1109002,0.990484147279,10
2026-07-25,2026-07-24,pao-de-acucar,Pão de Açúcar,ipca-sp-1109002,1109002,1.000000000000,22
2026-07-25,2026-07-24,st-marche,St Marché,ipca-sp-1109002,1109002,1.000000000000,11
2026-07-25,2026-07-24,carrefour,Carrefour Mercado,ipca-sp-1109007,1109007,1.045814697245,6
2026-07-25,2026-07-24,extra-mercado,Extra Mercado,ipca-sp-1109007,1109007,1.000000000000,11
2026-07-25,2026-07-24,pao-de-acucar,Pão de Açúcar,ipca-sp-1109007,1109007,1.000000000000,15
2026-07-25,2026-07-24,st-marche,St Marché,ipca-sp-1109007,1109007,1.000000000000,2
2026-07-25,2026-07-24,carrefour,Carrefour Mercado,ipca-sp-1109008,1109008,1.033874830918,12
2026-07-25,2026-07-24,extra-mercado,Extra Mercado,ipca-sp-1109008,1109008,0.987389910513,30
2026-07-25,2026-07-24,pao-de-acucar,Pão de Açúcar,ipca-sp-1109008,1109008,1.000000000000,62
2026-07-25,2026-07-24,st-marche,St Marché,ipca-sp-1109008,1109008,1.000000000000,44
2026-07-25,2026-07-24,carrefour,Carrefour Mercado,ipca-sp-1109010,1109010,1.017821901231,4
2026-07-25,2026-07-24,extra-mercado,Extra Mercado,ipca-sp-1109010,1109010,1.000000000000,13
2026-07-25,2026-07-24,pao-de-acucar,Pão de Açúcar,ipca-sp-1109010,1109010,1.000000000000,2
2026-07-25,2026-07-24,st-marche,St Marché,ipca-sp-1109010,1109010,1.000000000000,4
2026-07-25,2026-07-24,carrefour,Carrefour Mercado,ipca-sp-1110009,1110009,1.000000000000,1
2026-07-25,2026-07-24,extra-mercado,Extra Mercado,ipca-sp-1110009,1110009,1.000000000000,3
2026-07-25,2026-07-24,pao-de-acucar,Pão de Açúcar,ipca-sp-1110009,1110009,1.000000000000,5
2026-07-25,2026-07-24,carrefour,Carrefour Mercado,ipca-sp-1110010,1110010,1.013655184086,45
2026-07-25,2026-07-24,extra-mercado,Extra Mercado,ipca-sp-1110010,1110010,0.987401075417,51
2026-07-25,2026-07-24,pao-de-acucar,Pão de Açúcar,ipca-sp-1110010,1110010,1.023015237382,61
2026-07-25,2026-07-24,st-marche,St Marché,ipca-sp-1110010,1110010,1.000000000000,60
2026-07-25,2026-07-24,carrefour,Carrefour Mercado,ipca-sp-1110044,1110044,1.000000000000,5
2026-07-25,2026-07-24,extra-mercado,Extra Mercado,ipca-sp-1110044,1110044,0.999367663149,13
2026-07-25,2026-07-24,pao-de-acucar,Pão de Açúcar,ipca-sp-1110044,1110044,0.925311510102,11
2026-07-25,2026-07-24,st-marche,St Marché,ipca-sp-1110044,1110044,0.985525707255,18
2026-07-25,2026-07-24,carrefour,Carrefour Mercado,ipca-sp-1111004,1111004,1.004619777295,42
2026-07-25,2026-07-24,extra-mercado,Extra Mercado,ipca-sp-1111004,1111004,1.018146159911,14
2026-07-25,2026-07-24,pao-de-acucar,Pão de Açúcar,ipca-sp-1111004,1111004,1.000000000000,1
2026-07-25,2026-07-24,st-marche,St Marché,ipca-sp-1111004,1111004,1.000000000000,16
2026-07-25,2026-07-24,carrefour,Carrefour Mercado,ipca-sp-1111009,1111009,1.005008307938,15
2026-07-25,2026-07-24,extra-mercado,Extra Mercado,ipca-sp-1111009,1111009,0.967421400057,10
2026-07-25,2026-07-24,pao-de-acucar,Pão de Açúcar,ipca-sp-1111009,1111009,1.000000000000,5
2026-07-25,2026-07-24,st-marche,St Marché,ipca-sp-1111009,1111009,1.000000000000,2
2026-07-25,2026-07-24,carrefour,Carrefour Mercado,ipca-sp-1111011,1111011,1.156657521564,62
2026-07-25,2026-07-24,extra-mercado,Extra Mercado,ipca-sp-1111011,1111011,1.000000000000,73
2026-07-25,2026-07-24,pao-de-acucar,Pão de Açúcar,ipca-sp-1111011,1111011,1.000210788769,277
2026-07-25,2026-07-24,st-marche,St Marché,ipca-sp-1111011,1111011,1.001287068345,82
2026-07-25,2026-07-24,carrefour,Carrefour Mercado,ipca-sp-1111019,1111019,0.861091541047,153
2026-07-25,2026-07-24,extra-mercado,Extra Mercado,ipca-sp-1111019,1111019,1.001439765476,234
2026-07-25,2026-07-24,pao-de-acucar,Pão de Açúcar,ipca-sp-1111019,1111019,1.000000000000,39
2026-07-25,2026-07-24,st-marche,St Marché,ipca-sp-1111019,1111019,0.995605423306,112
2026-07-25,2026-07-24,carrefour,Carrefour Mercado,ipca-sp-1111021,1111021,0.950108771918,42
2026-07-25,2026-07-24,extra-mercado,Extra Mercado,ipca-sp-1111021,1111021,1.000000000000,23
2026-07-25,2026-07-24,pao-de-acucar,Pão de Açúcar,ipca-sp-1111021,1111021,1.000000000000,14
2026-07-25,2026-07-24,st-marche,St Marché,ipca-sp-1111021,1111021,0.991466450404,21
2026-07-25,2026-07-24,carrefour,Carrefour Mercado,ipca-sp-1112003,1112003,1.006326728518,116
2026-07-25,2026-07-24,extra-mercado,Extra Mercado,ipca-sp-1112003,1112003,0.999745316677,232
2026-07-25,2026-07-24,pao-de-acucar,Pão de Açúcar,ipca-sp-1112003,1112003,1.000000000000,65
2026-07-25,2026-07-24,st-marche,St Marché,ipca-sp-1112003,1112003,1.000000000000,69
2026-07-25,2026-07-24,carrefour,Carrefour Mercado,ipca-sp-1112015,1112015,1.023003537112,4
2026-07-25,2026-07-24,extra-mercado,Extra Mercado,ipca-sp-1112015,1112015,1.000000000000,8
2026-07-25,2026-07-24,st-marche,St Marché,ipca-sp-1112015,1112015,1.000000000000,5
2026-07-25,2026-07-24,carrefour,Carrefour Mercado,ipca-sp-1112017,1112017,0.786231592936,4
2026-07-25,2026-07-24,extra-mercado,Extra Mercado,ipca-sp-1112017,1112017,1.000000000000,15
2026-07-25,2026-07-24,st-marche,St Marché,ipca-sp-1112017,1112017,1.000000000000,7
2026-07-25,2026-07-24,carrefour,Carrefour Mercado,ipca-sp-1112018,1112018,1.011927286504,60
2026-07-25,2026-07-24,extra-mercado,Extra Mercado,ipca-sp-1112018,1112018,1.000000000000,40
2026-07-25,2026-07-24,pao-de-acucar,Pão de Açúcar,ipca-sp-1112018,1112018,1.000000000000,7
2026-07-25,2026-07-24,st-marche,St Marché,ipca-sp-1112018,1112018,1.000000000000,67
2026-07-25,2026-07-24,carrefour,Carrefour Mercado,ipca-sp-1112019,1112019,0.840122214629,32
2026-07-25,2026-07-24,extra-mercado,Extra Mercado,ipca-sp-1112019,1112019,1.002302790274,91
2026-07-25,2026-07-24,pao-de-acucar,Pão de Açúcar,ipca-sp-1112019,1112019,1.000000000000,24
2026-07-25,2026-07-24,st-marche,St Marché,ipca-sp-1112019,1112019,1.000000000000,115
2026-07-25,2026-07-24,carrefour,Carrefour Mercado,ipca-sp-1113013,1113013,1.019886238459,5
2026-07-25,2026-07-24,extra-mercado,Extra Mercado,ipca-sp-1113013,1113013,1.014840849759,4
2026-07-25,2026-07-24,st-marche,St Marché,ipca-sp-1113013,1113013,1.000000000000,1
2026-07-25,2026-07-24,carrefour,Carrefour Mercado,ipca-sp-1113014,1113014,1.063983532213,13
2026-07-25,2026-07-24,extra-mercado,Extra Mercado,ipca-sp-1113014,1113014,1.000000000000,10
2026-07-25,2026-07-24,pao-de-acucar,Pão de Açúcar,ipca-sp-1113014,1113014,1.000000000000,8
2026-07-25,2026-07-24,st-marche,St Marché,ipca-sp-1113014,1113014,1.000000000000,6
2026-07-25,2026-07-24,carrefour,Carrefour Mercado,ipca-sp-1113040,1113040,1.005957436982,18
2026-07-25,2026-07-24,extra-mercado,Extra Mercado,ipca-sp-1113040,1113040,1.000000000000,16
2026-07-25,2026-07-24,pao-de-acucar,Pão de Açúcar,ipca-sp-1113040,1113040,1.000000000000,2
2026-07-25,2026-07-24,st-marche,St Marché,ipca-sp-1113040,1113040,1.000000000000,7
2026-07-25,2026-07-24,carrefour,Carrefour Mercado,ipca-sp-1114001,1114001,0.947338445856,90
2026-07-25,2026-07-24,extra-mercado,Extra Mercado,ipca-sp-1114001,1114001,0.984871812216,83
2026-07-25,2026-07-24,pao-de-acucar,Pão de Açúcar,ipca-sp-1114001,1114001,1.000000000000,15
2026-07-25,2026-07-24,st-marche,St Marché,ipca-sp-1114001,1114001,1.000000000000,39
2026-07-25,2026-07-24,carrefour,Carrefour Mercado,ipca-sp-1114022,1114022,1.031718198073,42
2026-07-25,2026-07-24,extra-mercado,Extra Mercado,ipca-sp-1114022,1114022,1.000000000000,56
2026-07-25,2026-07-24,pao-de-acucar,Pão de Açúcar,ipca-sp-1114022,1114022,1.036702307129,30
2026-07-25,2026-07-24,st-marche,St Marché,ipca-sp-1114022,1114022,1.000000000000,11
2026-07-25,2026-07-24,carrefour,Carrefour Mercado,ipca-sp-1114083,1114083,0.983431853441,109
2026-07-25,2026-07-24,extra-mercado,Extra Mercado,ipca-sp-1114083,1114083,0.963611657891,107
2026-07-25,2026-07-24,st-marche,St Marché,ipca-sp-1114083,1114083,1.000000000000,98
2026-07-25,2026-07-24,carrefour,Carrefour Mercado,ipca-sp-1114084,1114084,0.971426044759,38
2026-07-25,2026-07-24,extra-mercado,Extra Mercado,ipca-sp-1114084,1114084,0.973595757144,69
2026-07-25,2026-07-24,pao-de-acucar,Pão de Açúcar,ipca-sp-1114084,1114084,1.000000000000,3
2026-07-25,2026-07-24,carrefour,Carrefour Mercado,ipca-sp-1114087,1114087,0.928142691593,19
2026-07-25,2026-07-24,extra-mercado,Extra Mercado,ipca-sp-1114087,1114087,1.030744459732,30
2026-07-25,2026-07-24,pao-de-acucar,Pão de Açúcar,ipca-sp-1114087,1114087,0.968754019260,215
2026-07-25,2026-07-24,st-marche,St Marché,ipca-sp-1114087,1114087,1.000000000000,289
2026-07-25,2026-07-24,carrefour,Carrefour Mercado,ipca-sp-1114090,1114090,1.000000000000,20
2026-07-25,2026-07-24,extra-mercado,Extra Mercado,ipca-sp-1114090,1114090,1.000000000000,38
2026-07-25,2026-07-24,st-marche,St Marché,ipca-sp-1114090,1114090,1.000000000000,4
2026-07-25,2026-07-24,carrefour,Carrefour Mercado,ipca-sp-1115016,1115016,1.000000000000,4
2026-07-25,2026-07-24,extra-mercado,Extra Mercado,ipca-sp-1115016,1115016,1.000000000000,10
2026-07-25,2026-07-24,pao-de-acucar,Pão de Açúcar,ipca-sp-1115016,1115016,1.000000000000,10
2026-07-25,2026-07-24,st-marche,St Marché,ipca-sp-1115016,1115016,1.000000000000,4
2026-07-25,2026-07-24,carrefour,Carrefour Mercado,ipca-sp-1115039,1115039,0.979053296355,4
2026-07-25,2026-07-24,extra-mercado,Extra Mercado,ipca-sp-1115039,1115039,1.000000000000,4
2026-07-25,2026-07-24,pao-de-acucar,Pão de Açúcar,ipca-sp-1115039,1115039,1.000000000000,2
2026-07-25,2026-07-24,st-marche,St Marché,ipca-sp-1115039,1115039,1.000000000000,1
2026-07-25,2026-07-24,carrefour,Carrefour Mercado,ipca-sp-1115057,1115057,1.018693910325,11
2026-07-25,2026-07-24,extra-mercado,Extra Mercado,ipca-sp-1115057,1115057,1.000000000000,22
2026-07-25,2026-07-24,pao-de-acucar,Pão de Açúcar,ipca-sp-1115057,1115057,1.000000000000,34
2026-07-25,2026-07-24,st-marche,St Marché,ipca-sp-1115057,1115057,1.000000000000,2
2026-07-25,2026-07-24,carrefour,Carrefour Mercado,ipca-sp-1115058,1115058,1.012302435734,4
2026-07-25,2026-07-24,extra-mercado,Extra Mercado,ipca-sp-1115058,1115058,1.000000000000,3
2026-07-25,2026-07-24,pao-de-acucar,Pão de Açúcar,ipca-sp-1115058,1115058,1.000000000000,1
2026-07-25,2026-07-24,st-marche,St Marché,ipca-sp-1115058,1115058,1.000000000000,2
2026-07-25,2026-07-24,carrefour,Carrefour Mercado,ipca-sp-1115075,1115075,1.041962592886,14
2026-07-25,2026-07-24,extra-mercado,Extra Mercado,ipca-sp-1115075,1115075,1.002612989135,13
2026-07-25,2026-07-24,pao-de-acucar,Pão de Açúcar,ipca-sp-1115075,1115075,1.000000000000,3
2026-07-25,2026-07-24,st-marche,St Marché,ipca-sp-1115075,1115075,1.000000000000,2
2026-07-25,2026-07-24,carrefour,Carrefour Mercado,ipca-sp-1116005,1116005,1.030281404449,34
2026-07-25,2026-07-24,extra-mercado,Extra Mercado,ipca-sp-1116005,1116005,1.000000000000,35
2026-07-25,2026-07-24,pao-de-acucar,Pão de Açúcar,ipca-sp-1116005,1116005,1.000000000000,21
2026-07-25,2026-07-24,st-marche,St Marché,ipca-sp-1116005,1116005,1.000000000000,13
2026-07-25,2026-07-24,carrefour,Carrefour Mercado,ipca-sp-1116010,1116010,0.929708058938,4
2026-07-25,2026-07-24,extra-mercado,Extra Mercado,ipca-sp-1116010,1116010,1.000000000000,6
2026-07-25,2026-07-24,pao-de-acucar,Pão de Açúcar,ipca-sp-1116010,1116010,1.000000000000,7
2026-07-25,2026-07-24,st-marche,St Marché,ipca-sp-1116010,1116010,1.000000000000,14
2026-07-25,2026-07-24,carrefour,Carrefour Mercado,ipca-sp-1116033,1116033,0.992116419052,14
2026-07-25,2026-07-24,extra-mercado,Extra Mercado,ipca-sp-1116033,1116033,1.004648738950,21
2026-07-25,2026-07-24,pao-de-acucar,Pão de Açúcar,ipca-sp-1116033,1116033,1.000000000000,5
2026-07-25,2026-07-24,st-marche,St Marché,ipca-sp-1116033,1116033,1.000000000000,3
2026-07-25,2026-07-24,carrefour,Carrefour Mercado,ipca-sp-1116041,1116041,0.980692672202,9
2026-07-25,2026-07-24,extra-mercado,Extra Mercado,ipca-sp-1116041,1116041,1.000000000000,13
2026-07-25,2026-07-24,pao-de-acucar,Pão de Açúcar,ipca-sp-1116041,1116041,1.000000000000,15
2026-07-25,2026-07-24,st-marche,St Marché,ipca-sp-1116041,1116041,1.000000000000,2
2026-07-25,2026-07-24,carrefour,Carrefour Mercado,ipca-sp-1116071,1116071,1.051306799551,15
2026-07-25,2026-07-24,extra-mercado,Extra Mercado,ipca-sp-1116071,1116071,1.000000000000,31
2026-07-25,2026-07-24,pao-de-acucar,Pão de Açúcar,ipca-sp-1116071,1116071,1.000000000000,28
2026-07-25,2026-07-24,st-marche,St Marché,ipca-sp-1116071,1116071,1.000000000000,6
2026-07-26,2026-07-25,carrefour,Carrefour Mercado,ipca-sp-1101002,1101002,0.946031282039,23
2026-07-26,2026-07-25,extra-mercado,Extra Mercado,ipca-sp-1101002,1101002,1.000000000000,25
2026-07-26,2026-07-25,pao-de-acucar,Pão de Açúcar,ipca-sp-1101002,1101002,1.000000000000,25
2026-07-26,2026-07-25,st-marche,St Marché,ipca-sp-1101002,1101002,1.000000000000,4
2026-07-26,2026-07-25,carrefour,Carrefour Mercado,ipca-sp-1101073,1101073,1.000000000000,9
2026-07-26,2026-07-25,extra-mercado,Extra Mercado,ipca-sp-1101073,1101073,1.000000000000,10
2026-07-26,2026-07-25,st-marche,St Marché,ipca-sp-1101073,1101073,1.000000000000,1
2026-07-26,2026-07-25,carrefour,Carrefour Mercado,ipca-sp-1102006,1102006,1.010017682288,47
2026-07-26,2026-07-25,extra-mercado,Extra Mercado,ipca-sp-1102006,1102006,1.000000000000,52
2026-07-26,2026-07-25,pao-de-acucar,Pão de Açúcar,ipca-sp-1102006,1102006,1.000000000000,22
2026-07-26,2026-07-25,st-marche,St Marché,ipca-sp-1102006,1102006,1.000000000000,26
2026-07-26,2026-07-25,carrefour,Carrefour Mercado,ipca-sp-1102012,1102012,1.000000000000,5
2026-07-26,2026-07-25,extra-mercado,Extra Mercado,ipca-sp-1102012,1102012,1.000000000000,8
2026-07-26,2026-07-25,st-marche,St Marché,ipca-sp-1102012,1102012,1.000000000000,4
2026-07-26,2026-07-25,carrefour,Carrefour Mercado,ipca-sp-1102023,1102023,1.000000000000,5
2026-07-26,2026-07-25,extra-mercado,Extra Mercado,ipca-sp-1102023,1102023,1.000000000000,6
2026-07-26,2026-07-25,carrefour,Carrefour Mercado,ipca-sp-1102029,1102029,0.995558389691,25
2026-07-26,2026-07-25,extra-mercado,Extra Mercado,ipca-sp-1102029,1102029,0.997859569962,51
2026-07-26,2026-07-25,pao-de-acucar,Pão de Açúcar,ipca-sp-1102029,1102029,1.000000000000,48
2026-07-26,2026-07-25,st-marche,St Marché,ipca-sp-1102029,1102029,1.000000000000,53
2026-07-26,2026-07-25,carrefour,Carrefour Mercado,ipca-sp-1102061,1102061,1.009391319850,15
2026-07-26,2026-07-25,extra-mercado,Extra Mercado,ipca-sp-1102061,1102061,1.000000000000,38
2026-07-26,2026-07-25,pao-de-acucar,Pão de Açúcar,ipca-sp-1102061,1102061,1.000000000000,2
2026-07-26,2026-07-25,st-marche,St Marché,ipca-sp-1102061,1102061,1.000000000000,5
2026-07-26,2026-07-25,carrefour,Carrefour Mercado,ipca-sp-1103002,1103002,1.000000000000,2
2026-07-26,2026-07-25,extra-mercado,Extra Mercado,ipca-sp-1103002,1103002,1.000000000000,2
2026-07-26,2026-07-25,st-marche,St Marché,ipca-sp-1103002,1103002,1.000000000000,4
2026-07-26,2026-07-25,carrefour,Carrefour Mercado,ipca-sp-1103003,1103003,1.000000000000,8
2026-07-26,2026-07-25,extra-mercado,Extra Mercado,ipca-sp-1103003,1103003,1.000000000000,10
2026-07-26,2026-07-25,pao-de-acucar,Pão de Açúcar,ipca-sp-1103003,1103003,1.000000000000,9
2026-07-26,2026-07-25,st-marche,St Marché,ipca-sp-1103003,1103003,1.000000000000,5
2026-07-26,2026-07-25,carrefour,Carrefour Mercado,ipca-sp-1103020,1103020,1.000000000000,1
2026-07-26,2026-07-25,extra-mercado,Extra Mercado,ipca-sp-1103020,1103020,1.000000000000,1
2026-07-26,2026-07-25,pao-de-acucar,Pão de Açúcar,ipca-sp-1103020,1103020,1.000000000000,1
2026-07-26,2026-07-25,st-marche,St Marché,ipca-sp-1103020,1103020,1.000000000000,3
2026-07-26,2026-07-25,carrefour,Carrefour Mercado,ipca-sp-1103026,1103026,1.000000000000,1
2026-07-26,2026-07-25,extra-mercado,Extra Mercado,ipca-sp-1103026,1103026,1.000000000000,6
2026-07-26,2026-07-25,pao-de-acucar,Pão de Açúcar,ipca-sp-1103026,1103026,1.000000000000,2
2026-07-26,2026-07-25,st-marche,St Marché,ipca-sp-1103026,1103026,1.000000000000,4
2026-07-26,2026-07-25,carrefour,Carrefour Mercado,ipca-sp-1103028,1103028,1.000000000000,10
2026-07-26,2026-07-25,extra-mercado,Extra Mercado,ipca-sp-1103028,1103028,1.000000000000,7
2026-07-26,2026-07-25,pao-de-acucar,Pão de Açúcar,ipca-sp-1103028,1103028,1.000000000000,5
2026-07-26,2026-07-25,st-marche,St Marché,ipca-sp-1103028,1103028,1.000000000000,6
2026-07-26,2026-07-25,carrefour,Carrefour Mercado,ipca-sp-1103043,1103043,1.000000000000,4
2026-07-26,2026-07-25,extra-mercado,Extra Mercado,ipca-sp-1103043,1103043,1.000000000000,2
2026-07-26,2026-07-25,pao-de-acucar,Pão de Açúcar,ipca-sp-1103043,1103043,1.000000000000,1
2026-07-26,2026-07-25,st-marche,St Marché,ipca-sp-1103043,1103043,1.000000000000,8
2026-07-26,2026-07-25,carrefour,Carrefour Mercado,ipca-sp-1103044,1103044,0.940931283107,3
2026-07-26,2026-07-25,extra-mercado,Extra Mercado,ipca-sp-1103044,1103044,1.000000000000,2
2026-07-26,2026-07-25,st-marche,St Marché,ipca-sp-1103044,1103044,1.000000000000,3
2026-07-26,2026-07-25,carrefour,Carrefour Mercado,ipca-sp-1104003,1104003,1.023828901354,7
2026-07-26,2026-07-25,extra-mercado,Extra Mercado,ipca-sp-1104003,1104003,1.000000000000,4
2026-07-26,2026-07-25,pao-de-acucar,Pão de Açúcar,ipca-sp-1104003,1104003,1.000000000000,1
2026-07-26,2026-07-25,st-marche,St Marché,ipca-sp-1104003,1104003,1.000000000000,1
2026-07-26,2026-07-25,carrefour,Carrefour Mercado,ipca-sp-1104023,1104023,0.997767426158,71
2026-07-26,2026-07-25,extra-mercado,Extra Mercado,ipca-sp-1104023,1104023,1.000000000000,129
2026-07-26,2026-07-25,pao-de-acucar,Pão de Açúcar,ipca-sp-1104023,1104023,1.000000000000,69
2026-07-26,2026-07-25,st-marche,St Marché,ipca-sp-1104023,1104023,1.000000000000,22
2026-07-26,2026-07-25,carrefour,Carrefour Mercado,ipca-sp-1104032,1104032,1.000000000000,25
2026-07-26,2026-07-25,extra-mercado,Extra Mercado,ipca-sp-1104032,1104032,1.000000000000,32
2026-07-26,2026-07-25,pao-de-acucar,Pão de Açúcar,ipca-sp-1104032,1104032,1.000000000000,108
2026-07-26,2026-07-25,st-marche,St Marché,ipca-sp-1104032,1104032,1.000000000000,117
2026-07-26,2026-07-25,carrefour,Carrefour Mercado,ipca-sp-1104052,1104052,1.000000000000,22
2026-07-26,2026-07-25,extra-mercado,Extra Mercado,ipca-sp-1104052,1104052,1.000000000000,18
2026-07-26,2026-07-25,pao-de-acucar,Pão de Açúcar,ipca-sp-1104052,1104052,1.000000000000,8
2026-07-26,2026-07-25,st-marche,St Marché,ipca-sp-1104052,1104052,1.000000000000,6
2026-07-26,2026-07-25,carrefour,Carrefour Mercado,ipca-sp-1105001,1105001,1.057210793486,6
2026-07-26,2026-07-25,extra-mercado,Extra Mercado,ipca-sp-1105001,1105001,1.000000000000,3
2026-07-26,2026-07-25,st-marche,St Marché,ipca-sp-1105001,1105001,1.000000000000,12
2026-07-26,2026-07-25,carrefour,Carrefour Mercado,ipca-sp-1105005,1105005,1.000000000000,4
2026-07-26,2026-07-25,extra-mercado,Extra Mercado,ipca-sp-1105005,1105005,1.000000000000,1
2026-07-26,2026-07-25,st-marche,St Marché,ipca-sp-1105005,1105005,1.000000000000,3
2026-07-26,2026-07-25,carrefour,Carrefour Mercado,ipca-sp-1105010,1105010,1.000000000000,2
2026-07-26,2026-07-25,extra-mercado,Extra Mercado,ipca-sp-1105010,1105010,1.000000000000,3
2026-07-26,2026-07-25,carrefour,Carrefour Mercado,ipca-sp-1105012,1105012,0.972392319977,5
2026-07-26,2026-07-25,extra-mercado,Extra Mercado,ipca-sp-1105012,1105012,1.000000000000,5
2026-07-26,2026-07-25,carrefour,Carrefour Mercado,ipca-sp-1105019,1105019,0.995656217160,10
2026-07-26,2026-07-25,extra-mercado,Extra Mercado,ipca-sp-1105019,1105019,1.000000000000,4
2026-07-26,2026-07-25,pao-de-acucar,Pão de Açúcar,ipca-sp-1105019,1105019,1.000000000000,1
2026-07-26,2026-07-25,st-marche,St Marché,ipca-sp-1105019,1105019,1.000000000000,7
2026-07-26,2026-07-25,extra-mercado,Extra Mercado,ipca-sp-1106005,1106005,1.000000000000,1
2026-07-26,2026-07-25,carrefour,Carrefour Mercado,ipca-sp-1106008,1106008,1.000000000000,1
2026-07-26,2026-07-25,extra-mercado,Extra Mercado,ipca-sp-1106008,1106008,1.000000000000,1
2026-07-26,2026-07-25,st-marche,St Marché,ipca-sp-1106008,1106008,1.000000000000,3
2026-07-26,2026-07-25,carrefour,Carrefour Mercado,ipca-sp-1106015,1106015,1.145032926936,3
2026-07-26,2026-07-25,extra-mercado,Extra Mercado,ipca-sp-1106015,1106015,1.000000000000,2
2026-07-26,2026-07-25,st-marche,St Marché,ipca-sp-1106015,1106015,1.000000000000,2
2026-07-26,2026-07-25,carrefour,Carrefour Mercado,ipca-sp-1106017,1106017,1.000000000000,6
2026-07-26,2026-07-25,extra-mercado,Extra Mercado,ipca-sp-1106017,1106017,1.000000000000,5
2026-07-26,2026-07-25,st-marche,St Marché,ipca-sp-1106017,1106017,1.000000000000,8
2026-07-26,2026-07-25,carrefour,Carrefour Mercado,ipca-sp-1106018,1106018,1.000000000000,2
2026-07-26,2026-07-25,extra-mercado,Extra Mercado,ipca-sp-1106018,1106018,1.000000000000,5
2026-07-26,2026-07-25,pao-de-acucar,Pão de Açúcar,ipca-sp-1106018,1106018,1.000000000000,3
2026-07-26,2026-07-25,st-marche,St Marché,ipca-sp-1106018,1106018,1.000000000000,5
2026-07-26,2026-07-25,carrefour,Carrefour Mercado,ipca-sp-1106019,1106019,0.881776949996,2
2026-07-26,2026-07-25,extra-mercado,Extra Mercado,ipca-sp-1106019,1106019,1.000000000000,3
2026-07-26,2026-07-25,st-marche,St Marché,ipca-sp-1106019,1106019,1.000000000000,7
2026-07-26,2026-07-25,carrefour,Carrefour Mercado,ipca-sp-1106023,1106023,1.000000000000,1
2026-07-26,2026-07-25,extra-mercado,Extra Mercado,ipca-sp-1106023,1106023,1.000000000000,3
2026-07-26,2026-07-25,st-marche,St Marché,ipca-sp-1106023,1106023,1.000000000000,7
2026-07-26,2026-07-25,carrefour,Carrefour Mercado,ipca-sp-1106027,1106027,1.052810282169,3
2026-07-26,2026-07-25,extra-mercado,Extra Mercado,ipca-sp-1106027,1106027,1.000000000000,4
2026-07-26,2026-07-25,st-marche,St Marché,ipca-sp-1106027,1106027,1.000000000000,5
2026-07-26,2026-07-25,carrefour,Carrefour Mercado,ipca-sp-1106028,1106028,1.002744753016,3
2026-07-26,2026-07-25,extra-mercado,Extra Mercado,ipca-sp-1106028,1106028,1.000000000000,4
2026-07-26,2026-07-25,st-marche,St Marché,ipca-sp-1106028,1106028,1.000000000000,9
2026-07-26,2026-07-25,carrefour,Carrefour Mercado,ipca-sp-1106039,1106039,1.000000000000,2
2026-07-26,2026-07-25,extra-mercado,Extra Mercado,ipca-sp-1106039,1106039,1.000000000000,4
2026-07-26,2026-07-25,pao-de-acucar,Pão de Açúcar,ipca-sp-1106039,1106039,1.000000000000,1
2026-07-26,2026-07-25,carrefour,Carrefour Mercado,ipca-sp-1107018,1107018,1.000000000000,24
2026-07-26,2026-07-25,extra-mercado,Extra Mercado,ipca-sp-1107018,1107018,1.006945191499,45
2026-07-26,2026-07-25,pao-de-acucar,Pão de Açúcar,ipca-sp-1107018,1107018,1.000000000000,46
2026-07-26,2026-07-25,st-marche,St Marché,ipca-sp-1107018,1107018,1.007242244253,31
2026-07-26,2026-07-25,carrefour,Carrefour Mercado,ipca-sp-1107084,1107084,0.967379879269,5
2026-07-26,2026-07-25,extra-mercado,Extra Mercado,ipca-sp-1107084,1107084,1.000000000000,4
2026-07-26,2026-07-25,pao-de-acucar,Pão de Açúcar,ipca-sp-1107084,1107084,1.000000000000,12
2026-07-26,2026-07-25,st-marche,St Marché,ipca-sp-1107084,1107084,1.000000000000,4
2026-07-26,2026-07-25,carrefour,Carrefour Mercado,ipca-sp-1107087,1107087,1.000000000000,5
2026-07-26,2026-07-25,extra-mercado,Extra Mercado,ipca-sp-1107087,1107087,1.056829472880,3
2026-07-26,2026-07-25,pao-de-acucar,Pão de Açúcar,ipca-sp-1107087,1107087,1.000000000000,2
2026-07-26,2026-07-25,st-marche,St Marché,ipca-sp-1107087,1107087,1.000000000000,7
2026-07-26,2026-07-25,carrefour,Carrefour Mercado,ipca-sp-1107088,1107088,0.835575676007,3
2026-07-26,2026-07-25,extra-mercado,Extra Mercado,ipca-sp-1107088,1107088,1.000000000000,4
2026-07-26,2026-07-25,pao-de-acucar,Pão de Açúcar,ipca-sp-1107088,1107088,1.000000000000,10
2026-07-26,2026-07-25,st-marche,St Marché,ipca-sp-1107088,1107088,1.000000000000,4
2026-07-26,2026-07-25,carrefour,Carrefour Mercado,ipca-sp-1107089,1107089,1.000000000000,6
2026-07-26,2026-07-25,extra-mercado,Extra Mercado,ipca-sp-1107089,1107089,1.000000000000,4
2026-07-26,2026-07-25,pao-de-acucar,Pão de Açúcar,ipca-sp-1107089,1107089,1.000000000000,6
2026-07-26,2026-07-25,st-marche,St Marché,ipca-sp-1107089,1107089,1.000000000000,7
2026-07-26,2026-07-25,carrefour,Carrefour Mercado,ipca-sp-1107091,1107091,1.000000000000,1
2026-07-26,2026-07-25,pao-de-acucar,Pão de Açúcar,ipca-sp-1107091,1107091,1.000000000000,5
2026-07-26,2026-07-25,st-marche,St Marché,ipca-sp-1107091,1107091,1.000000000000,3
2026-07-26,2026-07-25,carrefour,Carrefour Mercado,ipca-sp-1107093,1107093,1.000000000000,2
2026-07-26,2026-07-25,extra-mercado,Extra Mercado,ipca-sp-1107093,1107093,1.000000000000,4
2026-07-26,2026-07-25,pao-de-acucar,Pão de Açúcar,ipca-sp-1107093,1107093,1.000000000000,3
2026-07-26,2026-07-25,st-marche,St Marché,ipca-sp-1107093,1107093,1.000000000000,2
2026-07-26,2026-07-25,carrefour,Carrefour Mercado,ipca-sp-1107094,1107094,1.156467517162,3
2026-07-26,2026-07-25,extra-mercado,Extra Mercado,ipca-sp-1107094,1107094,1.000000000000,1
2026-07-26,2026-07-25,pao-de-acucar,Pão de Açúcar,ipca-sp-1107094,1107094,1.000000000000,1
2026-07-26,2026-07-25,st-marche,St Marché,ipca-sp-1107094,1107094,1.000000000000,1
2026-07-26,2026-07-25,carrefour,Carrefour Mercado,ipca-sp-1107095,1107095,1.024859302425,5
2026-07-26,2026-07-25,extra-mercado,Extra Mercado,ipca-sp-1107095,1107095,1.000000000000,2
2026-07-26,2026-07-25,pao-de-acucar,Pão de Açúcar,ipca-sp-1107095,1107095,1.000000000000,4
2026-07-26,2026-07-25,st-marche,St Marché,ipca-sp-1107095,1107095,1.000000000000,3
2026-07-26,2026-07-25,carrefour,Carrefour Mercado,ipca-sp-1107099,1107099,1.000000000000,2
2026-07-26,2026-07-25,extra-mercado,Extra Mercado,ipca-sp-1107099,1107099,1.000000000000,2
2026-07-26,2026-07-25,pao-de-acucar,Pão de Açúcar,ipca-sp-1107099,1107099,1.005126281944,8
2026-07-26,2026-07-25,st-marche,St Marché,ipca-sp-1107099,1107099,1.000000000000,3
2026-07-26,2026-07-25,carrefour,Carrefour Mercado,ipca-sp-1108031,1108031,1.000000000000,3
2026-07-26,2026-07-25,extra-mercado,Extra Mercado,ipca-sp-1108031,1108031,1.000000000000,2
2026-07-26,2026-07-25,pao-de-acucar,Pão de Açúcar,ipca-sp-1108031,1108031,1.000000000000,1
2026-07-26,2026-07-25,st-marche,St Marché,ipca-sp-1108031,1108031,1.000000000000,1
2026-07-26,2026-07-25,pao-de-acucar,Pão de Açúcar,ipca-sp-1108038,1108038,1.000000000000,3
2026-07-26,2026-07-25,st-marche,St Marché,ipca-sp-1108038,1108038,1.000000000000,2
2026-07-26,2026-07-25,carrefour,Carrefour Mercado,ipca-sp-1108075,1108075,1.000000000000,5
2026-07-26,2026-07-25,extra-mercado,Extra Mercado,ipca-sp-1108075,1108075,1.000000000000,2
2026-07-26,2026-07-25,pao-de-acucar,Pão de Açúcar,ipca-sp-1108075,1108075,0.996725025126,33
2026-07-26,2026-07-25,st-marche,St Marché,ipca-sp-1108075,1108075,1.000000000000,7
2026-07-26,2026-07-25,carrefour,Carrefour Mercado,ipca-sp-1108080,1108080,1.000000000000,6
2026-07-26,2026-07-25,extra-mercado,Extra Mercado,ipca-sp-1108080,1108080,1.000000000000,4
2026-07-26,2026-07-25,pao-de-acucar,Pão de Açúcar,ipca-sp-1108080,1108080,0.977426738463,8
2026-07-26,2026-07-25,st-marche,St Marché,ipca-sp-1108080,1108080,1.000000000000,3
2026-07-26,2026-07-25,carrefour,Carrefour Mercado,ipca-sp-1109002,1109002,0.905594090052,7
2026-07-26,2026-07-25,extra-mercado,Extra Mercado,ipca-sp-1109002,1109002,1.000000000000,10
2026-07-26,2026-07-25,pao-de-acucar,Pão de Açúcar,ipca-sp-1109002,1109002,1.000000000000,22
2026-07-26,2026-07-25,st-marche,St Marché,ipca-sp-1109002,1109002,1.000000000000,11
2026-07-26,2026-07-25,carrefour,Carrefour Mercado,ipca-sp-1109007,1109007,1.024585020671,7
2026-07-26,2026-07-25,extra-mercado,Extra Mercado,ipca-sp-1109007,1109007,1.000000000000,10
2026-07-26,2026-07-25,pao-de-acucar,Pão de Açúcar,ipca-sp-1109007,1109007,1.000000000000,16
2026-07-26,2026-07-25,st-marche,St Marché,ipca-sp-1109007,1109007,1.000000000000,2
2026-07-26,2026-07-25,carrefour,Carrefour Mercado,ipca-sp-1109008,1109008,1.019274358174,16
2026-07-26,2026-07-25,extra-mercado,Extra Mercado,ipca-sp-1109008,1109008,1.000000000000,30
2026-07-26,2026-07-25,pao-de-acucar,Pão de Açúcar,ipca-sp-1109008,1109008,1.000000000000,63
2026-07-26,2026-07-25,st-marche,St Marché,ipca-sp-1109008,1109008,1.000000000000,43
2026-07-26,2026-07-25,carrefour,Carrefour Mercado,ipca-sp-1109010,1109010,1.000000000000,4
2026-07-26,2026-07-25,extra-mercado,Extra Mercado,ipca-sp-1109010,1109010,1.000000000000,13
2026-07-26,2026-07-25,pao-de-acucar,Pão de Açúcar,ipca-sp-1109010,1109010,1.000000000000,2
2026-07-26,2026-07-25,st-marche,St Marché,ipca-sp-1109010,1109010,1.000000000000,4
2026-07-26,2026-07-25,carrefour,Carrefour Mercado,ipca-sp-1110009,1110009,1.000000000000,1
2026-07-26,2026-07-25,extra-mercado,Extra Mercado,ipca-sp-1110009,1110009,1.000000000000,3
2026-07-26,2026-07-25,pao-de-acucar,Pão de Açúcar,ipca-sp-1110009,1110009,1.000000000000,5
2026-07-26,2026-07-25,carrefour,Carrefour Mercado,ipca-sp-1110010,1110010,0.986210900486,62
2026-07-26,2026-07-25,extra-mercado,Extra Mercado,ipca-sp-1110010,1110010,1.000000000000,50
2026-07-26,2026-07-25,pao-de-acucar,Pão de Açúcar,ipca-sp-1110010,1110010,1.010700415998,60
2026-07-26,2026-07-25,st-marche,St Marché,ipca-sp-1110010,1110010,1.006067304177,59
2026-07-26,2026-07-25,carrefour,Carrefour Mercado,ipca-sp-1110044,1110044,1.000000000000,9
2026-07-26,2026-07-25,extra-mercado,Extra Mercado,ipca-sp-1110044,1110044,1.000000000000,13
2026-07-26,2026-07-25,pao-de-acucar,Pão de Açúcar,ipca-sp-1110044,1110044,1.000000000000,11
2026-07-26,2026-07-25,st-marche,St Marché,ipca-sp-1110044,1110044,1.000000000000,18
2026-07-26,2026-07-25,carrefour,Carrefour Mercado,ipca-sp-1111004,1111004,0.999192751318,43
2026-07-26,2026-07-25,extra-mercado,Extra Mercado,ipca-sp-1111004,1111004,1.000000000000,14
2026-07-26,2026-07-25,pao-de-acucar,Pão de Açúcar,ipca-sp-1111004,1111004,1.000000000000,1
2026-07-26,2026-07-25,st-marche,St Marché,ipca-sp-1111004,1111004,1.000000000000,16
2026-07-26,2026-07-25,carrefour,Carrefour Mercado,ipca-sp-1111009,1111009,0.978763488773,15
2026-07-26,2026-07-25,extra-mercado,Extra Mercado,ipca-sp-1111009,1111009,1.000000000000,10
2026-07-26,2026-07-25,pao-de-acucar,Pão de Açúcar,ipca-sp-1111009,1111009,1.000000000000,5
2026-07-26,2026-07-25,st-marche,St Marché,ipca-sp-1111009,1111009,1.000000000000,2
2026-07-26,2026-07-25,carrefour,Carrefour Mercado,ipca-sp-1111011,1111011,1.002697710168,66
2026-07-26,2026-07-25,extra-mercado,Extra Mercado,ipca-sp-1111011,1111011,0.998340504000,71
2026-07-26,2026-07-25,pao-de-acucar,Pão de Açúcar,ipca-sp-1111011,1111011,1.000000000000,277
2026-07-26,2026-07-25,st-marche,St Marché,ipca-sp-1111011,1111011,0.991462389261,82
2026-07-26,2026-07-25,carrefour,Carrefour Mercado,ipca-sp-1111019,1111019,1.003785711699,163
2026-07-26,2026-07-25,extra-mercado,Extra Mercado,ipca-sp-1111019,1111019,1.000000000000,232
2026-07-26,2026-07-25,pao-de-acucar,Pão de Açúcar,ipca-sp-1111019,1111019,1.000000000000,39
2026-07-26,2026-07-25,st-marche,St Marché,ipca-sp-1111019,1111019,1.001392568622,110
2026-07-26,2026-07-25,carrefour,Carrefour Mercado,ipca-sp-1111021,1111021,1.029164003828,43
2026-07-26,2026-07-25,extra-mercado,Extra Mercado,ipca-sp-1111021,1111021,1.000000000000,22
2026-07-26,2026-07-25,pao-de-acucar,Pão de Açúcar,ipca-sp-1111021,1111021,1.000000000000,14
2026-07-26,2026-07-25,st-marche,St Marché,ipca-sp-1111021,1111021,1.000000000000,22
2026-07-26,2026-07-25,carrefour,Carrefour Mercado,ipca-sp-1112003,1112003,0.997664767222,124
2026-07-26,2026-07-25,extra-mercado,Extra Mercado,ipca-sp-1112003,1112003,1.000000000000,232
2026-07-26,2026-07-25,pao-de-acucar,Pão de Açúcar,ipca-sp-1112003,1112003,1.000000000000,64
2026-07-26,2026-07-25,st-marche,St Marché,ipca-sp-1112003,1112003,1.000000000000,69
2026-07-26,2026-07-25,carrefour,Carrefour Mercado,ipca-sp-1112015,1112015,1.000000000000,5
2026-07-26,2026-07-25,extra-mercado,Extra Mercado,ipca-sp-1112015,1112015,1.000000000000,8
2026-07-26,2026-07-25,st-marche,St Marché,ipca-sp-1112015,1112015,1.000000000000,5
2026-07-26,2026-07-25,carrefour,Carrefour Mercado,ipca-sp-1112017,1112017,1.000000000000,4
2026-07-26,2026-07-25,extra-mercado,Extra Mercado,ipca-sp-1112017,1112017,1.000000000000,15
2026-07-26,2026-07-25,st-marche,St Marché,ipca-sp-1112017,1112017,1.000000000000,7
2026-07-26,2026-07-25,carrefour,Carrefour Mercado,ipca-sp-1112018,1112018,1.007048081397,62
2026-07-26,2026-07-25,extra-mercado,Extra Mercado,ipca-sp-1112018,1112018,1.000000000000,40
2026-07-26,2026-07-25,pao-de-acucar,Pão de Açúcar,ipca-sp-1112018,1112018,1.000000000000,7
2026-07-26,2026-07-25,st-marche,St Marché,ipca-sp-1112018,1112018,1.000000000000,65
2026-07-26,2026-07-25,carrefour,Carrefour Mercado,ipca-sp-1112019,1112019,1.074892806084,34
2026-07-26,2026-07-25,extra-mercado,Extra Mercado,ipca-sp-1112019,1112019,1.000000000000,91
2026-07-26,2026-07-25,pao-de-acucar,Pão de Açúcar,ipca-sp-1112019,1112019,1.000000000000,24
2026-07-26,2026-07-25,st-marche,St Marché,ipca-sp-1112019,1112019,1.000000000000,114
2026-07-26,2026-07-25,carrefour,Carrefour Mercado,ipca-sp-1113013,1113013,1.000000000000,8
2026-07-26,2026-07-25,extra-mercado,Extra Mercado,ipca-sp-1113013,1113013,1.000000000000,4
2026-07-26,2026-07-25,st-marche,St Marché,ipca-sp-1113013,1113013,1.000000000000,1
2026-07-26,2026-07-25,carrefour,Carrefour Mercado,ipca-sp-1113014,1113014,1.000000000000,15
2026-07-26,2026-07-25,extra-mercado,Extra Mercado,ipca-sp-1113014,1113014,1.000000000000,10
2026-07-26,2026-07-25,pao-de-acucar,Pão de Açúcar,ipca-sp-1113014,1113014,1.000000000000,8
2026-07-26,2026-07-25,st-marche,St Marché,ipca-sp-1113014,1113014,1.000000000000,6
2026-07-26,2026-07-25,carrefour,Carrefour Mercado,ipca-sp-1113040,1113040,0.991124482916,18
2026-07-26,2026-07-25,extra-mercado,Extra Mercado,ipca-sp-1113040,1113040,0.986134903715,16
2026-07-26,2026-07-25,pao-de-acucar,Pão de Açúcar,ipca-sp-1113040,1113040,1.000000000000,2
2026-07-26,2026-07-25,st-marche,St Marché,ipca-sp-1113040,1113040,1.000000000000,7
2026-07-26,2026-07-25,carrefour,Carrefour Mercado,ipca-sp-1114001,1114001,0.993325116997,95
2026-07-26,2026-07-25,extra-mercado,Extra Mercado,ipca-sp-1114001,1114001,1.002738826464,85
2026-07-26,2026-07-25,pao-de-acucar,Pão de Açúcar,ipca-sp-1114001,1114001,1.000000000000,15
2026-07-26,2026-07-25,st-marche,St Marché,ipca-sp-1114001,1114001,1.000000000000,39
2026-07-26,2026-07-25,carrefour,Carrefour Mercado,ipca-sp-1114022,1114022,1.000000000000,49
2026-07-26,2026-07-25,extra-mercado,Extra Mercado,ipca-sp-1114022,1114022,1.000000000000,56
2026-07-26,2026-07-25,pao-de-acucar,Pão de Açúcar,ipca-sp-1114022,1114022,1.000000000000,29
2026-07-26,2026-07-25,st-marche,St Marché,ipca-sp-1114022,1114022,1.000000000000,11
2026-07-26,2026-07-25,carrefour,Carrefour Mercado,ipca-sp-1114083,1114083,1.015952141981,114
2026-07-26,2026-07-25,extra-mercado,Extra Mercado,ipca-sp-1114083,1114083,0.997675235395,107
2026-07-26,2026-07-25,st-marche,St Marché,ipca-sp-1114083,1114083,1.000000000000,97
2026-07-26,2026-07-25,carrefour,Carrefour Mercado,ipca-sp-1114084,1114084,1.015295904037,40
2026-07-26,2026-07-25,extra-mercado,Extra Mercado,ipca-sp-1114084,1114084,1.009039945611,70
2026-07-26,2026-07-25,pao-de-acucar,Pão de Açúcar,ipca-sp-1114084,1114084,1.091476913927,3
2026-07-26,2026-07-25,carrefour,Carrefour Mercado,ipca-sp-1114087,1114087,1.012561082921,21
2026-07-26,2026-07-25,extra-mercado,Extra Mercado,ipca-sp-1114087,1114087,1.000000000000,30
2026-07-26,2026-07-25,pao-de-acucar,Pão de Açúcar,ipca-sp-1114087,1114087,0.999509554315,215
2026-07-26,2026-07-25,st-marche,St Marché,ipca-sp-1114087,1114087,1.000000000000,289
2026-07-26,2026-07-25,carrefour,Carrefour Mercado,ipca-sp-1114090,1114090,1.000000000000,20
2026-07-26,2026-07-25,extra-mercado,Extra Mercado,ipca-sp-1114090,1114090,1.000000000000,38
2026-07-26,2026-07-25,st-marche,St Marché,ipca-sp-1114090,1114090,1.000000000000,4
2026-07-26,2026-07-25,carrefour,Carrefour Mercado,ipca-sp-1115016,1115016,1.000000000000,4
2026-07-26,2026-07-25,extra-mercado,Extra Mercado,ipca-sp-1115016,1115016,1.000000000000,10
2026-07-26,2026-07-25,pao-de-acucar,Pão de Açúcar,ipca-sp-1115016,1115016,1.000000000000,10
2026-07-26,2026-07-25,st-marche,St Marché,ipca-sp-1115016,1115016,1.000000000000,4
2026-07-26,2026-07-25,carrefour,Carrefour Mercado,ipca-sp-1115039,1115039,1.000000000000,5
2026-07-26,2026-07-25,extra-mercado,Extra Mercado,ipca-sp-1115039,1115039,1.000000000000,4
2026-07-26,2026-07-25,pao-de-acucar,Pão de Açúcar,ipca-sp-1115039,1115039,1.000000000000,2
2026-07-26,2026-07-25,st-marche,St Marché,ipca-sp-1115039,1115039,1.000000000000,1
2026-07-26,2026-07-25,carrefour,Carrefour Mercado,ipca-sp-1115057,1115057,1.000000000000,11
2026-07-26,2026-07-25,extra-mercado,Extra Mercado,ipca-sp-1115057,1115057,1.000000000000,22
2026-07-26,2026-07-25,pao-de-acucar,Pão de Açúcar,ipca-sp-1115057,1115057,1.000000000000,34
2026-07-26,2026-07-25,st-marche,St Marché,ipca-sp-1115057,1115057,1.000000000000,2
2026-07-26,2026-07-25,carrefour,Carrefour Mercado,ipca-sp-1115058,1115058,1.000000000000,5
2026-07-26,2026-07-25,extra-mercado,Extra Mercado,ipca-sp-1115058,1115058,1.000000000000,3
2026-07-26,2026-07-25,pao-de-acucar,Pão de Açúcar,ipca-sp-1115058,1115058,1.000000000000,1
2026-07-26,2026-07-25,st-marche,St Marché,ipca-sp-1115058,1115058,1.000000000000,2
2026-07-26,2026-07-25,carrefour,Carrefour Mercado,ipca-sp-1115075,1115075,0.997046243409,14
2026-07-26,2026-07-25,extra-mercado,Extra Mercado,ipca-sp-1115075,1115075,1.112284867808,13
2026-07-26,2026-07-25,pao-de-acucar,Pão de Açúcar,ipca-sp-1115075,1115075,1.000000000000,3
2026-07-26,2026-07-25,st-marche,St Marché,ipca-sp-1115075,1115075,1.000000000000,2
2026-07-26,2026-07-25,carrefour,Carrefour Mercado,ipca-sp-1116005,1116005,1.000000000000,35
2026-07-26,2026-07-25,extra-mercado,Extra Mercado,ipca-sp-1116005,1116005,1.000000000000,35
2026-07-26,2026-07-25,pao-de-acucar,Pão de Açúcar,ipca-sp-1116005,1116005,1.000000000000,21
2026-07-26,2026-07-25,st-marche,St Marché,ipca-sp-1116005,1116005,1.000000000000,12
2026-07-26,2026-07-25,carrefour,Carrefour Mercado,ipca-sp-1116010,1116010,0.992981444368,6
2026-07-26,2026-07-25,extra-mercado,Extra Mercado,ipca-sp-1116010,1116010,1.000000000000,6
2026-07-26,2026-07-25,pao-de-acucar,Pão de Açúcar,ipca-sp-1116010,1116010,1.000000000000,7
2026-07-26,2026-07-25,st-marche,St Marché,ipca-sp-1116010,1116010,1.000000000000,14
2026-07-26,2026-07-25,carrefour,Carrefour Mercado,ipca-sp-1116033,1116033,1.000000000000,15
2026-07-26,2026-07-25,extra-mercado,Extra Mercado,ipca-sp-1116033,1116033,1.000000000000,21
2026-07-26,2026-07-25,pao-de-acucar,Pão de Açúcar,ipca-sp-1116033,1116033,1.000000000000,5
2026-07-26,2026-07-25,st-marche,St Marché,ipca-sp-1116033,1116033,1.000000000000,3
2026-07-26,2026-07-25,carrefour,Carrefour Mercado,ipca-sp-1116041,1116041,1.000000000000,10
2026-07-26,2026-07-25,extra-mercado,Extra Mercado,ipca-sp-1116041,1116041,1.000000000000,12
2026-07-26,2026-07-25,pao-de-acucar,Pão de Açúcar,ipca-sp-1116041,1116041,1.000000000000,14
2026-07-26,2026-07-25,st-marche,St Marché,ipca-sp-1116041,1116041,1.000000000000,2
2026-07-26,2026-07-25,carrefour,Carrefour Mercado,ipca-sp-1116071,1116071,1.000000000000,15
2026-07-26,2026-07-25,extra-mercado,Extra Mercado,ipca-sp-1116071,1116071,1.008877179801,31
2026-07-26,2026-07-25,pao-de-acucar,Pão de Açúcar,ipca-sp-1116071,1116071,1.000000000000,28
2026-07-26,2026-07-25,st-marche,St Marché,ipca-sp-1116071,1116071,1.000000000000,6
