date,previous_date,ipca_item_id,ipca_code,ipca_name,weight_pct_total_ipca,relative,retailer_count,product_pair_count,retailer_min_relative,retailer_max_relative
2026-07-11,2026-07-10,ipca-sp-1101002,1101002,Arroz,0.4030,1.000000000000,2,48,1.000000000000,1.000000000000
2026-07-11,2026-07-10,ipca-sp-1102006,1102006,Macarrão,0.1112,1.000000000000,1,1,1.000000000000,1.000000000000
2026-07-11,2026-07-10,ipca-sp-1116071,1116071,Tempero misto,0.0696,1.000000000000,1,3,1.000000000000,1.000000000000
2026-07-12,2026-07-11,ipca-sp-1101002,1101002,Arroz,0.4030,0.994354196442,4,71,0.977416785768,1.000000000000
2026-07-12,2026-07-11,ipca-sp-1101073,1101073,Feijão-carioca (rajado),0.1876,0.983865350284,2,10,0.967730700569,1.000000000000
2026-07-12,2026-07-11,ipca-sp-1102006,1102006,Macarrão,0.1112,0.982381318863,4,105,0.929525275454,1.000000000000
2026-07-12,2026-07-11,ipca-sp-1102012,1102012,Farinha de trigo,0.0431,0.992715099325,3,9,0.978145297975,1.000000000000
2026-07-12,2026-07-11,ipca-sp-1102023,1102023,Farinha de mandioca,0.0320,0.971831860384,3,10,0.915495581151,1.000000000000
2026-07-12,2026-07-11,ipca-sp-1102029,1102029,Massa semipreparada,0.1189,1.000000000000,4,123,1.000000000000,1.000000000000
2026-07-12,2026-07-11,ipca-sp-1102061,1102061,Macarrão instantâneo,0.0404,1.004977959530,4,47,1.000000000000,1.019911838120
2026-07-12,2026-07-11,ipca-sp-1103002,1103002,Batata-doce,0.0267,1.000000000000,2,4,1.000000000000,1.000000000000
2026-07-12,2026-07-11,ipca-sp-1103003,1103003,Batata-inglesa,0.1234,1.000000000000,4,19,1.000000000000,1.000000000000
2026-07-12,2026-07-11,ipca-sp-1103020,1103020,Abobrinha,0.0191,1.000000000000,2,4,1.000000000000,1.000000000000
2026-07-12,2026-07-11,ipca-sp-1103026,1103026,Pimentão,0.0368,1.000000000000,2,7,1.000000000000,1.000000000000
2026-07-12,2026-07-11,ipca-sp-1103028,1103028,Tomate,0.1791,1.000000000000,3,8,1.000000000000,1.000000000000
2026-07-12,2026-07-11,ipca-sp-1103043,1103043,Cebola,0.0906,1.000000000000,3,12,1.000000000000,1.000000000000
2026-07-12,2026-07-11,ipca-sp-1103044,1103044,Cenoura,0.0363,1.000000000000,2,2,1.000000000000,1.000000000000
2026-07-12,2026-07-11,ipca-sp-1104003,1104003,Açúcar refinado,0.1100,0.987974772562,4,11,0.951899090250,1.000000000000
2026-07-12,2026-07-11,ipca-sp-1104023,1104023,Chocolate em barra e bombom,0.2557,0.987260210757,4,198,0.949040843030,1.000000000000
2026-07-12,2026-07-11,ipca-sp-1104032,1104032,Sorvete,0.1665,1.002948161795,4,213,1.000000000000,1.011792647181
2026-07-12,2026-07-11,ipca-sp-1104052,1104052,Chocolate e achocolatado em pó,0.1191,1.014676252547,4,38,1.000000000000,1.058705010189
2026-07-12,2026-07-11,ipca-sp-1105001,1105001,Alface,0.0965,1.000000000000,2,6,1.000000000000,1.000000000000
2026-07-12,2026-07-11,ipca-sp-1105005,1105005,Couve,0.0271,1.000000000000,1,1,1.000000000000,1.000000000000
2026-07-12,2026-07-11,ipca-sp-1105010,1105010,Repolho,0.0163,1.000000000000,2,4,1.000000000000,1.000000000000
2026-07-12,2026-07-11,ipca-sp-1105012,1105012,Cheiro-verde,0.0326,1.000000000000,1,2,1.000000000000,1.000000000000
2026-07-12,2026-07-11,ipca-sp-1105019,1105019,Brócolis,0.0306,1.000000000000,3,11,1.000000000000,1.000000000000
2026-07-12,2026-07-11,ipca-sp-1106005,1106005,Banana-d'água,0.1481,1.000000000000,2,2,1.000000000000,1.000000000000
2026-07-12,2026-07-11,ipca-sp-1106008,1106008,Banana-prata,0.0843,1.000000000000,1,1,1.000000000000,1.000000000000
2026-07-12,2026-07-11,ipca-sp-1106015,1106015,Limão,0.0565,1.000000000000,2,4,1.000000000000,1.000000000000
2026-07-12,2026-07-11,ipca-sp-1106017,1106017,Maçã,0.1217,1.000000000000,2,9,1.000000000000,1.000000000000
2026-07-12,2026-07-11,ipca-sp-1106018,1106018,Mamão,0.0900,1.000000000000,3,9,1.000000000000,1.000000000000
2026-07-12,2026-07-11,ipca-sp-1106019,1106019,Manga,0.0644,1.000000000000,2,8,1.000000000000,1.000000000000
2026-07-12,2026-07-11,ipca-sp-1106023,1106023,Pera,0.0508,1.000000000000,2,7,1.000000000000,1.000000000000
2026-07-12,2026-07-11,ipca-sp-1106027,1106027,Tangerina,0.0668,1.000000000000,2,7,1.000000000000,1.000000000000
2026-07-12,2026-07-11,ipca-sp-1106028,1106028,Uva,0.0794,1.144779899223,2,9,1.000000000000,1.289559798446
2026-07-12,2026-07-11,ipca-sp-1106039,1106039,Laranja-pera,0.1045,1.000000000000,3,4,1.000000000000,1.000000000000
2026-07-12,2026-07-11,ipca-sp-1107018,1107018,Carne de porco,0.2853,1.000000000000,3,100,1.000000000000,1.000000000000
2026-07-12,2026-07-11,ipca-sp-1107084,1107084,Contrafilé,0.3951,1.053096301155,4,20,1.000000000000,1.123516996156
2026-07-12,2026-07-11,ipca-sp-1107087,1107087,Chã de dentro,0.2838,1.000000000000,3,10,1.000000000000,1.000000000000
2026-07-12,2026-07-11,ipca-sp-1107088,1107088,Alcatra,0.2158,1.000000000000,3,16,1.000000000000,1.000000000000
2026-07-12,2026-07-11,ipca-sp-1107089,1107089,Patinho,0.2286,1.000000000000,4,9,1.000000000000,1.000000000000
2026-07-12,2026-07-11,ipca-sp-1107091,1107091,Lagarto comum,0.1077,1.000000000000,2,6,1.000000000000,1.000000000000
2026-07-12,2026-07-11,ipca-sp-1107093,1107093,Músculo,0.1026,1.032674487924,3,7,1.000000000000,1.098023463771
2026-07-12,2026-07-11,ipca-sp-1107094,1107094,Pá,0.1231,1.000000000000,3,3,1.000000000000,1.000000000000
2026-07-12,2026-07-11,ipca-sp-1107095,1107095,Acém,0.2571,1.000000000000,4,10,1.000000000000,1.000000000000
2026-07-12,2026-07-11,ipca-sp-1107099,1107099,Costela,0.1690,1.000000000000,4,12,1.000000000000,1.000000000000
2026-07-12,2026-07-11,ipca-sp-1108031,1108031,Peixe-merluza,0.0279,1.000000000000,3,4,1.000000000000,1.000000000000
2026-07-12,2026-07-11,ipca-sp-1108038,1108038,Peixe-pescada,0.0212,1.000000000000,2,4,1.000000000000,1.000000000000
2026-07-12,2026-07-11,ipca-sp-1108075,1108075,Peixe-salmão,0.0250,1.000000000000,3,41,1.000000000000,1.000000000000
2026-07-12,2026-07-11,ipca-sp-1108080,1108080,Peixe-tilápia,0.0366,1.000000000000,3,12,1.000000000000,1.000000000000
2026-07-12,2026-07-11,ipca-sp-1109002,1109002,Presunto,0.1054,1.000000000000,3,28,1.000000000000,1.000000000000
2026-07-12,2026-07-11,ipca-sp-1109007,1109007,Salsicha,0.0647,1.000000000000,2,13,1.000000000000,1.000000000000
2026-07-12,2026-07-11,ipca-sp-1109008,1109008,Linguiça,0.3486,1.000000000000,3,93,1.000000000000,1.000000000000
2026-07-12,2026-07-11,ipca-sp-1109010,1109010,Mortadela,0.0677,1.000000000000,3,14,1.000000000000,1.000000000000
2026-07-12,2026-07-11,ipca-sp-1110009,1110009,Frango inteiro,0.1331,1.000000000000,4,9,1.000000000000,1.000000000000
2026-07-12,2026-07-11,ipca-sp-1110010,1110010,Frango em pedaços,0.5283,1.000000000000,4,130,1.000000000000,1.000000000000
2026-07-12,2026-07-11,ipca-sp-1110044,1110044,Ovo de galinha,0.1964,1.000000000000,3,24,1.000000000000,1.000000000000
2026-07-12,2026-07-11,ipca-sp-1111004,1111004,Leite longa vida,0.6890,1.000000000000,4,61,1.000000000000,1.000000000000
2026-07-12,2026-07-11,ipca-sp-1111009,1111009,Leite em pó,0.0872,1.000000000000,4,18,1.000000000000,1.000000000000
2026-07-12,2026-07-11,ipca-sp-1111011,1111011,Queijo,0.5234,1.001411573588,4,331,1.000000000000,1.005646294350
2026-07-12,2026-07-11,ipca-sp-1111019,1111019,Iogurte e bebidas lácteas,0.1360,0.979478237998,4,311,0.917912951992,1.000000000000
2026-07-12,2026-07-11,ipca-sp-1111021,1111021,Requeijão,0.0940,1.000000000000,3,36,1.000000000000,1.000000000000
2026-07-12,2026-07-11,ipca-sp-1112003,1112003,Biscoito,0.3388,0.997678254965,4,380,0.990713019860,1.000000000000
2026-07-12,2026-07-11,ipca-sp-1112015,1112015,Pão francês,0.6914,1.000000000000,3,12,1.000000000000,1.000000000000
2026-07-12,2026-07-11,ipca-sp-1112017,1112017,Pão doce,0.1150,1.000000000000,3,14,1.000000000000,1.000000000000
2026-07-12,2026-07-11,ipca-sp-1112018,1112018,Pão de forma,0.1192,1.000000000000,4,117,1.000000000000,1.000000000000
2026-07-12,2026-07-11,ipca-sp-1112019,1112019,Bolo,0.1366,1.000035932495,4,200,1.000000000000,1.000143729982
2026-07-12,2026-07-11,ipca-sp-1113013,1113013,Óleo de soja,0.1378,0.988633042198,3,8,0.965899126593,1.000000000000
2026-07-12,2026-07-11,ipca-sp-1113014,1113014,Azeite de oliva,0.0842,0.994920417049,4,35,0.979681668195,1.000000000000
2026-07-12,2026-07-11,ipca-sp-1113040,1113040,Margarina,0.0752,1.000000000000,3,18,1.000000000000,1.000000000000
2026-07-12,2026-07-11,ipca-sp-1114001,1114001,Suco de frutas,0.1426,0.994162273243,3,116,0.982486819730,1.000000000000
2026-07-12,2026-07-11,ipca-sp-1114022,1114022,Café moído,0.2619,0.994013661689,4,104,0.976054646757,1.000000000000
2026-07-12,2026-07-11,ipca-sp-1114083,1114083,Refrigerante e água mineral,0.5101,1.003315349036,2,176,1.000000000000,1.006630698071
2026-07-12,2026-07-11,ipca-sp-1114084,1114084,Cerveja,0.3936,1.013002473233,2,36,1.000000000000,1.026004946467
2026-07-12,2026-07-11,ipca-sp-1114087,1114087,Vinho,0.0936,1.006843970083,2,210,1.000000000000,1.013687940165
2026-07-12,2026-07-11,ipca-sp-1114090,1114090,Suco em pó,0.0747,0.915979588648,2,22,0.831959177296,1.000000000000
2026-07-12,2026-07-11,ipca-sp-1115016,1115016,Palmito em conserva,0.0396,0.989197928944,4,22,0.956791715776,1.000000000000
2026-07-12,2026-07-11,ipca-sp-1115039,1115039,Sardinha em conserva,0.0271,0.995822350240,4,13,0.983289400960,1.000000000000
2026-07-12,2026-07-11,ipca-sp-1115057,1115057,Azeitona,0.0342,1.016078739612,4,57,1.000000000000,1.064314958448
2026-07-12,2026-07-11,ipca-sp-1115058,1115058,Milho-verde em conserva,0.0172,0.987460587387,4,5,0.949842349549,1.000000000000
2026-07-12,2026-07-11,ipca-sp-1115075,1115075,Atum em conserva,0.0308,0.971717748594,3,19,0.915153245781,1.000000000000
2026-07-12,2026-07-11,ipca-sp-1116005,1116005,Atomatado,0.1151,0.996214050475,4,78,0.984856201899,1.000000000000
2026-07-12,2026-07-11,ipca-sp-1116010,1116010,Alho,0.0970,0.991591203105,4,18,0.966364812419,1.000000000000
2026-07-12,2026-07-11,ipca-sp-1116033,1116033,Maionese,0.0481,1.000941623113,4,34,1.000000000000,1.003766492450
2026-07-12,2026-07-11,ipca-sp-1116041,1116041,Vinagre,0.0221,1.003285530021,4,30,1.000000000000,1.013142120082
2026-07-12,2026-07-11,ipca-sp-1116071,1116071,Tempero misto,0.0696,0.957377883513,4,48,0.829511534050,1.000000000000
2026-07-13,2026-07-12,ipca-sp-1101002,1101002,Arroz,0.4030,1.004771950285,4,76,1.000000000000,1.009740783905
2026-07-13,2026-07-12,ipca-sp-1101073,1101073,Feijão-carioca (rajado),0.1876,1.000000000000,2,13,1.000000000000,1.000000000000
2026-07-13,2026-07-12,ipca-sp-1102006,1102006,Macarrão,0.1112,0.999976653460,4,124,0.994611871509,1.005294742331
2026-07-13,2026-07-12,ipca-sp-1102012,1102012,Farinha de trigo,0.0431,1.014379861550,3,11,1.000000000000,1.043139584649
2026-07-13,2026-07-12,ipca-sp-1102023,1102023,Farinha de mandioca,0.0320,1.000000000000,3,10,1.000000000000,1.000000000000
2026-07-13,2026-07-12,ipca-sp-1102029,1102029,Massa semipreparada,0.1189,0.991070458776,4,141,0.964281835103,1.000000000000
2026-07-13,2026-07-12,ipca-sp-1102061,1102061,Macarrão instantâneo,0.0404,1.001935025050,4,51,1.000000000000,1.007740100201
2026-07-13,2026-07-12,ipca-sp-1103002,1103002,Batata-doce,0.0267,1.000000000000,2,4,1.000000000000,1.000000000000
2026-07-13,2026-07-12,ipca-sp-1103003,1103003,Batata-inglesa,0.1234,0.988608024435,4,26,0.954432097742,1.000000000000
2026-07-13,2026-07-12,ipca-sp-1103020,1103020,Abobrinha,0.0191,1.000000000000,3,5,1.000000000000,1.000000000000
2026-07-13,2026-07-12,ipca-sp-1103026,1103026,Pimentão,0.0368,1.000000000000,3,10,1.000000000000,1.000000000000
2026-07-13,2026-07-12,ipca-sp-1103028,1103028,Tomate,0.1791,1.020763345092,4,18,1.000000000000,1.083053380367
2026-07-13,2026-07-12,ipca-sp-1103043,1103043,Cebola,0.0906,1.000000000000,3,13,1.000000000000,1.000000000000
2026-07-13,2026-07-12,ipca-sp-1103044,1103044,Cenoura,0.0363,1.000000000000,3,4,1.000000000000,1.000000000000
2026-07-13,2026-07-12,ipca-sp-1104003,1104003,Açúcar refinado,0.1100,1.000000000000,4,12,1.000000000000,1.000000000000
2026-07-13,2026-07-12,ipca-sp-1104023,1104023,Chocolate em barra e bombom,0.2557,0.999904594006,4,269,0.996790686930,1.002827689093
2026-07-13,2026-07-12,ipca-sp-1104032,1104032,Sorvete,0.1665,1.020653574177,4,237,1.000000000000,1.038879216037
2026-07-13,2026-07-12,ipca-sp-1104052,1104052,Chocolate e achocolatado em pó,0.1191,1.003370399027,4,49,1.000000000000,1.013481596107
2026-07-13,2026-07-12,ipca-sp-1105001,1105001,Alface,0.0965,1.000000000000,3,9,1.000000000000,1.000000000000
2026-07-13,2026-07-12,ipca-sp-1105005,1105005,Couve,0.0271,1.000000000000,2,2,1.000000000000,1.000000000000
2026-07-13,2026-07-12,ipca-sp-1105010,1105010,Repolho,0.0163,1.000000000000,2,4,1.000000000000,1.000000000000
2026-07-13,2026-07-12,ipca-sp-1105012,1105012,Cheiro-verde,0.0326,1.000000000000,1,2,1.000000000000,1.000000000000
2026-07-13,2026-07-12,ipca-sp-1105019,1105019,Brócolis,0.0306,0.982438765372,4,14,0.929755061486,1.000000000000
2026-07-13,2026-07-12,ipca-sp-1106005,1106005,Banana-d'água,0.1481,1.000000000000,2,2,1.000000000000,1.000000000000
2026-07-13,2026-07-12,ipca-sp-1106008,1106008,Banana-prata,0.0843,1.000000000000,3,3,1.000000000000,1.000000000000
2026-07-13,2026-07-12,ipca-sp-1106015,1106015,Limão,0.0565,1.051727723951,3,6,1.000000000000,1.155183171854
2026-07-13,2026-07-12,ipca-sp-1106017,1106017,Maçã,0.1217,1.039157917021,3,15,1.000000000000,1.117473751062
2026-07-13,2026-07-12,ipca-sp-1106018,1106018,Mamão,0.0900,1.000000000000,4,13,1.000000000000,1.000000000000
2026-07-13,2026-07-12,ipca-sp-1106019,1106019,Manga,0.0644,1.000000000000,3,9,1.000000000000,1.000000000000
2026-07-13,2026-07-12,ipca-sp-1106023,1106023,Pera,0.0508,1.094382216713,3,9,1.000000000000,1.283146650138
2026-07-13,2026-07-12,ipca-sp-1106027,1106027,Tangerina,0.0668,1.000000000000,2,7,1.000000000000,1.000000000000
2026-07-13,2026-07-12,ipca-sp-1106028,1106028,Uva,0.0794,1.000000000000,3,13,1.000000000000,1.000000000000
2026-07-13,2026-07-12,ipca-sp-1106039,1106039,Laranja-pera,0.1045,1.000000000000,4,5,1.000000000000,1.000000000000
2026-07-13,2026-07-12,ipca-sp-1107018,1107018,Carne de porco,0.2853,1.008941895479,4,121,1.000000000000,1.026403153343
2026-07-13,2026-07-12,ipca-sp-1107084,1107084,Contrafilé,0.3951,1.018283230484,4,23,1.000000000000,1.049130055665
2026-07-13,2026-07-12,ipca-sp-1107087,1107087,Chã de dentro,0.2838,1.000000000000,4,15,1.000000000000,1.000000000000
2026-07-13,2026-07-12,ipca-sp-1107088,1107088,Alcatra,0.2158,1.024242536928,4,19,1.000000000000,1.096970147710
2026-07-13,2026-07-12,ipca-sp-1107089,1107089,Patinho,0.2286,0.995360706296,4,14,0.981442825185,1.000000000000
2026-07-13,2026-07-12,ipca-sp-1107091,1107091,Lagarto comum,0.1077,1.000000000000,3,8,1.000000000000,1.000000000000
2026-07-13,2026-07-12,ipca-sp-1107093,1107093,Músculo,0.1026,1.016081342118,4,10,1.000000000000,1.064325368472
2026-07-13,2026-07-12,ipca-sp-1107094,1107094,Pá,0.1231,1.000000000000,4,4,1.000000000000,1.000000000000
2026-07-13,2026-07-12,ipca-sp-1107095,1107095,Acém,0.2571,1.001411516332,4,12,0.970465382866,1.035180682464
2026-07-13,2026-07-12,ipca-sp-1107099,1107099,Costela,0.1690,1.012331810053,4,14,1.000000000000,1.049327240213
2026-07-13,2026-07-12,ipca-sp-1108031,1108031,Peixe-merluza,0.0279,1.000000000000,4,7,1.000000000000,1.000000000000
2026-07-13,2026-07-12,ipca-sp-1108038,1108038,Peixe-pescada,0.0212,1.000000000000,2,4,1.000000000000,1.000000000000
2026-07-13,2026-07-12,ipca-sp-1108075,1108075,Peixe-salmão,0.0250,1.007087798470,4,46,1.000000000000,1.028351193879
2026-07-13,2026-07-12,ipca-sp-1108080,1108080,Peixe-tilápia,0.0366,1.017399424522,4,18,1.000000000000,1.069597698087
2026-07-13,2026-07-12,ipca-sp-1109002,1109002,Presunto,0.1054,1.005464048019,4,38,1.000000000000,1.021856192076
2026-07-13,2026-07-12,ipca-sp-1109007,1109007,Salsicha,0.0647,1.000000000000,3,23,1.000000000000,1.000000000000
2026-07-13,2026-07-12,ipca-sp-1109008,1109008,Linguiça,0.3486,1.005527187286,4,127,1.000000000000,1.022108749143
2026-07-13,2026-07-12,ipca-sp-1109010,1109010,Mortadela,0.0677,1.000000000000,4,19,1.000000000000,1.000000000000
2026-07-13,2026-07-12,ipca-sp-1110009,1110009,Frango inteiro,0.1331,1.000000000000,4,10,1.000000000000,1.000000000000
2026-07-13,2026-07-12,ipca-sp-1110010,1110010,Frango em pedaços,0.5283,0.996168341232,4,193,0.989834968667,1.000000000000
2026-07-13,2026-07-12,ipca-sp-1110044,1110044,Ovo de galinha,0.1964,1.001382476833,4,29,1.000000000000,1.005529907333
2026-07-13,2026-07-12,ipca-sp-1111004,1111004,Leite longa vida,0.6890,0.992247703962,4,66,0.968990815847,1.000000000000
2026-07-13,2026-07-12,ipca-sp-1111009,1111009,Leite em pó,0.0872,0.984247997345,4,22,0.936991989380,1.000000000000
2026-07-13,2026-07-12,ipca-sp-1111011,1111011,Queijo,0.5234,1.011462420391,4,420,1.000000000000,1.038012599303
2026-07-13,2026-07-12,ipca-sp-1111019,1111019,Iogurte e bebidas lácteas,0.1360,0.995378838784,4,459,0.981344277885,1.000171077250
2026-07-13,2026-07-12,ipca-sp-1111021,1111021,Requeijão,0.0940,1.017243972005,4,76,1.000000000000,1.043831122934
2026-07-13,2026-07-12,ipca-sp-1112003,1112003,Biscoito,0.3388,1.001190707723,4,427,1.000000000000,1.002794228541
2026-07-13,2026-07-12,ipca-sp-1112015,1112015,Pão francês,0.6914,0.990511589679,3,12,0.971534769037,1.000000000000
2026-07-13,2026-07-12,ipca-sp-1112017,1112017,Pão doce,0.1150,0.886451887887,3,14,0.659355663662,1.000000000000
2026-07-13,2026-07-12,ipca-sp-1112018,1112018,Pão de forma,0.1192,1.002201185822,4,122,1.000000000000,1.005116577124
2026-07-13,2026-07-12,ipca-sp-1112019,1112019,Bolo,0.1366,1.021088950279,4,216,1.000000000000,1.084355801116
2026-07-13,2026-07-12,ipca-sp-1113013,1113013,Óleo de soja,0.1378,1.000000000000,3,8,1.000000000000,1.000000000000
2026-07-13,2026-07-12,ipca-sp-1113014,1113014,Azeite de oliva,0.0842,1.000000000000,4,39,1.000000000000,1.000000000000
2026-07-13,2026-07-12,ipca-sp-1113040,1113040,Margarina,0.0752,1.000000000000,4,34,1.000000000000,1.000000000000
2026-07-13,2026-07-12,ipca-sp-1114001,1114001,Suco de frutas,0.1426,0.997642551455,4,176,0.982108490022,1.008461715797
2026-07-13,2026-07-12,ipca-sp-1114022,1114022,Café moído,0.2619,1.013613481480,4,134,1.000000000000,1.027987205508
2026-07-13,2026-07-12,ipca-sp-1114083,1114083,Refrigerante e água mineral,0.5101,0.992783922213,3,248,0.987904784610,1.000000000000
2026-07-13,2026-07-12,ipca-sp-1114084,1114084,Cerveja,0.3936,0.971625493480,3,65,0.916189785822,1.015490578288
2026-07-13,2026-07-12,ipca-sp-1114087,1114087,Vinho,0.0936,1.056352143089,4,415,1.000000000000,1.122171969994
2026-07-13,2026-07-12,ipca-sp-1114090,1114090,Suco em pó,0.0747,0.974536463122,3,42,0.923609389367,1.000000000000
2026-07-13,2026-07-12,ipca-sp-1115016,1115016,Palmito em conserva,0.0396,1.000000000000,4,26,1.000000000000,1.000000000000
2026-07-13,2026-07-12,ipca-sp-1115039,1115039,Sardinha em conserva,0.0271,1.000000000000,4,13,1.000000000000,1.000000000000
2026-07-13,2026-07-12,ipca-sp-1115057,1115057,Azeitona,0.0342,1.000000000000,4,68,1.000000000000,1.000000000000
2026-07-13,2026-07-12,ipca-sp-1115058,1115058,Milho-verde em conserva,0.0172,1.000000000000,4,7,1.000000000000,1.000000000000
2026-07-13,2026-07-12,ipca-sp-1115075,1115075,Atum em conserva,0.0308,1.000000000000,3,28,1.000000000000,1.000000000000
2026-07-13,2026-07-12,ipca-sp-1116005,1116005,Atomatado,0.1151,1.002362681664,4,93,1.000000000000,1.006905349576
2026-07-13,2026-07-12,ipca-sp-1116010,1116010,Alho,0.0970,1.000000000000,4,24,1.000000000000,1.000000000000
2026-07-13,2026-07-12,ipca-sp-1116033,1116033,Maionese,0.0481,1.000000000000,4,36,1.000000000000,1.000000000000
2026-07-13,2026-07-12,ipca-sp-1116041,1116041,Vinagre,0.0221,1.000000000000,4,36,1.000000000000,1.000000000000
2026-07-13,2026-07-12,ipca-sp-1116071,1116071,Tempero misto,0.0696,0.999359967578,4,71,0.997439870311,1.000000000000
2026-07-14,2026-07-13,ipca-sp-1101002,1101002,Arroz,0.4030,0.998183860052,4,76,0.981758254183,1.010977186025
2026-07-14,2026-07-13,ipca-sp-1101073,1101073,Feijão-carioca (rajado),0.1876,0.991253268898,2,13,0.982506537796,1.000000000000
2026-07-14,2026-07-13,ipca-sp-1102006,1102006,Macarrão,0.1112,1.001323685583,4,124,1.000000000000,1.005294742331
2026-07-14,2026-07-13,ipca-sp-1102012,1102012,Farinha de trigo,0.0431,1.014379861550,3,11,1.000000000000,1.043139584649
2026-07-14,2026-07-13,ipca-sp-1102023,1102023,Farinha de mandioca,0.0320,1.000000000000,3,10,1.000000000000,1.000000000000
2026-07-14,2026-07-13,ipca-sp-1102029,1102029,Massa semipreparada,0.1189,1.001576179488,4,142,0.995675957498,1.007524825823
2026-07-14,2026-07-13,ipca-sp-1102061,1102061,Macarrão instantâneo,0.0404,1.010958120714,4,51,1.000000000000,1.043832482857
2026-07-14,2026-07-13,ipca-sp-1103002,1103002,Batata-doce,0.0267,1.000000000000,2,4,1.000000000000,1.000000000000
2026-07-14,2026-07-13,ipca-sp-1103003,1103003,Batata-inglesa,0.1234,1.000000000000,4,28,1.000000000000,1.000000000000
2026-07-14,2026-07-13,ipca-sp-1103020,1103020,Abobrinha,0.0191,1.000000000000,3,5,1.000000000000,1.000000000000
2026-07-14,2026-07-13,ipca-sp-1103026,1103026,Pimentão,0.0368,1.000000000000,3,10,1.000000000000,1.000000000000
2026-07-14,2026-07-13,ipca-sp-1103028,1103028,Tomate,0.1791,0.983668638611,4,19,0.934674554444,1.000000000000
2026-07-14,2026-07-13,ipca-sp-1103043,1103043,Cebola,0.0906,1.000000000000,3,13,1.000000000000,1.000000000000
2026-07-14,2026-07-13,ipca-sp-1103044,1103044,Cenoura,0.0363,1.000000000000,3,4,1.000000000000,1.000000000000
2026-07-14,2026-07-13,ipca-sp-1104003,1104003,Açúcar refinado,0.1100,1.000000000000,4,12,1.000000000000,1.000000000000
2026-07-14,2026-07-13,ipca-sp-1104023,1104023,Chocolate em barra e bombom,0.2557,1.017897179752,4,269,1.000000000000,1.044697521855
2026-07-14,2026-07-13,ipca-sp-1104032,1104032,Sorvete,0.1665,1.028564589633,4,240,0.983845985044,1.072390150991
2026-07-14,2026-07-13,ipca-sp-1104052,1104052,Chocolate e achocolatado em pó,0.1191,1.007314574969,4,50,1.000000000000,1.026396991931
2026-07-14,2026-07-13,ipca-sp-1105001,1105001,Alface,0.0965,1.000000000000,3,9,1.000000000000,1.000000000000
2026-07-14,2026-07-13,ipca-sp-1105005,1105005,Couve,0.0271,1.000000000000,2,3,1.000000000000,1.000000000000
2026-07-14,2026-07-13,ipca-sp-1105010,1105010,Repolho,0.0163,1.000000000000,2,4,1.000000000000,1.000000000000
2026-07-14,2026-07-13,ipca-sp-1105012,1105012,Cheiro-verde,0.0326,1.000000000000,2,5,1.000000000000,1.000000000000
2026-07-14,2026-07-13,ipca-sp-1105019,1105019,Brócolis,0.0306,1.000000000000,4,17,1.000000000000,1.000000000000
2026-07-14,2026-07-13,ipca-sp-1106005,1106005,Banana-d'água,0.1481,1.000000000000,2,2,1.000000000000,1.000000000000
2026-07-14,2026-07-13,ipca-sp-1106008,1106008,Banana-prata,0.0843,1.000000000000,3,3,1.000000000000,1.000000000000
2026-07-14,2026-07-13,ipca-sp-1106015,1106015,Limão,0.0565,1.050285123688,3,6,1.000000000000,1.150855371064
2026-07-14,2026-07-13,ipca-sp-1106017,1106017,Maçã,0.1217,1.000000000000,3,15,1.000000000000,1.000000000000
2026-07-14,2026-07-13,ipca-sp-1106018,1106018,Mamão,0.0900,0.954081579462,4,13,0.816326317850,1.000000000000
2026-07-14,2026-07-13,ipca-sp-1106019,1106019,Manga,0.0644,1.000000000000,3,10,1.000000000000,1.000000000000
2026-07-14,2026-07-13,ipca-sp-1106023,1106023,Pera,0.0508,1.000000000000,3,9,1.000000000000,1.000000000000
2026-07-14,2026-07-13,ipca-sp-1106027,1106027,Tangerina,0.0668,1.000000000000,2,7,1.000000000000,1.000000000000
2026-07-14,2026-07-13,ipca-sp-1106028,1106028,Uva,0.0794,1.006808905394,3,13,1.000000000000,1.020426716181
2026-07-14,2026-07-13,ipca-sp-1106039,1106039,Laranja-pera,0.1045,1.056399662431,4,5,1.000000000000,1.225598649726
2026-07-14,2026-07-13,ipca-sp-1107018,1107018,Carne de porco,0.2853,0.992543343832,4,125,0.984861527550,1.000000000000
2026-07-14,2026-07-13,ipca-sp-1107084,1107084,Contrafilé,0.3951,1.025067193274,4,23,1.000000000000,1.088868208463
2026-07-14,2026-07-13,ipca-sp-1107087,1107087,Chã de dentro,0.2838,1.000000000000,4,15,1.000000000000,1.000000000000
2026-07-14,2026-07-13,ipca-sp-1107088,1107088,Alcatra,0.2158,0.997586914798,4,19,0.990347659192,1.000000000000
2026-07-14,2026-07-13,ipca-sp-1107089,1107089,Patinho,0.2286,0.972899728997,4,14,0.891598915989,1.000000000000
2026-07-14,2026-07-13,ipca-sp-1107091,1107091,Lagarto comum,0.1077,1.000000000000,3,8,1.000000000000,1.000000000000
2026-07-14,2026-07-13,ipca-sp-1107093,1107093,Músculo,0.1026,0.970694332802,4,10,0.882777331206,1.000000000000
2026-07-14,2026-07-13,ipca-sp-1107094,1107094,Pá,0.1231,1.000000000000,4,4,1.000000000000,1.000000000000
2026-07-14,2026-07-13,ipca-sp-1107095,1107095,Acém,0.2571,1.000000000000,4,12,1.000000000000,1.000000000000
2026-07-14,2026-07-13,ipca-sp-1107099,1107099,Costela,0.1690,1.000000000000,4,14,1.000000000000,1.000000000000
2026-07-14,2026-07-13,ipca-sp-1108031,1108031,Peixe-merluza,0.0279,1.000000000000,4,7,1.000000000000,1.000000000000
2026-07-14,2026-07-13,ipca-sp-1108038,1108038,Peixe-pescada,0.0212,1.000000000000,2,4,1.000000000000,1.000000000000
2026-07-14,2026-07-13,ipca-sp-1108075,1108075,Peixe-salmão,0.0250,1.066426007244,4,46,1.000000000000,1.265704028975
2026-07-14,2026-07-13,ipca-sp-1108080,1108080,Peixe-tilápia,0.0366,1.000000000000,4,18,1.000000000000,1.000000000000
2026-07-14,2026-07-13,ipca-sp-1109002,1109002,Presunto,0.1054,0.993381380918,4,38,0.938894365317,1.034631158355
2026-07-14,2026-07-13,ipca-sp-1109007,1109007,Salsicha,0.0647,1.000000000000,3,23,1.000000000000,1.000000000000
2026-07-14,2026-07-13,ipca-sp-1109008,1109008,Linguiça,0.3486,1.000000000000,4,127,1.000000000000,1.000000000000
2026-07-14,2026-07-13,ipca-sp-1109010,1109010,Mortadela,0.0677,1.000000000000,4,19,1.000000000000,1.000000000000
2026-07-14,2026-07-13,ipca-sp-1110009,1110009,Frango inteiro,0.1331,1.002096729748,4,10,1.000000000000,1.008386918993
2026-07-14,2026-07-13,ipca-sp-1110010,1110010,Frango em pedaços,0.5283,0.996994026884,4,196,0.981808936941,1.007843206185
2026-07-14,2026-07-13,ipca-sp-1110044,1110044,Ovo de galinha,0.1964,0.993480879737,4,30,0.973923518946,1.000000000000
2026-07-14,2026-07-13,ipca-sp-1111004,1111004,Leite longa vida,0.6890,0.992596183741,4,72,0.970384734962,1.000000000000
2026-07-14,2026-07-13,ipca-sp-1111009,1111009,Leite em pó,0.0872,0.982721727682,4,28,0.942263714821,1.000000000000
2026-07-14,2026-07-13,ipca-sp-1111011,1111011,Queijo,0.5234,0.993301394027,4,424,0.980196534281,1.000000000000
2026-07-14,2026-07-13,ipca-sp-1111019,1111019,Iogurte e bebidas lácteas,0.1360,0.998373979966,4,464,0.990985059391,1.002510860473
2026-07-14,2026-07-13,ipca-sp-1111021,1111021,Requeijão,0.0940,0.991620630186,4,79,0.966482520746,1.000000000000
2026-07-14,2026-07-13,ipca-sp-1112003,1112003,Biscoito,0.3388,1.009302124187,4,431,0.993681745766,1.025773726156
2026-07-14,2026-07-13,ipca-sp-1112015,1112015,Pão francês,0.6914,1.000000000000,3,13,1.000000000000,1.000000000000
2026-07-14,2026-07-13,ipca-sp-1112017,1112017,Pão doce,0.1150,1.000000000000,3,16,1.000000000000,1.000000000000
2026-07-14,2026-07-13,ipca-sp-1112018,1112018,Pão de forma,0.1192,1.002370767436,4,130,1.000000000000,1.005759645524
2026-07-14,2026-07-13,ipca-sp-1112019,1112019,Bolo,0.1366,0.999132307589,4,216,0.994907795352,1.001621435006
2026-07-14,2026-07-13,ipca-sp-1113013,1113013,Óleo de soja,0.1378,1.000000000000,3,8,1.000000000000,1.000000000000
2026-07-14,2026-07-13,ipca-sp-1113014,1113014,Azeite de oliva,0.0842,0.997337049570,4,39,0.989348198281,1.000000000000
2026-07-14,2026-07-13,ipca-sp-1113040,1113040,Margarina,0.0752,0.997373277850,4,35,0.989493111401,1.000000000000
2026-07-14,2026-07-13,ipca-sp-1114001,1114001,Suco de frutas,0.1426,0.997090912456,4,180,0.985722655348,1.002640994475
2026-07-14,2026-07-13,ipca-sp-1114022,1114022,Café moído,0.2619,1.018604197097,4,134,0.997313641353,1.054183193030
2026-07-14,2026-07-13,ipca-sp-1114083,1114083,Refrigerante e água mineral,0.5101,0.998696399765,3,254,0.980146200498,1.015942998798
2026-07-14,2026-07-13,ipca-sp-1114084,1114084,Cerveja,0.3936,1.045117284789,3,69,1.000000000000,1.134909336453
2026-07-14,2026-07-13,ipca-sp-1114087,1114087,Vinho,0.0936,1.000000000000,4,415,1.000000000000,1.000000000000
2026-07-14,2026-07-13,ipca-sp-1114090,1114090,Suco em pó,0.0747,1.000000000000,3,42,1.000000000000,1.000000000000
2026-07-14,2026-07-13,ipca-sp-1115016,1115016,Palmito em conserva,0.0396,0.991526089388,4,26,0.977296060859,1.000000000000
2026-07-14,2026-07-13,ipca-sp-1115039,1115039,Sardinha em conserva,0.0271,1.000000000000,4,13,1.000000000000,1.000000000000
2026-07-14,2026-07-13,ipca-sp-1115057,1115057,Azeitona,0.0342,1.000000000000,4,68,1.000000000000,1.000000000000
2026-07-14,2026-07-13,ipca-sp-1115058,1115058,Milho-verde em conserva,0.0172,1.000000000000,4,7,1.000000000000,1.000000000000
2026-07-14,2026-07-13,ipca-sp-1115075,1115075,Atum em conserva,0.0308,1.000000000000,3,28,1.000000000000,1.000000000000
2026-07-14,2026-07-13,ipca-sp-1116005,1116005,Atomatado,0.1151,1.009801647171,4,93,1.000000000000,1.039206588683
2026-07-14,2026-07-13,ipca-sp-1116010,1116010,Alho,0.0970,1.000000000000,4,26,1.000000000000,1.000000000000
2026-07-14,2026-07-13,ipca-sp-1116033,1116033,Maionese,0.0481,1.001473482937,4,36,0.984176533890,1.021717397859
2026-07-14,2026-07-13,ipca-sp-1116041,1116041,Vinagre,0.0221,1.000000000000,4,36,1.000000000000,1.000000000000
2026-07-14,2026-07-13,ipca-sp-1116071,1116071,Tempero misto,0.0696,1.000000000000,4,71,1.000000000000,1.000000000000
2026-07-15,2026-07-14,ipca-sp-1101002,1101002,Arroz,0.4030,0.998788171614,4,76,0.992674940572,1.002477745883
2026-07-15,2026-07-14,ipca-sp-1101073,1101073,Feijão-carioca (rajado),0.1876,0.993808379991,2,13,0.987616759982,1.000000000000
2026-07-15,2026-07-14,ipca-sp-1102006,1102006,Macarrão,0.1112,1.000000000000,4,127,1.000000000000,1.000000000000
2026-07-15,2026-07-14,ipca-sp-1102012,1102012,Farinha de trigo,0.0431,0.986214825167,3,11,0.958644475501,1.000000000000
2026-07-15,2026-07-14,ipca-sp-1102023,1102023,Farinha de mandioca,0.0320,1.021270818521,3,10,0.994057966334,1.069754489227
2026-07-15,2026-07-14,ipca-sp-1102029,1102029,Massa semipreparada,0.1189,1.000486171527,4,149,1.000000000000,1.001944686108
2026-07-15,2026-07-14,ipca-sp-1102061,1102061,Macarrão instantâneo,0.0404,1.003885027388,4,51,1.000000000000,1.015540109553
2026-07-15,2026-07-14,ipca-sp-1103002,1103002,Batata-doce,0.0267,1.000000000000,2,4,1.000000000000,1.000000000000
2026-07-15,2026-07-14,ipca-sp-1103003,1103003,Batata-inglesa,0.1234,0.969007582607,4,28,0.919342346306,1.000000000000
2026-07-15,2026-07-14,ipca-sp-1103020,1103020,Abobrinha,0.0191,0.955266497977,3,5,0.865799493932,1.000000000000
2026-07-15,2026-07-14,ipca-sp-1103026,1103026,Pimentão,0.0368,1.000000000000,3,10,1.000000000000,1.000000000000
2026-07-15,2026-07-14,ipca-sp-1103028,1103028,Tomate,0.1791,0.947946117439,4,19,0.791784469756,1.000000000000
2026-07-15,2026-07-14,ipca-sp-1103043,1103043,Cebola,0.0906,1.000000000000,3,13,1.000000000000,1.000000000000
2026-07-15,2026-07-14,ipca-sp-1103044,1103044,Cenoura,0.0363,0.916562369629,3,4,0.749687108886,1.000000000000
2026-07-15,2026-07-14,ipca-sp-1104003,1104003,Açúcar refinado,0.1100,0.988812995155,4,12,0.955251980619,1.000000000000
2026-07-15,2026-07-14,ipca-sp-1104023,1104023,Chocolate em barra e bombom,0.2557,1.004436343972,4,269,0.999699218919,1.012226847641
2026-07-15,2026-07-14,ipca-sp-1104032,1104032,Sorvete,0.1665,0.999943245411,4,240,0.986299115032,1.009992001279
2026-07-15,2026-07-14,ipca-sp-1104052,1104052,Chocolate e achocolatado em pó,0.1191,0.948591328364,4,52,0.808858027310,1.000302870357
2026-07-15,2026-07-14,ipca-sp-1105001,1105001,Alface,0.0965,1.000000000000,3,9,1.000000000000,1.000000000000
2026-07-15,2026-07-14,ipca-sp-1105005,1105005,Couve,0.0271,1.000000000000,2,3,1.000000000000,1.000000000000
2026-07-15,2026-07-14,ipca-sp-1105010,1105010,Repolho,0.0163,0.896666195126,2,4,0.793332390251,1.000000000000
2026-07-15,2026-07-14,ipca-sp-1105012,1105012,Cheiro-verde,0.0326,1.000000000000,2,5,1.000000000000,1.000000000000
2026-07-15,2026-07-14,ipca-sp-1105019,1105019,Brócolis,0.0306,0.997901835171,4,17,0.976279124651,1.015328216033
2026-07-15,2026-07-14,ipca-sp-1106005,1106005,Banana-d'água,0.1481,1.000000000000,2,2,1.000000000000,1.000000000000
2026-07-15,2026-07-14,ipca-sp-1106008,1106008,Banana-prata,0.0843,0.745703923342,3,3,0.545040946315,1.000000000000
2026-07-15,2026-07-14,ipca-sp-1106015,1106015,Limão,0.0565,1.000000000000,3,6,1.000000000000,1.000000000000
2026-07-15,2026-07-14,ipca-sp-1106017,1106017,Maçã,0.1217,0.934436512608,3,15,0.894875605847,1.000000000000
2026-07-15,2026-07-14,ipca-sp-1106018,1106018,Mamão,0.0900,0.923923427773,4,13,0.844507535019,1.000000000000
2026-07-15,2026-07-14,ipca-sp-1106019,1106019,Manga,0.0644,1.000000000000,3,10,1.000000000000,1.000000000000
2026-07-15,2026-07-14,ipca-sp-1106023,1106023,Pera,0.0508,0.926444715651,3,9,0.779334146953,1.000000000000
2026-07-15,2026-07-14,ipca-sp-1106027,1106027,Tangerina,0.0668,1.000000000000,2,7,1.000000000000,1.000000000000
2026-07-15,2026-07-14,ipca-sp-1106028,1106028,Uva,0.0794,0.945922839470,3,13,0.837768518409,1.000000000000
2026-07-15,2026-07-14,ipca-sp-1106039,1106039,Laranja-pera,0.1045,0.903898475516,4,5,0.799666110184,1.000000000000
2026-07-15,2026-07-14,ipca-sp-1107018,1107018,Carne de porco,0.2853,0.993749392035,4,125,0.985872236786,1.000000000000
2026-07-15,2026-07-14,ipca-sp-1107084,1107084,Contrafilé,0.3951,0.983884337918,4,23,0.925728138501,1.024298797995
2026-07-15,2026-07-14,ipca-sp-1107087,1107087,Chã de dentro,0.2838,1.000000000000,4,15,1.000000000000,1.000000000000
2026-07-15,2026-07-14,ipca-sp-1107088,1107088,Alcatra,0.2158,1.000000000000,4,19,1.000000000000,1.000000000000
2026-07-15,2026-07-14,ipca-sp-1107089,1107089,Patinho,0.2286,1.000000000000,4,14,1.000000000000,1.000000000000
2026-07-15,2026-07-14,ipca-sp-1107091,1107091,Lagarto comum,0.1077,0.945522274439,3,8,0.836566823317,1.000000000000
2026-07-15,2026-07-14,ipca-sp-1107093,1107093,Músculo,0.1026,1.000000000000,4,10,1.000000000000,1.000000000000
2026-07-15,2026-07-14,ipca-sp-1107094,1107094,Pá,0.1231,0.974806949807,4,4,0.899227799228,1.000000000000
2026-07-15,2026-07-14,ipca-sp-1107095,1107095,Acém,0.2571,0.976636586938,4,12,0.906546347753,1.000000000000
2026-07-15,2026-07-14,ipca-sp-1107099,1107099,Costela,0.1690,1.000000000000,4,14,1.000000000000,1.000000000000
2026-07-15,2026-07-14,ipca-sp-1108031,1108031,Peixe-merluza,0.0279,1.000000000000,4,7,1.000000000000,1.000000000000
2026-07-15,2026-07-14,ipca-sp-1108038,1108038,Peixe-pescada,0.0212,1.000000000000,2,4,1.000000000000,1.000000000000
2026-07-15,2026-07-14,ipca-sp-1108075,1108075,Peixe-salmão,0.0250,0.956429977552,4,46,0.853581427053,1.000000000000
2026-07-15,2026-07-14,ipca-sp-1108080,1108080,Peixe-tilápia,0.0366,0.999296496431,4,18,0.940861245068,1.056324740657
2026-07-15,2026-07-14,ipca-sp-1109002,1109002,Presunto,0.1054,0.994652820953,4,38,0.978611283813,1.000000000000
2026-07-15,2026-07-14,ipca-sp-1109007,1109007,Salsicha,0.0647,1.000000000000,3,23,1.000000000000,1.000000000000
2026-07-15,2026-07-14,ipca-sp-1109008,1109008,Linguiça,0.3486,0.995997906398,4,127,0.966881334953,1.017110290640
2026-07-15,2026-07-14,ipca-sp-1109010,1109010,Mortadela,0.0677,1.000000000000,4,19,1.000000000000,1.000000000000
2026-07-15,2026-07-14,ipca-sp-1110009,1110009,Frango inteiro,0.1331,1.000000000000,4,10,1.000000000000,1.000000000000
2026-07-15,2026-07-14,ipca-sp-1110010,1110010,Frango em pedaços,0.5283,0.996362447274,4,196,0.990331284993,1.000000000000
2026-07-15,2026-07-14,ipca-sp-1110044,1110044,Ovo de galinha,0.1964,0.988674240715,4,30,0.954696962860,1.000000000000
2026-07-15,2026-07-14,ipca-sp-1111004,1111004,Leite longa vida,0.6890,0.995579534168,4,72,0.988697867446,1.000000000000
2026-07-15,2026-07-14,ipca-sp-1111009,1111009,Leite em pó,0.0872,0.992508145688,4,28,0.908758563313,1.061274019439
2026-07-15,2026-07-14,ipca-sp-1111011,1111011,Queijo,0.5234,1.001555351415,4,424,1.000000000000,1.004736035553
2026-07-15,2026-07-14,ipca-sp-1111019,1111019,Iogurte e bebidas lácteas,0.1360,1.002175855349,4,467,0.997792225398,1.007199923644
2026-07-15,2026-07-14,ipca-sp-1111021,1111021,Requeijão,0.0940,0.999719328642,4,79,0.998877314568,1.000000000000
2026-07-15,2026-07-14,ipca-sp-1112003,1112003,Biscoito,0.3388,1.002708902068,4,442,0.994055125322,1.017070118939
2026-07-15,2026-07-14,ipca-sp-1112015,1112015,Pão francês,0.6914,1.000000000000,3,13,1.000000000000,1.000000000000
2026-07-15,2026-07-14,ipca-sp-1112017,1112017,Pão doce,0.1150,1.000000000000,3,17,1.000000000000,1.000000000000
2026-07-15,2026-07-14,ipca-sp-1112018,1112018,Pão de forma,0.1192,0.999408270129,4,159,0.997633080516,1.000000000000
2026-07-15,2026-07-14,ipca-sp-1112019,1112019,Bolo,0.1366,0.998790676536,4,223,0.996918978333,1.000000000000
2026-07-15,2026-07-14,ipca-sp-1113013,1113013,Óleo de soja,0.1378,1.000000000000,3,8,1.000000000000,1.000000000000
2026-07-15,2026-07-14,ipca-sp-1113014,1113014,Azeite de oliva,0.0842,0.990640187815,4,39,0.977459391714,1.000000000000
2026-07-15,2026-07-14,ipca-sp-1113040,1113040,Margarina,0.0752,0.997630292814,4,36,0.990521171256,1.000000000000
2026-07-15,2026-07-14,ipca-sp-1114001,1114001,Suco de frutas,0.1426,1.000816694731,4,180,0.998186341049,1.005080437876
2026-07-15,2026-07-14,ipca-sp-1114022,1114022,Café moído,0.2619,0.992133244331,4,134,0.969783505332,1.000000000000
2026-07-15,2026-07-14,ipca-sp-1114083,1114083,Refrigerante e água mineral,0.5101,0.999295531321,3,254,0.995880825467,1.005568358533
2026-07-15,2026-07-14,ipca-sp-1114084,1114084,Cerveja,0.3936,0.959728584068,3,69,0.879185752205,1.000000000000
2026-07-15,2026-07-14,ipca-sp-1114087,1114087,Vinho,0.0936,1.020962915484,4,415,1.000000000000,1.072245704664
2026-07-15,2026-07-14,ipca-sp-1114090,1114090,Suco em pó,0.0747,1.000000000000,3,42,1.000000000000,1.000000000000
2026-07-15,2026-07-14,ipca-sp-1115016,1115016,Palmito em conserva,0.0396,1.003571604342,4,26,1.000000000000,1.014286417368
2026-07-15,2026-07-14,ipca-sp-1115039,1115039,Sardinha em conserva,0.0271,0.928924979799,4,13,0.790421076657,1.000000000000
2026-07-15,2026-07-14,ipca-sp-1115057,1115057,Azeitona,0.0342,1.000000000000,4,68,1.000000000000,1.000000000000
2026-07-15,2026-07-14,ipca-sp-1115058,1115058,Milho-verde em conserva,0.0172,0.976689976690,4,7,0.906759906760,1.000000000000
2026-07-15,2026-07-14,ipca-sp-1115075,1115075,Atum em conserva,0.0308,0.987940443718,3,28,0.963821331155,1.000000000000
2026-07-15,2026-07-14,ipca-sp-1116005,1116005,Atomatado,0.1151,0.998672756690,4,93,0.996052028289,1.000000000000
2026-07-15,2026-07-14,ipca-sp-1116010,1116010,Alho,0.0970,1.001323331826,4,26,1.000000000000,1.005293327303
2026-07-15,2026-07-14,ipca-sp-1116033,1116033,Maionese,0.0481,1.012687865256,4,37,1.000000000000,1.043541499937
2026-07-15,2026-07-14,ipca-sp-1116041,1116041,Vinagre,0.0221,1.000000000000,4,36,1.000000000000,1.000000000000
2026-07-15,2026-07-14,ipca-sp-1116071,1116071,Tempero misto,0.0696,0.995132526702,4,71,0.980530106806,1.000000000000
2026-07-16,2026-07-15,ipca-sp-1101002,1101002,Arroz,0.4030,1.005425424977,3,55,1.000000000000,1.012879500631
2026-07-16,2026-07-15,ipca-sp-1101073,1101073,Feijão-carioca (rajado),0.1876,0.986559697373,1,4,0.986559697373,0.986559697373
2026-07-16,2026-07-15,ipca-sp-1102006,1102006,Macarrão,0.1112,1.000000000000,3,82,1.000000000000,1.000000000000
2026-07-16,2026-07-15,ipca-sp-1102012,1102012,Farinha de trigo,0.0431,1.000000000000,2,7,1.000000000000,1.000000000000
2026-07-16,2026-07-15,ipca-sp-1102023,1102023,Farinha de mandioca,0.0320,1.000000000000,2,5,1.000000000000,1.000000000000
2026-07-16,2026-07-15,ipca-sp-1102029,1102029,Massa semipreparada,0.1189,1.000491344996,3,128,1.000000000000,1.001474034989
2026-07-16,2026-07-15,ipca-sp-1102061,1102061,Macarrão instantâneo,0.0404,1.000000000000,3,35,1.000000000000,1.000000000000
2026-07-16,2026-07-15,ipca-sp-1103002,1103002,Batata-doce,0.0267,1.000000000000,2,4,1.000000000000,1.000000000000
2026-07-16,2026-07-15,ipca-sp-1103003,1103003,Batata-inglesa,0.1234,1.000000000000,3,21,1.000000000000,1.000000000000
2026-07-16,2026-07-15,ipca-sp-1103020,1103020,Abobrinha,0.0191,0.938775439283,3,5,0.816326317850,1.000000000000
2026-07-16,2026-07-15,ipca-sp-1103026,1103026,Pimentão,0.0368,1.000000000000,3,10,1.000000000000,1.000000000000
2026-07-16,2026-07-15,ipca-sp-1103028,1103028,Tomate,0.1791,1.003918700045,3,11,1.000000000000,1.011756100135
2026-07-16,2026-07-15,ipca-sp-1103043,1103043,Cebola,0.0906,1.000000000000,2,11,1.000000000000,1.000000000000
2026-07-16,2026-07-15,ipca-sp-1103044,1103044,Cenoura,0.0363,1.000000000000,2,3,1.000000000000,1.000000000000
2026-07-16,2026-07-15,ipca-sp-1104003,1104003,Açúcar refinado,0.1100,1.016735823638,3,5,1.000000000000,1.050207470914
2026-07-16,2026-07-15,ipca-sp-1104023,1104023,Chocolate em barra e bombom,0.2557,0.995735406018,3,202,0.981414520619,1.005791697437
2026-07-16,2026-07-15,ipca-sp-1104032,1104032,Sorvete,0.1665,1.000482169189,3,217,0.988742821979,1.006975854056
2026-07-16,2026-07-15,ipca-sp-1104052,1104052,Chocolate e achocolatado em pó,0.1191,1.071844018997,3,30,1.000000000000,1.210396136630
2026-07-16,2026-07-15,ipca-sp-1105001,1105001,Alface,0.0965,1.000000000000,2,8,1.000000000000,1.000000000000
2026-07-16,2026-07-15,ipca-sp-1105005,1105005,Couve,0.0271,1.000000000000,1,1,1.000000000000,1.000000000000
2026-07-16,2026-07-15,ipca-sp-1105010,1105010,Repolho,0.0163,1.000000000000,2,4,1.000000000000,1.000000000000
2026-07-16,2026-07-15,ipca-sp-1105012,1105012,Cheiro-verde,0.0326,1.000000000000,1,2,1.000000000000,1.000000000000
2026-07-16,2026-07-15,ipca-sp-1105019,1105019,Brócolis,0.0306,1.000000000000,3,10,1.000000000000,1.000000000000
2026-07-16,2026-07-15,ipca-sp-1106005,1106005,Banana-d'água,0.1481,1.000000000000,2,2,1.000000000000,1.000000000000
2026-07-16,2026-07-15,ipca-sp-1106008,1106008,Banana-prata,0.0843,1.000000000000,2,2,1.000000000000,1.000000000000
2026-07-16,2026-07-15,ipca-sp-1106015,1106015,Limão,0.0565,0.932831789955,2,4,0.865663579911,1.000000000000
2026-07-16,2026-07-15,ipca-sp-1106017,1106017,Maçã,0.1217,1.000000000000,2,12,1.000000000000,1.000000000000
2026-07-16,2026-07-15,ipca-sp-1106018,1106018,Mamão,0.0900,1.000000000000,3,11,1.000000000000,1.000000000000
2026-07-16,2026-07-15,ipca-sp-1106019,1106019,Manga,0.0644,1.000000000000,2,8,1.000000000000,1.000000000000
2026-07-16,2026-07-15,ipca-sp-1106023,1106023,Pera,0.0508,0.980727574041,2,8,0.961455148082,1.000000000000
2026-07-16,2026-07-15,ipca-sp-1106027,1106027,Tangerina,0.0668,0.974140671098,2,7,0.948281342197,1.000000000000
2026-07-16,2026-07-15,ipca-sp-1106028,1106028,Uva,0.0794,1.013162566895,3,13,1.000000000000,1.039487700686
2026-07-16,2026-07-15,ipca-sp-1106039,1106039,Laranja-pera,0.1045,1.000000000000,3,4,1.000000000000,1.000000000000
2026-07-16,2026-07-15,ipca-sp-1107018,1107018,Carne de porco,0.2853,0.994356361493,3,107,0.983069084480,1.000000000000
2026-07-16,2026-07-15,ipca-sp-1107084,1107084,Contrafilé,0.3951,0.957806160198,3,19,0.873418480593,1.000000000000
2026-07-16,2026-07-15,ipca-sp-1107087,1107087,Chã de dentro,0.2838,1.000000000000,3,11,1.000000000000,1.000000000000
2026-07-16,2026-07-15,ipca-sp-1107088,1107088,Alcatra,0.2158,1.000000000000,3,17,1.000000000000,1.000000000000
2026-07-16,2026-07-15,ipca-sp-1107089,1107089,Patinho,0.2286,1.000000000000,3,11,1.000000000000,1.000000000000
2026-07-16,2026-07-15,ipca-sp-1107091,1107091,Lagarto comum,0.1077,1.000000000000,2,7,1.000000000000,1.000000000000
2026-07-16,2026-07-15,ipca-sp-1107093,1107093,Músculo,0.1026,1.037471649623,3,9,1.000000000000,1.112414948870
2026-07-16,2026-07-15,ipca-sp-1107094,1107094,Pá,0.1231,1.000000000000,3,3,1.000000000000,1.000000000000
2026-07-16,2026-07-15,ipca-sp-1107095,1107095,Acém,0.2571,0.968848782584,3,9,0.906546347753,1.000000000000
2026-07-16,2026-07-15,ipca-sp-1107099,1107099,Costela,0.1690,0.977064849592,3,12,0.931194548777,1.000000000000
2026-07-16,2026-07-15,ipca-sp-1108031,1108031,Peixe-merluza,0.0279,1.000000000000,3,4,1.000000000000,1.000000000000
2026-07-16,2026-07-15,ipca-sp-1108038,1108038,Peixe-pescada,0.0212,1.000000000000,2,4,1.000000000000,1.000000000000
2026-07-16,2026-07-15,ipca-sp-1108075,1108075,Peixe-salmão,0.0250,1.000000000000,3,41,1.000000000000,1.000000000000
2026-07-16,2026-07-15,ipca-sp-1108080,1108080,Peixe-tilápia,0.0366,1.000000000000,3,14,1.000000000000,1.000000000000
2026-07-16,2026-07-15,ipca-sp-1109002,1109002,Presunto,0.1054,1.000000000000,3,32,1.000000000000,1.000000000000
2026-07-16,2026-07-15,ipca-sp-1109007,1109007,Salsicha,0.0647,1.000000000000,2,18,1.000000000000,1.000000000000
2026-07-16,2026-07-15,ipca-sp-1109008,1109008,Linguiça,0.3486,0.998070821205,3,118,0.994212463614,1.000000000000
2026-07-16,2026-07-15,ipca-sp-1109010,1109010,Mortadela,0.0677,1.000000000000,3,16,1.000000000000,1.000000000000
2026-07-16,2026-07-15,ipca-sp-1110009,1110009,Frango inteiro,0.1331,1.000000000000,3,9,1.000000000000,1.000000000000
2026-07-16,2026-07-15,ipca-sp-1110010,1110010,Frango em pedaços,0.5283,0.993561071083,3,162,0.990374332636,0.995457682465
2026-07-16,2026-07-15,ipca-sp-1110044,1110044,Ovo de galinha,0.1964,1.000000000000,3,29,1.000000000000,1.000000000000
2026-07-16,2026-07-15,ipca-sp-1111004,1111004,Leite longa vida,0.6890,0.999470294975,3,30,0.998410884925,1.000000000000
2026-07-16,2026-07-15,ipca-sp-1111009,1111009,Leite em pó,0.0872,0.986880383826,3,14,0.960641151478,1.000000000000
2026-07-16,2026-07-15,ipca-sp-1111011,1111011,Queijo,0.5234,1.002342052348,3,382,0.992754306692,1.011948536471
2026-07-16,2026-07-15,ipca-sp-1111019,1111019,Iogurte e bebidas lácteas,0.1360,1.000397632269,3,342,1.000000000000,1.001192896808
2026-07-16,2026-07-15,ipca-sp-1111021,1111021,Requeijão,0.0940,1.000484935317,3,48,0.998594854593,1.002859951357
2026-07-16,2026-07-15,ipca-sp-1112003,1112003,Biscoito,0.3388,1.002076560716,3,322,1.000000000000,1.003385039356
2026-07-16,2026-07-15,ipca-sp-1112015,1112015,Pão francês,0.6914,1.000000000000,2,8,1.000000000000,1.000000000000
2026-07-16,2026-07-15,ipca-sp-1112017,1112017,Pão doce,0.1150,1.000000000000,2,13,1.000000000000,1.000000000000
2026-07-16,2026-07-15,ipca-sp-1112018,1112018,Pão de forma,0.1192,1.000000000000,3,104,1.000000000000,1.000000000000
2026-07-16,2026-07-15,ipca-sp-1112019,1112019,Bolo,0.1366,0.999303439935,3,190,0.997910319805,1.000000000000
2026-07-16,2026-07-15,ipca-sp-1113013,1113013,Óleo de soja,0.1378,0.982980730247,2,4,0.965961460494,1.000000000000
2026-07-16,2026-07-15,ipca-sp-1113014,1113014,Azeite de oliva,0.0842,1.000000000000,3,24,1.000000000000,1.000000000000
2026-07-16,2026-07-15,ipca-sp-1113040,1113040,Margarina,0.0752,1.029748919227,3,19,1.000000000000,1.053613311467
2026-07-16,2026-07-15,ipca-sp-1114001,1114001,Suco de frutas,0.1426,1.000959060024,3,88,1.000000000000,1.001795504846
2026-07-16,2026-07-15,ipca-sp-1114022,1114022,Café moído,0.2619,1.014910766688,3,87,1.000000000000,1.044732300065
2026-07-16,2026-07-15,ipca-sp-1114083,1114083,Refrigerante e água mineral,0.5101,1.008399061217,2,145,1.002114638788,1.014683483646
2026-07-16,2026-07-15,ipca-sp-1114084,1114084,Cerveja,0.3936,0.988676109722,2,31,0.977257047201,1.000095172243
2026-07-16,2026-07-15,ipca-sp-1114087,1114087,Vinho,0.0936,1.002999282716,3,395,1.000000000000,1.008997848147
2026-07-16,2026-07-15,ipca-sp-1114090,1114090,Suco em pó,0.0747,1.000000000000,2,22,1.000000000000,1.000000000000
2026-07-16,2026-07-15,ipca-sp-1115016,1115016,Palmito em conserva,0.0396,1.000000000000,3,22,1.000000000000,1.000000000000
2026-07-16,2026-07-15,ipca-sp-1115039,1115039,Sardinha em conserva,0.0271,1.000000000000,3,7,1.000000000000,1.000000000000
2026-07-16,2026-07-15,ipca-sp-1115057,1115057,Azeitona,0.0342,1.000000000000,3,57,1.000000000000,1.000000000000
2026-07-16,2026-07-15,ipca-sp-1115058,1115058,Milho-verde em conserva,0.0172,1.000000000000,3,3,1.000000000000,1.000000000000
2026-07-16,2026-07-15,ipca-sp-1115075,1115075,Atum em conserva,0.0308,0.995205456009,2,15,0.990410912019,1.000000000000
2026-07-16,2026-07-15,ipca-sp-1116005,1116005,Atomatado,0.1151,1.004240230005,3,59,1.000000000000,1.012720690015
2026-07-16,2026-07-15,ipca-sp-1116010,1116010,Alho,0.0970,1.000000000000,3,23,1.000000000000,1.000000000000
2026-07-16,2026-07-15,ipca-sp-1116033,1116033,Maionese,0.0481,1.000000000000,3,25,1.000000000000,1.000000000000
2026-07-16,2026-07-15,ipca-sp-1116041,1116041,Vinagre,0.0221,1.009945442199,3,29,1.000000000000,1.029836326598
2026-07-16,2026-07-15,ipca-sp-1116071,1116071,Tempero misto,0.0696,1.006618832357,3,56,1.000000000000,1.019856497071
2026-07-17,2026-07-16,ipca-sp-1101002,1101002,Arroz,0.4030,1.030665505932,3,55,1.000000000000,1.083053380367
2026-07-17,2026-07-16,ipca-sp-1101073,1101073,Feijão-carioca (rajado),0.1876,1.000000000000,1,4,1.000000000000,1.000000000000
2026-07-17,2026-07-16,ipca-sp-1102006,1102006,Macarrão,0.1112,1.003147437081,3,82,1.000000000000,1.009442311243
2026-07-17,2026-07-16,ipca-sp-1102012,1102012,Farinha de trigo,0.0431,1.000000000000,2,7,1.000000000000,1.000000000000
2026-07-17,2026-07-16,ipca-sp-1102023,1102023,Farinha de mandioca,0.0320,1.000000000000,2,5,1.000000000000,1.000000000000
2026-07-17,2026-07-16,ipca-sp-1102029,1102029,Massa semipreparada,0.1189,0.999890547292,3,129,0.998182863702,1.001488778173
2026-07-17,2026-07-16,ipca-sp-1102061,1102061,Macarrão instantâneo,0.0404,1.033038230029,3,35,1.000000000000,1.099114690086
2026-07-17,2026-07-16,ipca-sp-1103002,1103002,Batata-doce,0.0267,1.000000000000,2,4,1.000000000000,1.000000000000
2026-07-17,2026-07-16,ipca-sp-1103003,1103003,Batata-inglesa,0.1234,0.981578227610,3,21,0.944734682831,1.000000000000
2026-07-17,2026-07-16,ipca-sp-1103020,1103020,Abobrinha,0.0191,1.075000106426,3,5,1.000000000000,1.225000319277
2026-07-17,2026-07-16,ipca-sp-1103026,1103026,Pimentão,0.0368,1.000000000000,3,10,1.000000000000,1.000000000000
2026-07-17,2026-07-16,ipca-sp-1103028,1103028,Tomate,0.1791,1.000000000000,3,11,1.000000000000,1.000000000000
2026-07-17,2026-07-16,ipca-sp-1103043,1103043,Cebola,0.0906,1.000000000000,2,11,1.000000000000,1.000000000000
2026-07-17,2026-07-16,ipca-sp-1103044,1103044,Cenoura,0.0363,1.000000000000,2,3,1.000000000000,1.000000000000
2026-07-17,2026-07-16,ipca-sp-1104003,1104003,Açúcar refinado,0.1100,1.000000000000,3,5,1.000000000000,1.000000000000
2026-07-17,2026-07-16,ipca-sp-1104023,1104023,Chocolate em barra e bombom,0.2557,1.000959192053,3,202,0.997085878722,1.005791697437
2026-07-17,2026-07-16,ipca-sp-1104032,1104032,Sorvete,0.1665,0.998231592573,3,217,0.995304935280,1.000000000000
2026-07-17,2026-07-16,ipca-sp-1104052,1104052,Chocolate e achocolatado em pó,0.1191,1.002986177863,3,30,1.000000000000,1.008958533590
2026-07-17,2026-07-16,ipca-sp-1105001,1105001,Alface,0.0965,1.000000000000,2,8,1.000000000000,1.000000000000
2026-07-17,2026-07-16,ipca-sp-1105005,1105005,Couve,0.0271,1.000000000000,1,1,1.000000000000,1.000000000000
2026-07-17,2026-07-16,ipca-sp-1105010,1105010,Repolho,0.0163,1.000000000000,2,4,1.000000000000,1.000000000000
2026-07-17,2026-07-16,ipca-sp-1105012,1105012,Cheiro-verde,0.0326,1.000000000000,1,2,1.000000000000,1.000000000000
2026-07-17,2026-07-16,ipca-sp-1105019,1105019,Brócolis,0.0306,1.008099075613,3,10,1.000000000000,1.024297226838
2026-07-17,2026-07-16,ipca-sp-1106005,1106005,Banana-d'água,0.1481,1.000000000000,2,2,1.000000000000,1.000000000000
2026-07-17,2026-07-16,ipca-sp-1106008,1106008,Banana-prata,0.0843,0.972111756665,2,2,0.499284692418,1.444938820912
2026-07-17,2026-07-16,ipca-sp-1106015,1106015,Limão,0.0565,1.077591585927,2,4,1.000000000000,1.155183171854
2026-07-17,2026-07-16,ipca-sp-1106017,1106017,Maçã,0.1217,0.981069048796,2,12,0.962138097591,1.000000000000
2026-07-17,2026-07-16,ipca-sp-1106018,1106018,Mamão,0.0900,1.107727694840,3,11,1.000000000000,1.323183084521
2026-07-17,2026-07-16,ipca-sp-1106019,1106019,Manga,0.0644,1.000000000000,2,8,1.000000000000,1.000000000000
2026-07-17,2026-07-16,ipca-sp-1106023,1106023,Pera,0.0508,1.000000000000,2,8,1.000000000000,1.000000000000
2026-07-17,2026-07-16,ipca-sp-1106027,1106027,Tangerina,0.0668,1.027269680158,2,7,1.000000000000,1.054539360316
2026-07-17,2026-07-16,ipca-sp-1106028,1106028,Uva,0.0794,1.000000000000,3,13,1.000000000000,1.000000000000
2026-07-17,2026-07-16,ipca-sp-1106039,1106039,Laranja-pera,0.1045,1.000000000000,3,4,1.000000000000,1.000000000000
2026-07-17,2026-07-16,ipca-sp-1107018,1107018,Carne de porco,0.2853,0.999936617902,3,107,0.994925178217,1.004884675488
2026-07-17,2026-07-16,ipca-sp-1107084,1107084,Contrafilé,0.3951,1.005259690678,3,19,1.000000000000,1.015779072033
2026-07-17,2026-07-16,ipca-sp-1107087,1107087,Chã de dentro,0.2838,1.000000000000,3,11,1.000000000000,1.000000000000
2026-07-17,2026-07-16,ipca-sp-1107088,1107088,Alcatra,0.2158,1.003248805514,3,17,1.000000000000,1.009746416542
2026-07-17,2026-07-16,ipca-sp-1107089,1107089,Patinho,0.2286,1.010131712259,3,11,1.000000000000,1.030395136778
2026-07-17,2026-07-16,ipca-sp-1107091,1107091,Lagarto comum,0.1077,1.000000000000,2,7,1.000000000000,1.000000000000
2026-07-17,2026-07-16,ipca-sp-1107093,1107093,Músculo,0.1026,1.044262829991,3,9,1.000000000000,1.132788489974
2026-07-17,2026-07-16,ipca-sp-1107094,1107094,Pá,0.1231,1.000000000000,3,3,1.000000000000,1.000000000000
2026-07-17,2026-07-16,ipca-sp-1107095,1107095,Acém,0.2571,1.000000000000,3,9,1.000000000000,1.000000000000
2026-07-17,2026-07-16,ipca-sp-1107099,1107099,Costela,0.1690,1.000000000000,3,12,1.000000000000,1.000000000000
2026-07-17,2026-07-16,ipca-sp-1108031,1108031,Peixe-merluza,0.0279,1.000000000000,3,4,1.000000000000,1.000000000000
2026-07-17,2026-07-16,ipca-sp-1108038,1108038,Peixe-pescada,0.0212,1.000000000000,2,4,1.000000000000,1.000000000000
2026-07-17,2026-07-16,ipca-sp-1108075,1108075,Peixe-salmão,0.0250,0.993697452725,3,42,0.981092358175,1.000000000000
2026-07-17,2026-07-16,ipca-sp-1108080,1108080,Peixe-tilápia,0.0366,0.986559466980,3,14,0.959678400941,1.000000000000
2026-07-17,2026-07-16,ipca-sp-1109002,1109002,Presunto,0.1054,1.000000000000,3,32,1.000000000000,1.000000000000
2026-07-17,2026-07-16,ipca-sp-1109007,1109007,Salsicha,0.0647,1.000000000000,2,18,1.000000000000,1.000000000000
2026-07-17,2026-07-16,ipca-sp-1109008,1109008,Linguiça,0.3486,0.994905911601,3,118,0.980007899188,1.004709835616
2026-07-17,2026-07-16,ipca-sp-1109010,1109010,Mortadela,0.0677,1.000000000000,3,16,1.000000000000,1.000000000000
2026-07-17,2026-07-16,ipca-sp-1110009,1110009,Frango inteiro,0.1331,1.000000000000,3,9,1.000000000000,1.000000000000
2026-07-17,2026-07-16,ipca-sp-1110010,1110010,Frango em pedaços,0.5283,1.001670098624,3,162,0.995236898388,1.009773397483
2026-07-17,2026-07-16,ipca-sp-1110044,1110044,Ovo de galinha,0.1964,0.997589667884,3,29,0.992769003653,1.000000000000
2026-07-17,2026-07-16,ipca-sp-1111004,1111004,Leite longa vida,0.6890,1.006404482387,3,30,1.000000000000,1.019213447161
2026-07-17,2026-07-16,ipca-sp-1111009,1111009,Leite em pó,0.0872,0.998504332987,3,14,0.995512998961,1.000000000000
2026-07-17,2026-07-16,ipca-sp-1111011,1111011,Queijo,0.5234,0.997294913813,3,382,0.989005626089,1.007459376629
2026-07-17,2026-07-16,ipca-sp-1111019,1111019,Iogurte e bebidas lácteas,0.1360,0.995793267037,3,342,0.991566349148,1.002669897176
2026-07-17,2026-07-16,ipca-sp-1111021,1111021,Requeijão,0.0940,0.994940658644,3,48,0.990167731197,1.000000000000
2026-07-17,2026-07-16,ipca-sp-1112003,1112003,Biscoito,0.3388,1.003953037886,3,322,1.001425063651,1.007691008374
2026-07-17,2026-07-16,ipca-sp-1112015,1112015,Pão francês,0.6914,1.000000000000,2,8,1.000000000000,1.000000000000
2026-07-17,2026-07-16,ipca-sp-1112017,1112017,Pão doce,0.1150,0.993453854383,2,14,0.986907708766,1.000000000000
2026-07-17,2026-07-16,ipca-sp-1112018,1112018,Pão de forma,0.1192,1.000517713522,3,105,0.998184768973,1.003368371592
2026-07-17,2026-07-16,ipca-sp-1112019,1112019,Bolo,0.1366,1.003906477087,3,193,1.000564239894,1.008426530179
2026-07-17,2026-07-16,ipca-sp-1113013,1113013,Óleo de soja,0.1378,1.000000000000,2,4,1.000000000000,1.000000000000
2026-07-17,2026-07-16,ipca-sp-1113014,1113014,Azeite de oliva,0.0842,0.981488074694,3,24,0.944464224082,1.000000000000
2026-07-17,2026-07-16,ipca-sp-1113040,1113040,Margarina,0.0752,0.987743367217,3,19,0.942506441497,1.020723660156
2026-07-17,2026-07-16,ipca-sp-1114001,1114001,Suco de frutas,0.1426,0.996645168835,3,88,0.989935506504,1.000000000000
2026-07-17,2026-07-16,ipca-sp-1114022,1114022,Café moído,0.2619,0.989652838108,3,87,0.960973909142,1.007984605181
2026-07-17,2026-07-16,ipca-sp-1114083,1114083,Refrigerante e água mineral,0.5101,1.002692625743,2,145,0.999333961398,1.006051290087
2026-07-17,2026-07-16,ipca-sp-1114084,1114084,Cerveja,0.3936,0.995448910298,2,32,0.990897820596,1.000000000000
2026-07-17,2026-07-16,ipca-sp-1114087,1114087,Vinho,0.0936,0.971659947492,3,395,0.942082724766,1.000000000000
2026-07-17,2026-07-16,ipca-sp-1114090,1114090,Suco em pó,0.0747,1.000000000000,2,22,1.000000000000,1.000000000000
2026-07-17,2026-07-16,ipca-sp-1115016,1115016,Palmito em conserva,0.0396,0.992712651007,3,22,0.978137953022,1.000000000000
2026-07-17,2026-07-16,ipca-sp-1115039,1115039,Sardinha em conserva,0.0271,1.000000000000,3,7,1.000000000000,1.000000000000
2026-07-17,2026-07-16,ipca-sp-1115057,1115057,Azeitona,0.0342,1.000000000000,3,57,1.000000000000,1.000000000000
2026-07-17,2026-07-16,ipca-sp-1115058,1115058,Milho-verde em conserva,0.0172,1.000000000000,3,3,1.000000000000,1.000000000000
2026-07-17,2026-07-16,ipca-sp-1115075,1115075,Atum em conserva,0.0308,1.000000000000,2,15,1.000000000000,1.000000000000
2026-07-17,2026-07-16,ipca-sp-1116005,1116005,Atomatado,0.1151,0.990645210318,3,59,0.979101222826,1.000000000000
2026-07-17,2026-07-16,ipca-sp-1116010,1116010,Alho,0.0970,1.000000000000,3,23,1.000000000000,1.000000000000
2026-07-17,2026-07-16,ipca-sp-1116033,1116033,Maionese,0.0481,0.989306031909,3,25,0.967918095726,1.000000000000
2026-07-17,2026-07-16,ipca-sp-1116041,1116041,Vinagre,0.0221,0.987589437174,3,29,0.962768311521,1.000000000000
2026-07-17,2026-07-16,ipca-sp-1116071,1116071,Tempero misto,0.0696,1.000000000000,3,56,1.000000000000,1.000000000000
2026-07-18,2026-07-17,ipca-sp-1101002,1101002,Arroz,0.4030,1.005184574291,4,76,1.000000000000,1.013548028849
2026-07-18,2026-07-17,ipca-sp-1101073,1101073,Feijão-carioca (rajado),0.1876,1.049529701237,2,13,1.000000000000,1.099059402475
2026-07-18,2026-07-17,ipca-sp-1102006,1102006,Macarrão,0.1112,1.010352858413,4,128,0.991470211472,1.049941222179
2026-07-18,2026-07-17,ipca-sp-1102012,1102012,Farinha de trigo,0.0431,1.023779739012,3,11,1.000000000000,1.042072472479
2026-07-18,2026-07-17,ipca-sp-1102023,1102023,Farinha de mandioca,0.0320,0.999916520567,3,10,0.999749561702,1.000000000000
2026-07-18,2026-07-17,ipca-sp-1102029,1102029,Massa semipreparada,0.1189,0.994603137791,4,153,0.982989238623,0.999091018728
2026-07-18,2026-07-17,ipca-sp-1102061,1102061,Macarrão instantâneo,0.0404,1.010237039157,4,51,1.000000000000,1.023907568228
2026-07-18,2026-07-17,ipca-sp-1103002,1103002,Batata-doce,0.0267,1.000000000000,3,5,1.000000000000,1.000000000000
2026-07-18,2026-07-17,ipca-sp-1103003,1103003,Batata-inglesa,0.1234,1.011327550322,4,29,1.000000000000,1.045310201289
2026-07-18,2026-07-17,ipca-sp-1103020,1103020,Abobrinha,0.0191,1.000000000000,4,6,1.000000000000,1.000000000000
2026-07-18,2026-07-17,ipca-sp-1103026,1103026,Pimentão,0.0368,1.000000000000,3,10,1.000000000000,1.000000000000
2026-07-18,2026-07-17,ipca-sp-1103028,1103028,Tomate,0.1791,0.993868084919,4,20,0.975472339677,1.000000000000
2026-07-18,2026-07-17,ipca-sp-1103043,1103043,Cebola,0.0906,1.000000000000,3,14,1.000000000000,1.000000000000
2026-07-18,2026-07-17,ipca-sp-1103044,1103044,Cenoura,0.0363,1.000000000000,3,5,1.000000000000,1.000000000000
2026-07-18,2026-07-17,ipca-sp-1104003,1104003,Açúcar refinado,0.1100,1.007615551322,4,12,1.000000000000,1.030462205287
2026-07-18,2026-07-17,ipca-sp-1104023,1104023,Chocolate em barra e bombom,0.2557,0.981879931978,4,270,0.949757658433,1.000000000000
2026-07-18,2026-07-17,ipca-sp-1104032,1104032,Sorvete,0.1665,0.972808593082,4,240,0.901312273537,1.009752769366
2026-07-18,2026-07-17,ipca-sp-1104052,1104052,Chocolate e achocolatado em pó,0.1191,0.984068098243,4,53,0.942304003677,1.000000000000
2026-07-18,2026-07-17,ipca-sp-1105001,1105001,Alface,0.0965,1.000000000000,3,10,1.000000000000,1.000000000000
2026-07-18,2026-07-17,ipca-sp-1105005,1105005,Couve,0.0271,1.063874294781,2,3,1.000000000000,1.127748589562
2026-07-18,2026-07-17,ipca-sp-1105010,1105010,Repolho,0.0163,1.000000000000,2,4,1.000000000000,1.000000000000
2026-07-18,2026-07-17,ipca-sp-1105012,1105012,Cheiro-verde,0.0326,0.953421037973,2,6,0.906842075946,1.000000000000
2026-07-18,2026-07-17,ipca-sp-1105019,1105019,Brócolis,0.0306,1.000000000000,4,18,1.000000000000,1.000000000000
2026-07-18,2026-07-17,ipca-sp-1106005,1106005,Banana-d'água,0.1481,1.000000000000,2,2,1.000000000000,1.000000000000
2026-07-18,2026-07-17,ipca-sp-1106008,1106008,Banana-prata,0.0843,1.334288443171,3,3,1.000000000000,2.002865329513
2026-07-18,2026-07-17,ipca-sp-1106015,1106015,Limão,0.0565,0.999814402337,3,7,0.999443207012,1.000000000000
2026-07-18,2026-07-17,ipca-sp-1106017,1106017,Maçã,0.1217,1.000000000000,3,15,1.000000000000,1.000000000000
2026-07-18,2026-07-17,ipca-sp-1106018,1106018,Mamão,0.0900,1.001683237345,4,13,0.816326317850,1.119591632957
2026-07-18,2026-07-17,ipca-sp-1106019,1106019,Manga,0.0644,0.925788497217,3,10,0.777365491651,1.000000000000
2026-07-18,2026-07-17,ipca-sp-1106023,1106023,Pera,0.0508,1.000000000000,3,9,1.000000000000,1.000000000000
2026-07-18,2026-07-17,ipca-sp-1106027,1106027,Tangerina,0.0668,1.000000000000,3,9,1.000000000000,1.000000000000
2026-07-18,2026-07-17,ipca-sp-1106028,1106028,Uva,0.0794,1.000000000000,4,14,1.000000000000,1.000000000000
2026-07-18,2026-07-17,ipca-sp-1106039,1106039,Laranja-pera,0.1045,1.120073371019,4,5,1.000000000000,1.480293484077
2026-07-18,2026-07-17,ipca-sp-1107018,1107018,Carne de porco,0.2853,0.997525491189,4,126,0.983754627313,1.021756498635
2026-07-18,2026-07-17,ipca-sp-1107084,1107084,Contrafilé,0.3951,0.952612576896,4,23,0.918115996334,1.000000000000
2026-07-18,2026-07-17,ipca-sp-1107087,1107087,Chã de dentro,0.2838,0.999984369627,4,15,0.999937478508,1.000000000000
2026-07-18,2026-07-17,ipca-sp-1107088,1107088,Alcatra,0.2158,0.960446551145,4,20,0.904126098059,1.000000000000
2026-07-18,2026-07-17,ipca-sp-1107089,1107089,Patinho,0.2286,1.030224113361,4,14,1.000000000000,1.088495575221
2026-07-18,2026-07-17,ipca-sp-1107091,1107091,Lagarto comum,0.1077,0.932924389919,3,8,0.798773169756,1.000000000000
2026-07-18,2026-07-17,ipca-sp-1107093,1107093,Músculo,0.1026,1.000000000000,4,10,1.000000000000,1.000000000000
2026-07-18,2026-07-17,ipca-sp-1107094,1107094,Pá,0.1231,1.045191069128,4,4,1.000000000000,1.180764276514
2026-07-18,2026-07-17,ipca-sp-1107095,1107095,Acém,0.2571,1.035844388911,4,12,1.000000000000,1.135501355014
2026-07-18,2026-07-17,ipca-sp-1107099,1107099,Costela,0.1690,0.988247889142,4,14,0.952991556568,1.000000000000
2026-07-18,2026-07-17,ipca-sp-1108031,1108031,Peixe-merluza,0.0279,0.981112722157,4,7,0.924450888630,1.000000000000
2026-07-18,2026-07-17,ipca-sp-1108038,1108038,Peixe-pescada,0.0212,1.000000000000,2,4,1.000000000000,1.000000000000
2026-07-18,2026-07-17,ipca-sp-1108075,1108075,Peixe-salmão,0.0250,1.042733778584,4,47,0.996283995690,1.171534394150
2026-07-18,2026-07-17,ipca-sp-1108080,1108080,Peixe-tilápia,0.0366,0.989322066809,4,19,0.957288267236,1.000000000000
2026-07-18,2026-07-17,ipca-sp-1109002,1109002,Presunto,0.1054,0.998074598273,4,39,0.992298393092,1.000000000000
2026-07-18,2026-07-17,ipca-sp-1109007,1109007,Salsicha,0.0647,0.909448804431,3,24,0.728346413292,1.000000000000
2026-07-18,2026-07-17,ipca-sp-1109008,1109008,Linguiça,0.3486,0.965801825862,4,131,0.867284460970,1.000000000000
2026-07-18,2026-07-17,ipca-sp-1109010,1109010,Mortadela,0.0677,0.996603668505,4,20,0.986414674019,1.000000000000
2026-07-18,2026-07-17,ipca-sp-1110009,1110009,Frango inteiro,0.1331,1.000000000000,4,10,1.000000000000,1.000000000000
2026-07-18,2026-07-17,ipca-sp-1110010,1110010,Frango em pedaços,0.5283,0.995258599263,4,199,0.985511623418,1.006902913445
2026-07-18,2026-07-17,ipca-sp-1110044,1110044,Ovo de galinha,0.1964,1.003360754392,4,31,1.000000000000,1.013443017567
2026-07-18,2026-07-17,ipca-sp-1111004,1111004,Leite longa vida,0.6890,0.993846674713,4,72,0.975386698852,1.000000000000
2026-07-18,2026-07-17,ipca-sp-1111009,1111009,Leite em pó,0.0872,1.000000000000,4,29,1.000000000000,1.000000000000
2026-07-18,2026-07-17,ipca-sp-1111011,1111011,Queijo,0.5234,1.000237697571,4,448,0.995095856474,1.004415861343
2026-07-18,2026-07-17,ipca-sp-1111019,1111019,Iogurte e bebidas lácteas,0.1360,0.999194894425,4,500,0.994987485237,1.003875323455
2026-07-18,2026-07-17,ipca-sp-1111021,1111021,Requeijão,0.0940,0.997541932799,4,89,0.990167731197,1.000000000000
2026-07-18,2026-07-17,ipca-sp-1112003,1112003,Biscoito,0.3388,0.999630350500,4,445,0.982492371117,1.015971428790
2026-07-18,2026-07-17,ipca-sp-1112015,1112015,Pão francês,0.6914,1.000000000000,3,13,1.000000000000,1.000000000000
2026-07-18,2026-07-17,ipca-sp-1112017,1112017,Pão doce,0.1150,1.000000000000,3,18,1.000000000000,1.000000000000
2026-07-18,2026-07-17,ipca-sp-1112018,1112018,Pão de forma,0.1192,1.000987275810,4,169,1.000000000000,1.002573840567
2026-07-18,2026-07-17,ipca-sp-1112019,1112019,Bolo,0.1366,0.999984315724,4,231,0.998927034797,1.001010228097
2026-07-18,2026-07-17,ipca-sp-1113013,1113013,Óleo de soja,0.1378,1.008312780776,3,9,1.000000000000,1.024938342329
2026-07-18,2026-07-17,ipca-sp-1113014,1113014,Azeite de oliva,0.0842,1.012696956815,4,39,0.965548596774,1.085239230484
2026-07-18,2026-07-17,ipca-sp-1113040,1113040,Margarina,0.0752,0.995740666062,4,36,0.982962664250,1.000000000000
2026-07-18,2026-07-17,ipca-sp-1114001,1114001,Suco de frutas,0.1426,1.000000000000,4,180,1.000000000000,1.000000000000
2026-07-18,2026-07-17,ipca-sp-1114022,1114022,Café moído,0.2619,0.996863298167,4,135,0.961105897723,1.053570839847
2026-07-18,2026-07-17,ipca-sp-1114083,1114083,Refrigerante e água mineral,0.5101,1.006636977181,3,257,0.996337931789,1.022513229724
2026-07-18,2026-07-17,ipca-sp-1114084,1114084,Cerveja,0.3936,0.998854633886,3,71,0.985793714058,1.010770187601
2026-07-18,2026-07-17,ipca-sp-1114087,1114087,Vinho,0.0936,0.984474641794,4,415,0.937898567175,1.000000000000
2026-07-18,2026-07-17,ipca-sp-1114090,1114090,Suco em pó,0.0747,1.000000000000,3,42,1.000000000000,1.000000000000
2026-07-18,2026-07-17,ipca-sp-1115016,1115016,Palmito em conserva,0.0396,1.005164852731,4,26,0.978137953022,1.042521457901
2026-07-18,2026-07-17,ipca-sp-1115039,1115039,Sardinha em conserva,0.0271,0.986415670525,4,13,0.945662682100,1.000000000000
2026-07-18,2026-07-17,ipca-sp-1115057,1115057,Azeitona,0.0342,1.007555363298,4,68,1.000000000000,1.030221453192
2026-07-18,2026-07-17,ipca-sp-1115058,1115058,Milho-verde em conserva,0.0172,1.000000000000,4,7,1.000000000000,1.000000000000
2026-07-18,2026-07-17,ipca-sp-1115075,1115075,Atum em conserva,0.0308,1.002250674151,3,28,1.000000000000,1.005023266230
2026-07-18,2026-07-17,ipca-sp-1116005,1116005,Atomatado,0.1151,0.991846991261,4,95,0.974189402501,1.000000000000
2026-07-18,2026-07-17,ipca-sp-1116010,1116010,Alho,0.0970,1.000000000000,4,27,1.000000000000,1.000000000000
2026-07-18,2026-07-17,ipca-sp-1116033,1116033,Maionese,0.0481,1.002570328328,4,39,1.000000000000,1.010281313311
2026-07-18,2026-07-17,ipca-sp-1116041,1116041,Vinagre,0.0221,0.985503105566,4,36,0.942012422263,1.000000000000
2026-07-18,2026-07-17,ipca-sp-1116071,1116071,Tempero misto,0.0696,1.000000000000,4,71,1.000000000000,1.000000000000
2026-07-19,2026-07-18,ipca-sp-1101002,1101002,Arroz,0.4030,1.000000000000,4,76,1.000000000000,1.000000000000
2026-07-19,2026-07-18,ipca-sp-1101073,1101073,Feijão-carioca (rajado),0.1876,1.000000000000,2,13,1.000000000000,1.000000000000
2026-07-19,2026-07-18,ipca-sp-1102006,1102006,Macarrão,0.1112,0.999267915739,4,128,0.997071662956,1.000000000000
2026-07-19,2026-07-18,ipca-sp-1102012,1102012,Farinha de trigo,0.0431,1.000000000000,3,12,1.000000000000,1.000000000000
2026-07-19,2026-07-18,ipca-sp-1102023,1102023,Farinha de mandioca,0.0320,1.000000000000,3,10,1.000000000000,1.000000000000
2026-07-19,2026-07-18,ipca-sp-1102029,1102029,Massa semipreparada,0.1189,0.999712865979,4,147,0.998851463915,1.000000000000
2026-07-19,2026-07-18,ipca-sp-1102061,1102061,Macarrão instantâneo,0.0404,1.000000000000,4,48,1.000000000000,1.000000000000
2026-07-19,2026-07-18,ipca-sp-1103002,1103002,Batata-doce,0.0267,1.000000000000,3,5,1.000000000000,1.000000000000
2026-07-19,2026-07-18,ipca-sp-1103003,1103003,Batata-inglesa,0.1234,1.005649549224,4,26,0.964137752719,1.058460444178
2026-07-19,2026-07-18,ipca-sp-1103020,1103020,Abobrinha,0.0191,1.038750457527,4,6,1.000000000000,1.155001830110
2026-07-19,2026-07-18,ipca-sp-1103026,1103026,Pimentão,0.0368,1.000000000000,4,11,1.000000000000,1.000000000000
2026-07-19,2026-07-18,ipca-sp-1103028,1103028,Tomate,0.1791,1.000000000000,4,20,1.000000000000,1.000000000000
2026-07-19,2026-07-18,ipca-sp-1103043,1103043,Cebola,0.0906,1.000000000000,3,15,1.000000000000,1.000000000000
2026-07-19,2026-07-18,ipca-sp-1103044,1103044,Cenoura,0.0363,1.000000000000,3,5,1.000000000000,1.000000000000
2026-07-19,2026-07-18,ipca-sp-1104003,1104003,Açúcar refinado,0.1100,1.000000000000,4,12,1.000000000000,1.000000000000
2026-07-19,2026-07-18,ipca-sp-1104023,1104023,Chocolate em barra e bombom,0.2557,0.997721449048,4,270,0.994540607056,1.000000000000
2026-07-19,2026-07-18,ipca-sp-1104032,1104032,Sorvete,0.1665,0.996318748922,4,229,0.983654594189,1.001620401499
2026-07-19,2026-07-18,ipca-sp-1104052,1104052,Chocolate e achocolatado em pó,0.1191,1.004511029662,4,50,1.000000000000,1.018044118649
2026-07-19,2026-07-18,ipca-sp-1105001,1105001,Alface,0.0965,1.000000000000,3,14,1.000000000000,1.000000000000
2026-07-19,2026-07-18,ipca-sp-1105005,1105005,Couve,0.0271,1.000000000000,2,3,1.000000000000,1.000000000000
2026-07-19,2026-07-18,ipca-sp-1105010,1105010,Repolho,0.0163,1.086835233373,3,5,1.000000000000,1.260505700118
2026-07-19,2026-07-18,ipca-sp-1105012,1105012,Cheiro-verde,0.0326,1.000000000000,2,6,1.000000000000,1.000000000000
2026-07-19,2026-07-18,ipca-sp-1105019,1105019,Brócolis,0.0306,1.000000000000,4,19,1.000000000000,1.000000000000
2026-07-19,2026-07-18,ipca-sp-1106005,1106005,Banana-d'água,0.1481,1.000000000000,1,1,1.000000000000,1.000000000000
2026-07-19,2026-07-18,ipca-sp-1106008,1106008,Banana-prata,0.0843,1.000000000000,3,3,1.000000000000,1.000000000000
2026-07-19,2026-07-18,ipca-sp-1106015,1106015,Limão,0.0565,1.000000000000,3,7,1.000000000000,1.000000000000
2026-07-19,2026-07-18,ipca-sp-1106017,1106017,Maçã,0.1217,1.000000000000,3,16,1.000000000000,1.000000000000
2026-07-19,2026-07-18,ipca-sp-1106018,1106018,Mamão,0.0900,1.000000000000,4,12,1.000000000000,1.000000000000
2026-07-19,2026-07-18,ipca-sp-1106019,1106019,Manga,0.0644,1.000000000000,3,10,1.000000000000,1.000000000000
2026-07-19,2026-07-18,ipca-sp-1106023,1106023,Pera,0.0508,1.000000000000,3,8,1.000000000000,1.000000000000
2026-07-19,2026-07-18,ipca-sp-1106027,1106027,Tangerina,0.0668,1.000000000000,3,10,1.000000000000,1.000000000000
2026-07-19,2026-07-18,ipca-sp-1106028,1106028,Uva,0.0794,1.048411786199,4,15,1.000000000000,1.193647144797
2026-07-19,2026-07-18,ipca-sp-1106039,1106039,Laranja-pera,0.1045,1.000000000000,3,4,1.000000000000,1.000000000000
2026-07-19,2026-07-18,ipca-sp-1107018,1107018,Carne de porco,0.2853,1.001882652753,4,127,1.000000000000,1.007530611012
2026-07-19,2026-07-18,ipca-sp-1107084,1107084,Contrafilé,0.3951,1.003978483074,4,24,0.992420346468,1.023493585826
2026-07-19,2026-07-18,ipca-sp-1107087,1107087,Chã de dentro,0.2838,1.000000000000,4,15,1.000000000000,1.000000000000
2026-07-19,2026-07-18,ipca-sp-1107088,1107088,Alcatra,0.2158,1.000000000000,4,20,1.000000000000,1.000000000000
2026-07-19,2026-07-18,ipca-sp-1107089,1107089,Patinho,0.2286,1.000000000000,4,16,1.000000000000,1.000000000000
2026-07-19,2026-07-18,ipca-sp-1107091,1107091,Lagarto comum,0.1077,1.000000000000,3,8,1.000000000000,1.000000000000
2026-07-19,2026-07-18,ipca-sp-1107093,1107093,Músculo,0.1026,1.000000000000,4,10,1.000000000000,1.000000000000
2026-07-19,2026-07-18,ipca-sp-1107094,1107094,Pá,0.1231,1.000000000000,4,4,1.000000000000,1.000000000000
2026-07-19,2026-07-18,ipca-sp-1107095,1107095,Acém,0.2571,1.000000000000,4,13,1.000000000000,1.000000000000
2026-07-19,2026-07-18,ipca-sp-1107099,1107099,Costela,0.1690,1.000000000000,4,14,1.000000000000,1.000000000000
2026-07-19,2026-07-18,ipca-sp-1108031,1108031,Peixe-merluza,0.0279,1.000000000000,4,7,1.000000000000,1.000000000000
2026-07-19,2026-07-18,ipca-sp-1108038,1108038,Peixe-pescada,0.0212,1.000000000000,2,4,1.000000000000,1.000000000000
2026-07-19,2026-07-18,ipca-sp-1108075,1108075,Peixe-salmão,0.0250,0.994002411703,4,47,0.976009646812,1.000000000000
2026-07-19,2026-07-18,ipca-sp-1108080,1108080,Peixe-tilápia,0.0366,1.000000000000,4,19,1.000000000000,1.000000000000
2026-07-19,2026-07-18,ipca-sp-1109002,1109002,Presunto,0.1054,1.000000000000,4,39,1.000000000000,1.000000000000
2026-07-19,2026-07-18,ipca-sp-1109007,1109007,Salsicha,0.0647,1.000000000000,3,25,1.000000000000,1.000000000000
2026-07-19,2026-07-18,ipca-sp-1109008,1109008,Linguiça,0.3486,1.000000000000,4,129,1.000000000000,1.000000000000
2026-07-19,2026-07-18,ipca-sp-1109010,1109010,Mortadela,0.0677,0.981316221317,4,20,0.925264885270,1.000000000000
2026-07-19,2026-07-18,ipca-sp-1110009,1110009,Frango inteiro,0.1331,1.000000000000,4,10,1.000000000000,1.000000000000
2026-07-19,2026-07-18,ipca-sp-1110010,1110010,Frango em pedaços,0.5283,1.000364987481,4,201,0.996404943389,1.007405994598
2026-07-19,2026-07-18,ipca-sp-1110044,1110044,Ovo de galinha,0.1964,0.992404290455,4,34,0.969617161819,1.000000000000
2026-07-19,2026-07-18,ipca-sp-1111004,1111004,Leite longa vida,0.6890,0.998789164719,4,71,0.971782712002,1.023373946874
2026-07-19,2026-07-18,ipca-sp-1111009,1111009,Leite em pó,0.0872,1.006024406369,4,29,1.000000000000,1.024097625476
2026-07-19,2026-07-18,ipca-sp-1111011,1111011,Queijo,0.5234,0.994861546321,4,447,0.982229097985,1.000624779706
2026-07-19,2026-07-18,ipca-sp-1111019,1111019,Iogurte e bebidas lácteas,0.1360,0.998747284452,4,488,0.997658503087,1.000000000000
2026-07-19,2026-07-18,ipca-sp-1111021,1111021,Requeijão,0.0940,0.997987475748,4,90,0.991949902991,1.000000000000
2026-07-19,2026-07-18,ipca-sp-1112003,1112003,Biscoito,0.3388,0.998570907867,4,440,0.993094234656,1.001189396813
2026-07-19,2026-07-18,ipca-sp-1112015,1112015,Pão francês,0.6914,1.000000000000,3,12,1.000000000000,1.000000000000
2026-07-19,2026-07-18,ipca-sp-1112017,1112017,Pão doce,0.1150,1.000000000000,3,18,1.000000000000,1.000000000000
2026-07-19,2026-07-18,ipca-sp-1112018,1112018,Pão de forma,0.1192,0.995263773088,4,158,0.990479648207,1.000000000000
2026-07-19,2026-07-18,ipca-sp-1112019,1112019,Bolo,0.1366,1.008364935869,4,226,1.000000000000,1.033459743474
2026-07-19,2026-07-18,ipca-sp-1113013,1113013,Óleo de soja,0.1378,1.000000000000,3,10,1.000000000000,1.000000000000
2026-07-19,2026-07-18,ipca-sp-1113014,1113014,Azeite de oliva,0.0842,0.991681833665,4,38,0.953113074240,1.013614260420
2026-07-19,2026-07-18,ipca-sp-1113040,1113040,Margarina,0.0752,0.995582218650,4,36,0.982328874601,1.000000000000
2026-07-19,2026-07-18,ipca-sp-1114001,1114001,Suco de frutas,0.1426,1.000000000000,4,179,1.000000000000,1.000000000000
2026-07-19,2026-07-18,ipca-sp-1114022,1114022,Café moído,0.2619,1.006503885665,4,129,0.983930697521,1.044732300065
2026-07-19,2026-07-18,ipca-sp-1114083,1114083,Refrigerante e água mineral,0.5101,1.000000000000,3,255,1.000000000000,1.000000000000
2026-07-19,2026-07-18,ipca-sp-1114084,1114084,Cerveja,0.3936,1.047474301171,3,71,1.000000000000,1.116878017972
2026-07-19,2026-07-18,ipca-sp-1114087,1114087,Vinho,0.0936,0.989299522979,4,413,0.957198091918,1.000000000000
2026-07-19,2026-07-18,ipca-sp-1114090,1114090,Suco em pó,0.0747,1.000000000000,3,42,1.000000000000,1.000000000000
2026-07-19,2026-07-18,ipca-sp-1115016,1115016,Palmito em conserva,0.0396,0.988091730013,4,25,0.952366920052,1.000000000000
2026-07-19,2026-07-18,ipca-sp-1115039,1115039,Sardinha em conserva,0.0271,1.071794598094,4,12,1.000000000000,1.265148450025
2026-07-19,2026-07-18,ipca-sp-1115057,1115057,Azeitona,0.0342,1.000000000000,4,68,1.000000000000,1.000000000000
2026-07-19,2026-07-18,ipca-sp-1115058,1115058,Milho-verde em conserva,0.0172,1.000000000000,4,6,1.000000000000,1.000000000000
2026-07-19,2026-07-18,ipca-sp-1115075,1115075,Atum em conserva,0.0308,1.000000000000,3,29,1.000000000000,1.000000000000
2026-07-19,2026-07-18,ipca-sp-1116005,1116005,Atomatado,0.1151,0.996859773346,4,94,0.987439093384,1.000000000000
2026-07-19,2026-07-18,ipca-sp-1116010,1116010,Alho,0.0970,1.000000000000,4,27,1.000000000000,1.000000000000
2026-07-19,2026-07-18,ipca-sp-1116033,1116033,Maionese,0.0481,0.980163239480,4,38,0.920652957919,1.000000000000
2026-07-19,2026-07-18,ipca-sp-1116041,1116041,Vinagre,0.0221,1.000000000000,4,34,1.000000000000,1.000000000000
2026-07-19,2026-07-18,ipca-sp-1116071,1116071,Tempero misto,0.0696,1.037080934994,4,72,1.000000000000,1.148323739975
2026-07-20,2026-07-19,ipca-sp-1101002,1101002,Arroz,0.4030,1.000000000000,4,75,1.000000000000,1.000000000000
2026-07-20,2026-07-19,ipca-sp-1101073,1101073,Feijão-carioca (rajado),0.1876,1.000000000000,2,13,1.000000000000,1.000000000000
2026-07-20,2026-07-19,ipca-sp-1102006,1102006,Macarrão,0.1112,1.002949901139,4,127,1.000000000000,1.011799604558
2026-07-20,2026-07-19,ipca-sp-1102012,1102012,Farinha de trigo,0.0431,1.000000000000,3,12,1.000000000000,1.000000000000
2026-07-20,2026-07-19,ipca-sp-1102023,1102023,Farinha de mandioca,0.0320,1.000000000000,3,10,1.000000000000,1.000000000000
2026-07-20,2026-07-19,ipca-sp-1102029,1102029,Massa semipreparada,0.1189,1.002347018526,4,148,1.000000000000,1.009388074105
2026-07-20,2026-07-19,ipca-sp-1102061,1102061,Macarrão instantâneo,0.0404,1.000000000000,4,48,1.000000000000,1.000000000000
2026-07-20,2026-07-19,ipca-sp-1103002,1103002,Batata-doce,0.0267,1.000000000000,3,5,1.000000000000,1.000000000000
2026-07-20,2026-07-19,ipca-sp-1103003,1103003,Batata-inglesa,0.1234,1.007195923270,4,26,1.000000000000,1.016167304465
2026-07-20,2026-07-19,ipca-sp-1103020,1103020,Abobrinha,0.0191,1.000000000000,4,6,1.000000000000,1.000000000000
2026-07-20,2026-07-19,ipca-sp-1103026,1103026,Pimentão,0.0368,1.000000000000,4,11,1.000000000000,1.000000000000
2026-07-20,2026-07-19,ipca-sp-1103028,1103028,Tomate,0.1791,1.000000000000,4,20,1.000000000000,1.000000000000
2026-07-20,2026-07-19,ipca-sp-1103043,1103043,Cebola,0.0906,1.000000000000,3,15,1.000000000000,1.000000000000
2026-07-20,2026-07-19,ipca-sp-1103044,1103044,Cenoura,0.0363,1.000000000000,3,4,1.000000000000,1.000000000000
2026-07-20,2026-07-19,ipca-sp-1104003,1104003,Açúcar refinado,0.1100,1.000000000000,4,12,1.000000000000,1.000000000000
2026-07-20,2026-07-19,ipca-sp-1104023,1104023,Chocolate em barra e bombom,0.2557,0.995188750164,4,270,0.960128039655,1.025931196733
2026-07-20,2026-07-19,ipca-sp-1104032,1104032,Sorvete,0.1665,1.001274995255,4,226,1.000000000000,1.005099981021
2026-07-20,2026-07-19,ipca-sp-1104052,1104052,Chocolate e achocolatado em pó,0.1191,1.005098217683,4,50,1.000000000000,1.020392870733
2026-07-20,2026-07-19,ipca-sp-1105001,1105001,Alface,0.0965,1.000000000000,3,15,1.000000000000,1.000000000000
2026-07-20,2026-07-19,ipca-sp-1105005,1105005,Couve,0.0271,1.000000000000,2,3,1.000000000000,1.000000000000
2026-07-20,2026-07-19,ipca-sp-1105010,1105010,Repolho,0.0163,1.000000000000,3,5,1.000000000000,1.000000000000
2026-07-20,2026-07-19,ipca-sp-1105012,1105012,Cheiro-verde,0.0326,1.000000000000,2,6,1.000000000000,1.000000000000
2026-07-20,2026-07-19,ipca-sp-1105019,1105019,Brócolis,0.0306,1.000000000000,4,19,1.000000000000,1.000000000000
2026-07-20,2026-07-19,ipca-sp-1106005,1106005,Banana-d'água,0.1481,1.000000000000,1,1,1.000000000000,1.000000000000
2026-07-20,2026-07-19,ipca-sp-1106008,1106008,Banana-prata,0.0843,1.000000000000,3,3,1.000000000000,1.000000000000
2026-07-20,2026-07-19,ipca-sp-1106015,1106015,Limão,0.0565,1.000000000000,3,7,1.000000000000,1.000000000000
2026-07-20,2026-07-19,ipca-sp-1106017,1106017,Maçã,0.1217,1.000000000000,3,16,1.000000000000,1.000000000000
2026-07-20,2026-07-19,ipca-sp-1106018,1106018,Mamão,0.0900,1.000000000000,4,12,1.000000000000,1.000000000000
2026-07-20,2026-07-19,ipca-sp-1106019,1106019,Manga,0.0644,1.095465393795,3,10,1.000000000000,1.286396181384
2026-07-20,2026-07-19,ipca-sp-1106023,1106023,Pera,0.0508,1.000000000000,3,8,1.000000000000,1.000000000000
2026-07-20,2026-07-19,ipca-sp-1106027,1106027,Tangerina,0.0668,1.000000000000,3,10,1.000000000000,1.000000000000
2026-07-20,2026-07-19,ipca-sp-1106028,1106028,Uva,0.0794,1.000000000000,4,15,1.000000000000,1.000000000000
2026-07-20,2026-07-19,ipca-sp-1106039,1106039,Laranja-pera,0.1045,1.000000000000,3,4,1.000000000000,1.000000000000
2026-07-20,2026-07-19,ipca-sp-1107018,1107018,Carne de porco,0.2853,1.002240880756,4,127,0.998528004174,1.010435518850
2026-07-20,2026-07-19,ipca-sp-1107084,1107084,Contrafilé,0.3951,1.007635388709,4,23,1.000000000000,1.030541554836
2026-07-20,2026-07-19,ipca-sp-1107087,1107087,Chã de dentro,0.2838,0.980108485524,4,15,0.920433942098,1.000000000000
2026-07-20,2026-07-19,ipca-sp-1107088,1107088,Alcatra,0.2158,1.000000000000,4,20,1.000000000000,1.000000000000
2026-07-20,2026-07-19,ipca-sp-1107089,1107089,Patinho,0.2286,1.000000000000,4,16,1.000000000000,1.000000000000
2026-07-20,2026-07-19,ipca-sp-1107091,1107091,Lagarto comum,0.1077,1.000000000000,3,8,1.000000000000,1.000000000000
2026-07-20,2026-07-19,ipca-sp-1107093,1107093,Músculo,0.1026,1.000000000000,4,10,1.000000000000,1.000000000000
2026-07-20,2026-07-19,ipca-sp-1107094,1107094,Pá,0.1231,1.000000000000,4,4,1.000000000000,1.000000000000
2026-07-20,2026-07-19,ipca-sp-1107095,1107095,Acém,0.2571,1.014151528638,4,13,1.000000000000,1.035180682464
2026-07-20,2026-07-19,ipca-sp-1107099,1107099,Costela,0.1690,1.000000000000,4,14,1.000000000000,1.000000000000
2026-07-20,2026-07-19,ipca-sp-1108031,1108031,Peixe-merluza,0.0279,1.000000000000,4,7,1.000000000000,1.000000000000
2026-07-20,2026-07-19,ipca-sp-1108038,1108038,Peixe-pescada,0.0212,1.000000000000,2,4,1.000000000000,1.000000000000
2026-07-20,2026-07-19,ipca-sp-1108075,1108075,Peixe-salmão,0.0250,1.004818007619,4,46,1.000000000000,1.019272030475
2026-07-20,2026-07-19,ipca-sp-1108080,1108080,Peixe-tilápia,0.0366,1.000000000000,4,19,1.000000000000,1.000000000000
2026-07-20,2026-07-19,ipca-sp-1109002,1109002,Presunto,0.1054,0.995214263748,4,37,0.980857054990,1.000000000000
2026-07-20,2026-07-19,ipca-sp-1109007,1109007,Salsicha,0.0647,1.000000000000,3,25,1.000000000000,1.000000000000
2026-07-20,2026-07-19,ipca-sp-1109008,1109008,Linguiça,0.3486,1.000000000000,4,128,1.000000000000,1.000000000000
2026-07-20,2026-07-19,ipca-sp-1109010,1109010,Mortadela,0.0677,0.994759749241,4,20,0.979038996965,1.000000000000
2026-07-20,2026-07-19,ipca-sp-1110009,1110009,Frango inteiro,0.1331,1.000000000000,4,9,1.000000000000,1.000000000000
2026-07-20,2026-07-19,ipca-sp-1110010,1110010,Frango em pedaços,0.5283,1.005719953383,4,204,1.000000000000,1.017880678849
2026-07-20,2026-07-19,ipca-sp-1110044,1110044,Ovo de galinha,0.1964,1.007833720198,4,34,1.000000000000,1.031334880793
2026-07-20,2026-07-19,ipca-sp-1111004,1111004,Leite longa vida,0.6890,1.011620671412,4,71,1.000000000000,1.046482685647
2026-07-20,2026-07-19,ipca-sp-1111009,1111009,Leite em pó,0.0872,1.000000000000,4,29,1.000000000000,1.000000000000
2026-07-20,2026-07-19,ipca-sp-1111011,1111011,Queijo,0.5234,1.001546370581,4,444,1.000000000000,1.005606298379
2026-07-20,2026-07-19,ipca-sp-1111019,1111019,Iogurte e bebidas lácteas,0.1360,1.003053512765,4,482,1.001042680919,1.006421972404
2026-07-20,2026-07-19,ipca-sp-1111021,1111021,Requeijão,0.0940,1.001553269941,4,89,1.000000000000,1.006213079764
2026-07-20,2026-07-19,ipca-sp-1112003,1112003,Biscoito,0.3388,0.997239511982,4,437,0.990162937380,1.001624843797
2026-07-20,2026-07-19,ipca-sp-1112015,1112015,Pão francês,0.6914,1.000000000000,3,12,1.000000000000,1.000000000000
2026-07-20,2026-07-19,ipca-sp-1112017,1112017,Pão doce,0.1150,1.000000000000,3,17,1.000000000000,1.000000000000
2026-07-20,2026-07-19,ipca-sp-1112018,1112018,Pão de forma,0.1192,1.005214103266,4,157,0.998686267777,1.022170145285
2026-07-20,2026-07-19,ipca-sp-1112019,1112019,Bolo,0.1366,1.000247471497,4,224,1.000000000000,1.000989885990
2026-07-20,2026-07-19,ipca-sp-1113013,1113013,Óleo de soja,0.1378,1.000000000000,3,10,1.000000000000,1.000000000000
2026-07-20,2026-07-19,ipca-sp-1113014,1113014,Azeite de oliva,0.0842,0.970920450031,4,37,0.920515588962,1.000000000000
2026-07-20,2026-07-19,ipca-sp-1113040,1113040,Margarina,0.0752,1.009483527654,4,37,1.000000000000,1.037934110616
2026-07-20,2026-07-19,ipca-sp-1114001,1114001,Suco de frutas,0.1426,0.999504792761,4,179,0.993943054077,1.004076116969
2026-07-20,2026-07-19,ipca-sp-1114022,1114022,Café moído,0.2619,1.010492743460,4,128,1.000000000000,1.027985406883
2026-07-20,2026-07-19,ipca-sp-1114083,1114083,Refrigerante e água mineral,0.5101,0.997818181044,3,255,0.993454543133,1.000000000000
2026-07-20,2026-07-19,ipca-sp-1114084,1114084,Cerveja,0.3936,0.973302851509,3,71,0.916189785822,1.002847642815
2026-07-20,2026-07-19,ipca-sp-1114087,1114087,Vinho,0.0936,1.018501698655,4,413,1.000000000000,1.049669018726
2026-07-20,2026-07-19,ipca-sp-1114090,1114090,Suco em pó,0.0747,1.000000000000,3,42,1.000000000000,1.000000000000
2026-07-20,2026-07-19,ipca-sp-1115016,1115016,Palmito em conserva,0.0396,1.006294852896,4,25,1.000000000000,1.025179411583
2026-07-20,2026-07-19,ipca-sp-1115039,1115039,Sardinha em conserva,0.0271,1.000000000000,4,12,1.000000000000,1.000000000000
2026-07-20,2026-07-19,ipca-sp-1115057,1115057,Azeitona,0.0342,1.000000000000,4,67,1.000000000000,1.000000000000
2026-07-20,2026-07-19,ipca-sp-1115058,1115058,Milho-verde em conserva,0.0172,1.000000000000,4,6,1.000000000000,1.000000000000
2026-07-20,2026-07-19,ipca-sp-1115075,1115075,Atum em conserva,0.0308,0.991488403027,3,29,0.974465209080,1.000000000000
2026-07-20,2026-07-19,ipca-sp-1116005,1116005,Atomatado,0.1151,1.003566431720,4,94,1.000000000000,1.014265726879
2026-07-20,2026-07-19,ipca-sp-1116010,1116010,Alho,0.0970,1.000000000000,4,27,1.000000000000,1.000000000000
2026-07-20,2026-07-19,ipca-sp-1116033,1116033,Maionese,0.0481,1.003938194306,4,38,1.000000000000,1.015752777224
2026-07-20,2026-07-19,ipca-sp-1116041,1116041,Vinagre,0.0221,1.009086187412,4,32,1.000000000000,1.036344749649
2026-07-20,2026-07-19,ipca-sp-1116071,1116071,Tempero misto,0.0696,1.001601221112,4,72,1.000000000000,1.006404884449
2026-07-21,2026-07-20,ipca-sp-1101002,1101002,Arroz,0.4030,1.000000000000,4,78,1.000000000000,1.000000000000
2026-07-21,2026-07-20,ipca-sp-1101073,1101073,Feijão-carioca (rajado),0.1876,0.987057452196,3,20,0.961172356589,1.000000000000
2026-07-21,2026-07-20,ipca-sp-1102006,1102006,Macarrão,0.1112,1.000000000000,4,148,1.000000000000,1.000000000000
2026-07-21,2026-07-20,ipca-sp-1102012,1102012,Farinha de trigo,0.0431,1.000000000000,3,18,1.000000000000,1.000000000000
2026-07-21,2026-07-20,ipca-sp-1102023,1102023,Farinha de mandioca,0.0320,1.000000000000,3,12,1.000000000000,1.000000000000
2026-07-21,2026-07-20,ipca-sp-1102029,1102029,Massa semipreparada,0.1189,1.004286039910,4,178,1.000000000000,1.010603352908
2026-07-21,2026-07-20,ipca-sp-1102061,1102061,Macarrão instantâneo,0.0404,1.000000000000,4,59,1.000000000000,1.000000000000
2026-07-21,2026-07-20,ipca-sp-1103002,1103002,Batata-doce,0.0267,1.000000000000,3,7,1.000000000000,1.000000000000
2026-07-21,2026-07-20,ipca-sp-1103003,1103003,Batata-inglesa,0.1234,1.000000000000,4,31,1.000000000000,1.000000000000
2026-07-21,2026-07-20,ipca-sp-1103020,1103020,Abobrinha,0.0191,1.000000000000,4,6,1.000000000000,1.000000000000
2026-07-21,2026-07-20,ipca-sp-1103026,1103026,Pimentão,0.0368,1.002641296169,4,14,1.000000000000,1.010565184677
2026-07-21,2026-07-20,ipca-sp-1103028,1103028,Tomate,0.1791,0.993303241890,4,27,0.956602405810,1.016610561749
2026-07-21,2026-07-20,ipca-sp-1103043,1103043,Cebola,0.0906,1.000000000000,4,16,1.000000000000,1.000000000000
2026-07-21,2026-07-20,ipca-sp-1103044,1103044,Cenoura,0.0363,0.982859223891,3,7,0.948577671674,1.000000000000
2026-07-21,2026-07-20,ipca-sp-1104003,1104003,Açúcar refinado,0.1100,0.966427834345,4,13,0.860064585576,1.005646751806
2026-07-21,2026-07-20,ipca-sp-1104023,1104023,Chocolate em barra e bombom,0.2557,1.008483415411,4,288,0.991235088519,1.046583780990
2026-07-21,2026-07-20,ipca-sp-1104032,1104032,Sorvete,0.1665,1.014670239139,4,273,1.000000000000,1.049429940208
2026-07-21,2026-07-20,ipca-sp-1104052,1104052,Chocolate e achocolatado em pó,0.1191,0.999560356242,4,54,0.972498862588,1.025742562378
2026-07-21,2026-07-20,ipca-sp-1105001,1105001,Alface,0.0965,1.000000000000,3,21,1.000000000000,1.000000000000
2026-07-21,2026-07-20,ipca-sp-1105005,1105005,Couve,0.0271,1.000000000000,3,6,1.000000000000,1.000000000000
2026-07-21,2026-07-20,ipca-sp-1105010,1105010,Repolho,0.0163,1.076157000586,3,5,1.000000000000,1.228471001757
2026-07-21,2026-07-20,ipca-sp-1105012,1105012,Cheiro-verde,0.0326,1.000000000000,2,9,1.000000000000,1.000000000000
2026-07-21,2026-07-20,ipca-sp-1105019,1105019,Brócolis,0.0306,0.997557505945,4,20,0.990230023781,1.000000000000
2026-07-21,2026-07-20,ipca-sp-1106005,1106005,Banana-d'água,0.1481,1.000000000000,1,1,1.000000000000,1.000000000000
2026-07-21,2026-07-20,ipca-sp-1106008,1106008,Banana-prata,0.0843,1.000000000000,3,5,1.000000000000,1.000000000000
2026-07-21,2026-07-20,ipca-sp-1106015,1106015,Limão,0.0565,1.000000000000,3,7,1.000000000000,1.000000000000
2026-07-21,2026-07-20,ipca-sp-1106017,1106017,Maçã,0.1217,0.979604738471,3,18,0.938814215414,1.000000000000
2026-07-21,2026-07-20,ipca-sp-1106018,1106018,Mamão,0.0900,1.020947800041,4,14,1.000000000000,1.083791200162
2026-07-21,2026-07-20,ipca-sp-1106019,1106019,Manga,0.0644,0.976105922241,3,11,0.928317766723,1.000000000000
2026-07-21,2026-07-20,ipca-sp-1106023,1106023,Pera,0.0508,1.000000000000,3,10,1.000000000000,1.000000000000
2026-07-21,2026-07-20,ipca-sp-1106027,1106027,Tangerina,0.0668,1.000000000000,3,13,1.000000000000,1.000000000000
2026-07-21,2026-07-20,ipca-sp-1106028,1106028,Uva,0.0794,0.936108344855,3,16,0.826359236519,1.000000000000
2026-07-21,2026-07-20,ipca-sp-1106039,1106039,Laranja-pera,0.1045,1.000000000000,3,6,1.000000000000,1.000000000000
2026-07-21,2026-07-20,ipca-sp-1107018,1107018,Carne de porco,0.2853,1.004818853959,4,147,1.000000000000,1.012627791205
2026-07-21,2026-07-20,ipca-sp-1107084,1107084,Contrafilé,0.3951,1.040669423372,4,23,1.000000000000,1.088868208463
2026-07-21,2026-07-20,ipca-sp-1107087,1107087,Chã de dentro,0.2838,1.000000000000,4,15,1.000000000000,1.000000000000
2026-07-21,2026-07-20,ipca-sp-1107088,1107088,Alcatra,0.2158,1.038529433133,4,21,0.990347659192,1.097285541212
2026-07-21,2026-07-20,ipca-sp-1107089,1107089,Patinho,0.2286,0.995264634636,4,21,0.981058538544,1.000000000000
2026-07-21,2026-07-20,ipca-sp-1107091,1107091,Lagarto comum,0.1077,1.000000000000,3,9,1.000000000000,1.000000000000
2026-07-21,2026-07-20,ipca-sp-1107093,1107093,Músculo,0.1026,1.000000000000,4,10,1.000000000000,1.000000000000
2026-07-21,2026-07-20,ipca-sp-1107094,1107094,Pá,0.1231,1.000000000000,4,4,1.000000000000,1.000000000000
2026-07-21,2026-07-20,ipca-sp-1107095,1107095,Acém,0.2571,1.008795170616,4,13,1.000000000000,1.035180682464
2026-07-21,2026-07-20,ipca-sp-1107099,1107099,Costela,0.1690,1.010757667412,4,15,1.000000000000,1.043030669649
2026-07-21,2026-07-20,ipca-sp-1108031,1108031,Peixe-merluza,0.0279,1.000000000000,4,7,1.000000000000,1.000000000000
2026-07-21,2026-07-20,ipca-sp-1108038,1108038,Peixe-pescada,0.0212,1.000000000000,2,5,1.000000000000,1.000000000000
2026-07-21,2026-07-20,ipca-sp-1108075,1108075,Peixe-salmão,0.0250,1.010534661268,4,47,1.000000000000,1.037920921792
2026-07-21,2026-07-20,ipca-sp-1108080,1108080,Peixe-tilápia,0.0366,1.010401533825,4,21,0.996988715214,1.044617420087
2026-07-21,2026-07-20,ipca-sp-1109002,1109002,Presunto,0.1054,0.998492782065,4,49,0.985241043470,1.008730084789
2026-07-21,2026-07-20,ipca-sp-1109007,1109007,Salsicha,0.0647,1.000000000000,4,36,1.000000000000,1.000000000000
2026-07-21,2026-07-20,ipca-sp-1109008,1109008,Linguiça,0.3486,1.004718998209,4,154,1.000000000000,1.018875992836
2026-07-21,2026-07-20,ipca-sp-1109010,1109010,Mortadela,0.0677,1.022571566226,4,23,1.000000000000,1.080771588677
2026-07-21,2026-07-20,ipca-sp-1110009,1110009,Frango inteiro,0.1331,1.063291139241,4,10,1.000000000000,1.253164556962
2026-07-21,2026-07-20,ipca-sp-1110010,1110010,Frango em pedaços,0.5283,1.002286181999,4,220,0.996564565549,1.015548680217
2026-07-21,2026-07-20,ipca-sp-1110044,1110044,Ovo de galinha,0.1964,1.010941541214,4,47,1.000000000000,1.031334880793
2026-07-21,2026-07-20,ipca-sp-1111004,1111004,Leite longa vida,0.6890,0.999662834128,4,75,0.998651336513,1.000000000000
2026-07-21,2026-07-20,ipca-sp-1111009,1111009,Leite em pó,0.0872,1.000000000000,4,32,1.000000000000,1.000000000000
2026-07-21,2026-07-20,ipca-sp-1111011,1111011,Queijo,0.5234,1.005263966836,4,499,1.000000000000,1.015844658405
2026-07-21,2026-07-20,ipca-sp-1111019,1111019,Iogurte e bebidas lácteas,0.1360,1.003063023328,4,531,1.000000000000,1.007716380930
2026-07-21,2026-07-20,ipca-sp-1111021,1111021,Requeijão,0.0940,1.000000000000,4,99,1.000000000000,1.000000000000
2026-07-21,2026-07-20,ipca-sp-1112003,1112003,Biscoito,0.3388,1.000268924890,4,479,0.984546316842,1.016704571787
2026-07-21,2026-07-20,ipca-sp-1112015,1112015,Pão francês,0.6914,1.000000000000,3,17,1.000000000000,1.000000000000
2026-07-21,2026-07-20,ipca-sp-1112017,1112017,Pão doce,0.1150,1.000000000000,3,26,1.000000000000,1.000000000000
2026-07-21,2026-07-20,ipca-sp-1112018,1112018,Pão de forma,0.1192,1.000665006473,4,159,1.000000000000,1.002660025892
2026-07-21,2026-07-20,ipca-sp-1112019,1112019,Bolo,0.1366,1.001326120051,4,255,1.000000000000,1.005304480203
2026-07-21,2026-07-20,ipca-sp-1113013,1113013,Óleo de soja,0.1378,1.000000000000,3,11,1.000000000000,1.000000000000
2026-07-21,2026-07-20,ipca-sp-1113014,1113014,Azeite de oliva,0.0842,0.986538892491,4,39,0.920986774792,1.025168795173
2026-07-21,2026-07-20,ipca-sp-1113040,1113040,Margarina,0.0752,1.011569146098,4,43,1.000000000000,1.046276584392
2026-07-21,2026-07-20,ipca-sp-1114001,1114001,Suco de frutas,0.1426,1.002693951983,4,226,1.000000000000,1.010775807933
2026-07-21,2026-07-20,ipca-sp-1114022,1114022,Café moído,0.2619,1.013741978337,4,139,1.000000000000,1.032897295033
2026-07-21,2026-07-20,ipca-sp-1114083,1114083,Refrigerante e água mineral,0.5101,0.995080600264,3,321,0.977586657157,1.007655143636
2026-07-21,2026-07-20,ipca-sp-1114084,1114084,Cerveja,0.3936,0.998979311371,3,113,0.989344573343,1.007593360771
2026-07-21,2026-07-20,ipca-sp-1114087,1114087,Vinho,0.0936,1.008675193341,4,557,1.000000000000,1.027866542822
2026-07-21,2026-07-20,ipca-sp-1114090,1114090,Suco em pó,0.0747,1.000000000000,3,62,1.000000000000,1.000000000000
2026-07-21,2026-07-20,ipca-sp-1115016,1115016,Palmito em conserva,0.0396,1.005023328231,4,29,1.000000000000,1.020093312925
2026-07-21,2026-07-20,ipca-sp-1115039,1115039,Sardinha em conserva,0.0271,1.014364878441,4,12,1.000000000000,1.057459513766
2026-07-21,2026-07-20,ipca-sp-1115057,1115057,Azeitona,0.0342,1.000000000000,4,70,1.000000000000,1.000000000000
2026-07-21,2026-07-20,ipca-sp-1115058,1115058,Milho-verde em conserva,0.0172,1.031642623788,4,9,1.000000000000,1.126570495151
2026-07-21,2026-07-20,ipca-sp-1115075,1115075,Atum em conserva,0.0308,0.996820702673,4,32,0.987282810692,1.000000000000
2026-07-21,2026-07-20,ipca-sp-1116005,1116005,Atomatado,0.1151,1.013106882433,4,105,1.000000000000,1.052427529731
2026-07-21,2026-07-20,ipca-sp-1116010,1116010,Alho,0.0970,0.997556362910,4,31,0.990225451639,1.000000000000
2026-07-21,2026-07-20,ipca-sp-1116033,1116033,Maionese,0.0481,0.994334290700,4,44,0.977337162798,1.000000000000
2026-07-21,2026-07-20,ipca-sp-1116041,1116041,Vinagre,0.0221,1.009190162783,4,36,0.992767076350,1.043993574783
2026-07-21,2026-07-20,ipca-sp-1116071,1116071,Tempero misto,0.0696,1.000000000000,4,82,1.000000000000,1.000000000000
2026-07-22,2026-07-21,ipca-sp-1101002,1101002,Arroz,0.4030,0.998820549108,4,78,0.994926624791,1.000372097290
2026-07-22,2026-07-21,ipca-sp-1101073,1101073,Feijão-carioca (rajado),0.1876,1.000000000000,3,20,1.000000000000,1.000000000000
2026-07-22,2026-07-21,ipca-sp-1102006,1102006,Macarrão,0.1112,0.999995814603,4,147,0.999983258414,1.000000000000
2026-07-22,2026-07-21,ipca-sp-1102012,1102012,Farinha de trigo,0.0431,1.000000000000,3,18,1.000000000000,1.000000000000
2026-07-22,2026-07-21,ipca-sp-1102023,1102023,Farinha de mandioca,0.0320,1.000000000000,3,12,1.000000000000,1.000000000000
2026-07-22,2026-07-21,ipca-sp-1102029,1102029,Massa semipreparada,0.1189,1.001219659761,4,173,1.000000000000,1.004878639043
2026-07-22,2026-07-21,ipca-sp-1102061,1102061,Macarrão instantâneo,0.0404,1.000000000000,4,59,1.000000000000,1.000000000000
2026-07-22,2026-07-21,ipca-sp-1103002,1103002,Batata-doce,0.0267,0.926519706079,3,7,0.779559118236,1.000000000000
2026-07-22,2026-07-21,ipca-sp-1103003,1103003,Batata-inglesa,0.1234,0.967093165842,4,30,0.923709752614,1.000000000000
2026-07-22,2026-07-21,ipca-sp-1103020,1103020,Abobrinha,0.0191,1.000000000000,4,6,1.000000000000,1.000000000000
2026-07-22,2026-07-21,ipca-sp-1103026,1103026,Pimentão,0.0368,1.002641296169,4,14,1.000000000000,1.010565184677
2026-07-22,2026-07-21,ipca-sp-1103028,1103028,Tomate,0.1791,0.961170093589,4,26,0.844680374356,1.000000000000
2026-07-22,2026-07-21,ipca-sp-1103043,1103043,Cebola,0.0906,0.992737447361,4,16,0.970949789446,1.000000000000
2026-07-22,2026-07-21,ipca-sp-1103044,1103044,Cenoura,0.0363,0.865662310857,3,7,0.684217551972,1.000000000000
2026-07-22,2026-07-21,ipca-sp-1104003,1104003,Açúcar refinado,0.1100,0.995260525478,4,13,0.981042101913,1.000000000000
2026-07-22,2026-07-21,ipca-sp-1104023,1104023,Chocolate em barra e bombom,0.2557,1.008484431789,4,288,0.983972877113,1.048059623618
2026-07-22,2026-07-21,ipca-sp-1104032,1104032,Sorvete,0.1665,1.014772308768,4,265,1.000000000000,1.045430465261
2026-07-22,2026-07-21,ipca-sp-1104052,1104052,Chocolate e achocolatado em pó,0.1191,0.989396827607,4,54,0.957587310429,1.000000000000
2026-07-22,2026-07-21,ipca-sp-1105001,1105001,Alface,0.0965,1.000000000000,3,21,1.000000000000,1.000000000000
2026-07-22,2026-07-21,ipca-sp-1105005,1105005,Couve,0.0271,1.000000000000,3,6,1.000000000000,1.000000000000
2026-07-22,2026-07-21,ipca-sp-1105010,1105010,Repolho,0.0163,0.969473289928,3,5,0.908419869784,1.000000000000
2026-07-22,2026-07-21,ipca-sp-1105012,1105012,Cheiro-verde,0.0326,1.000000000000,2,10,1.000000000000,1.000000000000
2026-07-22,2026-07-21,ipca-sp-1105019,1105019,Brócolis,0.0306,1.000000000000,4,20,1.000000000000,1.000000000000
2026-07-22,2026-07-21,ipca-sp-1106005,1106005,Banana-d'água,0.1481,1.000000000000,1,1,1.000000000000,1.000000000000
2026-07-22,2026-07-21,ipca-sp-1106008,1106008,Banana-prata,0.0843,1.000000000000,3,5,1.000000000000,1.000000000000
2026-07-22,2026-07-21,ipca-sp-1106015,1106015,Limão,0.0565,1.000000000000,3,7,1.000000000000,1.000000000000
2026-07-22,2026-07-21,ipca-sp-1106017,1106017,Maçã,0.1217,1.002938949149,3,17,0.977457353661,1.031359493787
2026-07-22,2026-07-21,ipca-sp-1106018,1106018,Mamão,0.0900,0.989073161365,4,14,0.956292645459,1.000000000000
2026-07-22,2026-07-21,ipca-sp-1106019,1106019,Manga,0.0644,0.899003152595,3,11,0.777530589544,1.000000000000
2026-07-22,2026-07-21,ipca-sp-1106023,1106023,Pera,0.0508,0.969696969697,3,10,0.909090909091,1.000000000000
2026-07-22,2026-07-21,ipca-sp-1106027,1106027,Tangerina,0.0668,1.000000000000,3,13,1.000000000000,1.000000000000
2026-07-22,2026-07-21,ipca-sp-1106028,1106028,Uva,0.0794,0.984487529749,3,15,0.953462589246,1.000000000000
2026-07-22,2026-07-21,ipca-sp-1106039,1106039,Laranja-pera,0.1045,1.000000000000,3,6,1.000000000000,1.000000000000
2026-07-22,2026-07-21,ipca-sp-1107018,1107018,Carne de porco,0.2853,0.982590371241,4,145,0.961193101534,0.996595093956
2026-07-22,2026-07-21,ipca-sp-1107084,1107084,Contrafilé,0.3951,1.018393937765,4,24,1.000000000000,1.047828598574
2026-07-22,2026-07-21,ipca-sp-1107087,1107087,Chã de dentro,0.2838,0.986556612410,4,15,0.946226449642,1.000000000000
2026-07-22,2026-07-21,ipca-sp-1107088,1107088,Alcatra,0.2158,1.000000000000,4,21,1.000000000000,1.000000000000
2026-07-22,2026-07-21,ipca-sp-1107089,1107089,Patinho,0.2286,1.000000000000,4,22,1.000000000000,1.000000000000
2026-07-22,2026-07-21,ipca-sp-1107091,1107091,Lagarto comum,0.1077,1.000000000000,3,9,1.000000000000,1.000000000000
2026-07-22,2026-07-21,ipca-sp-1107093,1107093,Músculo,0.1026,1.000000000000,4,10,1.000000000000,1.000000000000
2026-07-22,2026-07-21,ipca-sp-1107094,1107094,Pá,0.1231,1.000000000000,4,4,1.000000000000,1.000000000000
2026-07-22,2026-07-21,ipca-sp-1107095,1107095,Acém,0.2571,1.000000000000,4,13,1.000000000000,1.000000000000
2026-07-22,2026-07-21,ipca-sp-1107099,1107099,Costela,0.1690,1.018472362009,4,15,1.000000000000,1.073889448036
2026-07-22,2026-07-21,ipca-sp-1108031,1108031,Peixe-merluza,0.0279,1.000000000000,4,7,1.000000000000,1.000000000000
2026-07-22,2026-07-21,ipca-sp-1108038,1108038,Peixe-pescada,0.0212,1.000000000000,2,5,1.000000000000,1.000000000000
2026-07-22,2026-07-21,ipca-sp-1108075,1108075,Peixe-salmão,0.0250,1.008903611507,4,46,1.000000000000,1.035614446026
2026-07-22,2026-07-21,ipca-sp-1108080,1108080,Peixe-tilápia,0.0366,0.994349863716,4,21,0.977399454864,1.000000000000
2026-07-22,2026-07-21,ipca-sp-1109002,1109002,Presunto,0.1054,1.000000000000,4,48,1.000000000000,1.000000000000
2026-07-22,2026-07-21,ipca-sp-1109007,1109007,Salsicha,0.0647,1.000000000000,4,35,1.000000000000,1.000000000000
2026-07-22,2026-07-21,ipca-sp-1109008,1109008,Linguiça,0.3486,1.000000000000,4,152,1.000000000000,1.000000000000
2026-07-22,2026-07-21,ipca-sp-1109010,1109010,Mortadela,0.0677,1.000000000000,4,22,1.000000000000,1.000000000000
2026-07-22,2026-07-21,ipca-sp-1110009,1110009,Frango inteiro,0.1331,1.000000000000,4,10,1.000000000000,1.000000000000
2026-07-22,2026-07-21,ipca-sp-1110010,1110010,Frango em pedaços,0.5283,0.995791951380,4,220,0.992245345921,1.000000000000
2026-07-22,2026-07-21,ipca-sp-1110044,1110044,Ovo de galinha,0.1964,0.955484252207,4,47,0.861922989470,1.000000000000
2026-07-22,2026-07-21,ipca-sp-1111004,1111004,Leite longa vida,0.6890,0.992025807093,4,74,0.981919761701,1.000000000000
2026-07-22,2026-07-21,ipca-sp-1111009,1111009,Leite em pó,0.0872,0.991700565763,4,32,0.952388571765,1.014413691288
2026-07-22,2026-07-21,ipca-sp-1111011,1111011,Queijo,0.5234,0.995513860228,4,496,0.988605529927,1.000993575022
2026-07-22,2026-07-21,ipca-sp-1111019,1111019,Iogurte e bebidas lácteas,0.1360,0.991386161902,4,527,0.975344535238,0.999365508879
2026-07-22,2026-07-21,ipca-sp-1111021,1111021,Requeijão,0.0940,1.002349694420,4,98,0.995676866732,1.007212009265
2026-07-22,2026-07-21,ipca-sp-1112003,1112003,Biscoito,0.3388,0.997344373284,4,484,0.990766755915,1.000000000000
2026-07-22,2026-07-21,ipca-sp-1112015,1112015,Pão francês,0.6914,1.000000000000,3,17,1.000000000000,1.000000000000
2026-07-22,2026-07-21,ipca-sp-1112017,1112017,Pão doce,0.1150,0.988313154994,3,26,0.964939464983,1.000000000000
2026-07-22,2026-07-21,ipca-sp-1112018,1112018,Pão de forma,0.1192,1.002389971829,4,158,0.996959590648,1.011596661033
2026-07-22,2026-07-21,ipca-sp-1112019,1112019,Bolo,0.1366,0.946785377047,4,252,0.788203007549,1.002231302517
2026-07-22,2026-07-21,ipca-sp-1113013,1113013,Óleo de soja,0.1378,0.985535824172,3,10,0.956607472516,1.000000000000
2026-07-22,2026-07-21,ipca-sp-1113014,1113014,Azeite de oliva,0.0842,1.010491812395,4,38,0.993916829695,1.048050419885
2026-07-22,2026-07-21,ipca-sp-1113040,1113040,Margarina,0.0752,1.001817889888,4,43,1.000000000000,1.007271559553
2026-07-22,2026-07-21,ipca-sp-1114001,1114001,Suco de frutas,0.1426,1.002087478314,4,224,1.000000000000,1.008349913256
2026-07-22,2026-07-21,ipca-sp-1114022,1114022,Café moído,0.2619,1.004752139469,4,139,1.000000000000,1.009627647346
2026-07-22,2026-07-21,ipca-sp-1114083,1114083,Refrigerante e água mineral,0.5101,1.005182622799,3,320,1.000000000000,1.015547868398
2026-07-22,2026-07-21,ipca-sp-1114084,1114084,Cerveja,0.3936,1.002477842070,3,113,1.000000000000,1.007433526210
2026-07-22,2026-07-21,ipca-sp-1114087,1114087,Vinho,0.0936,1.008193770112,4,557,1.000000000000,1.017708688512
2026-07-22,2026-07-21,ipca-sp-1114090,1114090,Suco em pó,0.0747,1.000000000000,3,62,1.000000000000,1.000000000000
2026-07-22,2026-07-21,ipca-sp-1115016,1115016,Palmito em conserva,0.0396,1.007766239868,4,28,1.000000000000,1.020884162759
2026-07-22,2026-07-21,ipca-sp-1115039,1115039,Sardinha em conserva,0.0271,1.014364878441,4,12,1.000000000000,1.057459513766
2026-07-22,2026-07-21,ipca-sp-1115057,1115057,Azeitona,0.0342,1.000000000000,4,69,1.000000000000,1.000000000000
2026-07-22,2026-07-21,ipca-sp-1115058,1115058,Milho-verde em conserva,0.0172,1.008290979339,4,9,1.000000000000,1.033163917357
2026-07-22,2026-07-21,ipca-sp-1115075,1115075,Atum em conserva,0.0308,0.976241307961,4,32,0.904965231844,1.000000000000
2026-07-22,2026-07-21,ipca-sp-1116005,1116005,Atomatado,0.1151,1.007793767659,4,105,1.000000000000,1.012526544632
2026-07-22,2026-07-21,ipca-sp-1116010,1116010,Alho,0.0970,0.998587931743,4,31,0.984184010053,1.010167716920
2026-07-22,2026-07-21,ipca-sp-1116033,1116033,Maionese,0.0481,1.006335262387,4,44,1.000000000000,1.025341049547
2026-07-22,2026-07-21,ipca-sp-1116041,1116041,Vinagre,0.0221,1.001821404996,4,36,1.000000000000,1.007285619984
2026-07-22,2026-07-21,ipca-sp-1116071,1116071,Tempero misto,0.0696,1.000000000000,4,80,1.000000000000,1.000000000000
2026-07-23,2026-07-22,ipca-sp-1101002,1101002,Arroz,0.4030,1.004146829881,4,78,1.000000000000,1.016587319523
2026-07-23,2026-07-22,ipca-sp-1101073,1101073,Feijão-carioca (rajado),0.1876,1.004484922076,3,20,1.000000000000,1.013454766227
2026-07-23,2026-07-22,ipca-sp-1102006,1102006,Macarrão,0.1112,0.999180025779,4,148,0.996754330060,1.000000000000
2026-07-23,2026-07-22,ipca-sp-1102012,1102012,Farinha de trigo,0.0431,1.000000000000,3,18,1.000000000000,1.000000000000
2026-07-23,2026-07-22,ipca-sp-1102023,1102023,Farinha de mandioca,0.0320,0.995051198765,3,12,0.985153596294,1.000000000000
2026-07-23,2026-07-22,ipca-sp-1102029,1102029,Massa semipreparada,0.1189,1.000481970347,4,171,0.997311659886,1.004616221502
2026-07-23,2026-07-22,ipca-sp-1102061,1102061,Macarrão instantâneo,0.0404,0.988878437583,4,59,0.966811986748,1.000000000000
2026-07-23,2026-07-22,ipca-sp-1103002,1103002,Batata-doce,0.0267,0.991325554184,3,7,0.973976662553,1.000000000000
2026-07-23,2026-07-22,ipca-sp-1103003,1103003,Batata-inglesa,0.1234,1.004530148472,4,29,1.000000000000,1.018120593890
2026-07-23,2026-07-22,ipca-sp-1103020,1103020,Abobrinha,0.0191,1.000000000000,4,6,1.000000000000,1.000000000000
2026-07-23,2026-07-22,ipca-sp-1103026,1103026,Pimentão,0.0368,0.987131196900,4,13,0.948524787600,1.000000000000
2026-07-23,2026-07-22,ipca-sp-1103028,1103028,Tomate,0.1791,0.997531115469,4,26,0.990124461877,1.000000000000
2026-07-23,2026-07-22,ipca-sp-1103043,1103043,Cebola,0.0906,1.000000000000,4,16,1.000000000000,1.000000000000
2026-07-23,2026-07-22,ipca-sp-1103044,1103044,Cenoura,0.0363,1.000000000000,3,7,1.000000000000,1.000000000000
2026-07-23,2026-07-22,ipca-sp-1104003,1104003,Açúcar refinado,0.1100,1.000000000000,4,13,1.000000000000,1.000000000000
2026-07-23,2026-07-22,ipca-sp-1104023,1104023,Chocolate em barra e bombom,0.2557,0.999278218024,4,289,0.997112872096,1.000000000000
2026-07-23,2026-07-22,ipca-sp-1104032,1104032,Sorvete,0.1665,1.004978827125,4,266,1.000000000000,1.016879576406
2026-07-23,2026-07-22,ipca-sp-1104052,1104052,Chocolate e achocolatado em pó,0.1191,1.000000000000,4,53,1.000000000000,1.000000000000
2026-07-23,2026-07-22,ipca-sp-1105001,1105001,Alface,0.0965,1.000000000000,3,20,1.000000000000,1.000000000000
2026-07-23,2026-07-22,ipca-sp-1105005,1105005,Couve,0.0271,1.000000000000,3,6,1.000000000000,1.000000000000
2026-07-23,2026-07-22,ipca-sp-1105010,1105010,Repolho,0.0163,1.000000000000,3,5,1.000000000000,1.000000000000
2026-07-23,2026-07-22,ipca-sp-1105012,1105012,Cheiro-verde,0.0326,1.000000000000,2,9,1.000000000000,1.000000000000
2026-07-23,2026-07-22,ipca-sp-1105019,1105019,Brócolis,0.0306,0.994906986662,4,19,0.979627946647,1.000000000000
2026-07-23,2026-07-22,ipca-sp-1106005,1106005,Banana-d'água,0.1481,1.000000000000,1,1,1.000000000000,1.000000000000
2026-07-23,2026-07-22,ipca-sp-1106008,1106008,Banana-prata,0.0843,0.814983318168,3,5,0.444949954504,1.000000000000
2026-07-23,2026-07-22,ipca-sp-1106015,1106015,Limão,0.0565,1.000000000000,3,7,1.000000000000,1.000000000000
2026-07-23,2026-07-22,ipca-sp-1106017,1106017,Maçã,0.1217,1.000000000000,3,17,1.000000000000,1.000000000000
2026-07-23,2026-07-22,ipca-sp-1106018,1106018,Mamão,0.0900,0.975956043958,4,14,0.938965816595,1.000000000000
2026-07-23,2026-07-22,ipca-sp-1106019,1106019,Manga,0.0644,1.000000000000,3,12,1.000000000000,1.000000000000
2026-07-23,2026-07-22,ipca-sp-1106023,1106023,Pera,0.0508,1.000000000000,3,10,1.000000000000,1.000000000000
2026-07-23,2026-07-22,ipca-sp-1106027,1106027,Tangerina,0.0668,0.976822032490,3,13,0.930466097470,1.000000000000
2026-07-23,2026-07-22,ipca-sp-1106028,1106028,Uva,0.0794,0.960004621680,3,15,0.880013865039,1.000000000000
2026-07-23,2026-07-22,ipca-sp-1106039,1106039,Laranja-pera,0.1045,1.000000000000,3,6,1.000000000000,1.000000000000
2026-07-23,2026-07-22,ipca-sp-1107018,1107018,Carne de porco,0.2853,0.998383098719,4,143,0.993532394877,1.000000000000
2026-07-23,2026-07-22,ipca-sp-1107084,1107084,Contrafilé,0.3951,1.024629103610,4,24,0.991680564433,1.106835850008
2026-07-23,2026-07-22,ipca-sp-1107087,1107087,Chã de dentro,0.2838,1.000000000000,4,15,1.000000000000,1.000000000000
2026-07-23,2026-07-22,ipca-sp-1107088,1107088,Alcatra,0.2158,1.002436604136,4,19,1.000000000000,1.009746416542
2026-07-23,2026-07-22,ipca-sp-1107089,1107089,Patinho,0.2286,1.004826791856,4,22,1.000000000000,1.019307167424
2026-07-23,2026-07-22,ipca-sp-1107091,1107091,Lagarto comum,0.1077,1.000000000000,3,9,1.000000000000,1.000000000000
2026-07-23,2026-07-22,ipca-sp-1107093,1107093,Músculo,0.1026,1.000000000000,4,10,1.000000000000,1.000000000000
2026-07-23,2026-07-22,ipca-sp-1107094,1107094,Pá,0.1231,1.000000000000,4,4,1.000000000000,1.000000000000
2026-07-23,2026-07-22,ipca-sp-1107095,1107095,Acém,0.2571,1.000000000000,4,13,1.000000000000,1.000000000000
2026-07-23,2026-07-22,ipca-sp-1107099,1107099,Costela,0.1690,1.000000000000,4,15,1.000000000000,1.000000000000
2026-07-23,2026-07-22,ipca-sp-1108031,1108031,Peixe-merluza,0.0279,1.000000000000,4,7,1.000000000000,1.000000000000
2026-07-23,2026-07-22,ipca-sp-1108038,1108038,Peixe-pescada,0.0212,1.000000000000,2,5,1.000000000000,1.000000000000
2026-07-23,2026-07-22,ipca-sp-1108075,1108075,Peixe-salmão,0.0250,1.000000000000,4,47,1.000000000000,1.000000000000
2026-07-23,2026-07-22,ipca-sp-1108080,1108080,Peixe-tilápia,0.0366,1.000000000000,4,20,1.000000000000,1.000000000000
2026-07-23,2026-07-22,ipca-sp-1109002,1109002,Presunto,0.1054,1.003952312533,4,49,1.000000000000,1.008755930515
2026-07-23,2026-07-22,ipca-sp-1109007,1109007,Salsicha,0.0647,0.992031770101,4,35,0.968127080403,1.000000000000
2026-07-23,2026-07-22,ipca-sp-1109008,1109008,Linguiça,0.3486,1.004957930798,4,150,0.994129869688,1.022539693793
2026-07-23,2026-07-22,ipca-sp-1109010,1109010,Mortadela,0.0677,1.000000000000,4,23,1.000000000000,1.000000000000
2026-07-23,2026-07-22,ipca-sp-1110009,1110009,Frango inteiro,0.1331,1.000000000000,3,9,1.000000000000,1.000000000000
2026-07-23,2026-07-22,ipca-sp-1110010,1110010,Frango em pedaços,0.5283,0.999010569319,4,218,0.990976723059,1.005065554219
2026-07-23,2026-07-22,ipca-sp-1110044,1110044,Ovo de galinha,0.1964,0.990339039120,4,47,0.971567586894,1.000000000000
2026-07-23,2026-07-22,ipca-sp-1111004,1111004,Leite longa vida,0.6890,1.004904703552,4,73,1.000000000000,1.014868754439
2026-07-23,2026-07-22,ipca-sp-1111009,1111009,Leite em pó,0.0872,0.981460382829,4,32,0.925841531316,1.000000000000
2026-07-23,2026-07-22,ipca-sp-1111011,1111011,Queijo,0.5234,0.996010618699,4,495,0.988747778002,1.000000000000
2026-07-23,2026-07-22,ipca-sp-1111019,1111019,Iogurte e bebidas lácteas,0.1360,1.004743636705,4,521,0.995174254633,1.023198333591
2026-07-23,2026-07-22,ipca-sp-1111021,1111021,Requeijão,0.0940,1.002360692255,4,100,1.000000000000,1.007212009265
2026-07-23,2026-07-22,ipca-sp-1112003,1112003,Biscoito,0.3388,1.001312235513,4,481,0.995493075759,1.007168925493
2026-07-23,2026-07-22,ipca-sp-1112015,1112015,Pão francês,0.6914,0.918738781764,3,17,0.756216345291,1.000000000000
2026-07-23,2026-07-22,ipca-sp-1112017,1112017,Pão doce,0.1150,0.984270544233,3,26,0.937636208359,1.015175424339
2026-07-23,2026-07-22,ipca-sp-1112018,1112018,Pão de forma,0.1192,1.001467622946,4,171,1.000000000000,1.005870491784
2026-07-23,2026-07-22,ipca-sp-1112019,1112019,Bolo,0.1366,0.988296967705,4,256,0.959845850176,1.000000000000
2026-07-23,2026-07-22,ipca-sp-1113013,1113013,Óleo de soja,0.1378,0.995125393385,3,10,0.985376180154,1.000000000000
2026-07-23,2026-07-22,ipca-sp-1113014,1113014,Azeite de oliva,0.0842,1.002541389613,4,38,1.000000000000,1.010165558454
2026-07-23,2026-07-22,ipca-sp-1113040,1113040,Margarina,0.0752,0.992663345541,4,42,0.970653382164,1.000000000000
2026-07-23,2026-07-22,ipca-sp-1114001,1114001,Suco de frutas,0.1426,0.994999885852,4,226,0.979999543408,1.000000000000
2026-07-23,2026-07-22,ipca-sp-1114022,1114022,Café moído,0.2619,0.992120976248,4,138,0.969157866678,1.000000000000
2026-07-23,2026-07-22,ipca-sp-1114083,1114083,Refrigerante e água mineral,0.5101,0.995373987335,3,318,0.979684691586,1.005279134897
2026-07-23,2026-07-22,ipca-sp-1114084,1114084,Cerveja,0.3936,0.993003338050,3,112,0.979612275656,1.000000000000
2026-07-23,2026-07-22,ipca-sp-1114087,1114087,Vinho,0.0936,0.994339251688,4,555,0.986694077807,1.000000000000
2026-07-23,2026-07-22,ipca-sp-1114090,1114090,Suco em pó,0.0747,1.000000000000,3,62,1.000000000000,1.000000000000
2026-07-23,2026-07-22,ipca-sp-1115016,1115016,Palmito em conserva,0.0396,0.996007649590,4,28,0.984030598359,1.000000000000
2026-07-23,2026-07-22,ipca-sp-1115039,1115039,Sardinha em conserva,0.0271,1.000000000000,4,11,1.000000000000,1.000000000000
2026-07-23,2026-07-22,ipca-sp-1115057,1115057,Azeitona,0.0342,1.000000000000,4,69,1.000000000000,1.000000000000
2026-07-23,2026-07-22,ipca-sp-1115058,1115058,Milho-verde em conserva,0.0172,0.971912433422,4,9,0.887649733687,1.000000000000
2026-07-23,2026-07-22,ipca-sp-1115075,1115075,Atum em conserva,0.0308,1.000000000000,4,32,1.000000000000,1.000000000000
2026-07-23,2026-07-22,ipca-sp-1116005,1116005,Atomatado,0.1151,0.989808798803,4,103,0.959235195211,1.000000000000
2026-07-23,2026-07-22,ipca-sp-1116010,1116010,Alho,0.0970,1.000000000000,4,31,1.000000000000,1.000000000000
2026-07-23,2026-07-22,ipca-sp-1116033,1116033,Maionese,0.0481,0.998373537002,4,43,0.993494148009,1.000000000000
2026-07-23,2026-07-22,ipca-sp-1116041,1116041,Vinagre,0.0221,1.000000000000,4,36,1.000000000000,1.000000000000
2026-07-23,2026-07-22,ipca-sp-1116071,1116071,Tempero misto,0.0696,1.000000000000,4,78,1.000000000000,1.000000000000
2026-07-24,2026-07-23,ipca-sp-1101002,1101002,Arroz,0.4030,1.001791740119,4,78,0.997350870669,1.009816089807
2026-07-24,2026-07-23,ipca-sp-1101073,1101073,Feijão-carioca (rajado),0.1876,0.999250905085,3,20,0.997752715255,1.000000000000
2026-07-24,2026-07-23,ipca-sp-1102006,1102006,Macarrão,0.1112,0.994777967668,4,148,0.980894304414,1.000000000000
2026-07-24,2026-07-23,ipca-sp-1102012,1102012,Farinha de trigo,0.0431,0.978218896153,3,18,0.934656688458,1.000000000000
2026-07-24,2026-07-23,ipca-sp-1102023,1102023,Farinha de mandioca,0.0320,0.998645883969,2,11,0.997291767938,1.000000000000
2026-07-24,2026-07-23,ipca-sp-1102029,1102029,Massa semipreparada,0.1189,0.995249017690,4,172,0.988389357172,1.000000000000
2026-07-24,2026-07-23,ipca-sp-1102061,1102061,Macarrão instantâneo,0.0404,1.000430466750,4,59,0.942068362932,1.059653504070
2026-07-24,2026-07-23,ipca-sp-1103002,1103002,Batata-doce,0.0267,1.000000000000,3,7,1.000000000000,1.000000000000
2026-07-24,2026-07-23,ipca-sp-1103003,1103003,Batata-inglesa,0.1234,0.998788360632,4,29,0.995153442530,1.000000000000
2026-07-24,2026-07-23,ipca-sp-1103020,1103020,Abobrinha,0.0191,0.922648116571,4,6,0.749608763693,1.000000000000
2026-07-24,2026-07-23,ipca-sp-1103026,1103026,Pimentão,0.0368,1.000000000000,4,13,1.000000000000,1.000000000000
2026-07-24,2026-07-23,ipca-sp-1103028,1103028,Tomate,0.1791,0.994345916992,4,26,0.977383667968,1.000000000000
2026-07-24,2026-07-23,ipca-sp-1103043,1103043,Cebola,0.0906,0.954124145232,4,15,0.816496580928,1.000000000000
2026-07-24,2026-07-23,ipca-sp-1103044,1103044,Cenoura,0.0363,1.000000000000,3,7,1.000000000000,1.000000000000
2026-07-24,2026-07-23,ipca-sp-1104003,1104003,Açúcar refinado,0.1100,0.989231073374,4,13,0.933489200270,1.023435093225
2026-07-24,2026-07-23,ipca-sp-1104023,1104023,Chocolate em barra e bombom,0.2557,0.966920431128,4,287,0.904856034107,1.000000000000
2026-07-24,2026-07-23,ipca-sp-1104032,1104032,Sorvete,0.1665,0.998957963743,4,269,0.950387142553,1.063498838578
2026-07-24,2026-07-23,ipca-sp-1104052,1104052,Chocolate e achocolatado em pó,0.1191,1.008828043078,4,53,0.973040735516,1.044291198420
2026-07-24,2026-07-23,ipca-sp-1105001,1105001,Alface,0.0965,1.000000000000,3,20,1.000000000000,1.000000000000
2026-07-24,2026-07-23,ipca-sp-1105005,1105005,Couve,0.0271,1.000000000000,3,6,1.000000000000,1.000000000000
2026-07-24,2026-07-23,ipca-sp-1105010,1105010,Repolho,0.0163,1.000000000000,2,4,1.000000000000,1.000000000000
2026-07-24,2026-07-23,ipca-sp-1105012,1105012,Cheiro-verde,0.0326,1.000000000000,2,9,1.000000000000,1.000000000000
2026-07-24,2026-07-23,ipca-sp-1105019,1105019,Brócolis,0.0306,0.989263334484,4,19,0.957053337937,1.000000000000
2026-07-24,2026-07-23,ipca-sp-1106005,1106005,Banana-d'água,0.1481,1.000000000000,1,1,1.000000000000,1.000000000000
2026-07-24,2026-07-23,ipca-sp-1106008,1106008,Banana-prata,0.0843,1.000000000000,3,5,1.000000000000,1.000000000000
2026-07-24,2026-07-23,ipca-sp-1106015,1106015,Limão,0.0565,1.000000000000,3,7,1.000000000000,1.000000000000
2026-07-24,2026-07-23,ipca-sp-1106017,1106017,Maçã,0.1217,1.001776342447,3,17,0.969594022283,1.035735005060
2026-07-24,2026-07-23,ipca-sp-1106018,1106018,Mamão,0.0900,1.003051544108,4,15,1.000000000000,1.012206176433
2026-07-24,2026-07-23,ipca-sp-1106019,1106019,Manga,0.0644,1.029190858192,3,12,1.000000000000,1.087572574575
2026-07-24,2026-07-23,ipca-sp-1106023,1106023,Pera,0.0508,1.000000000000,3,10,1.000000000000,1.000000000000
2026-07-24,2026-07-23,ipca-sp-1106027,1106027,Tangerina,0.0668,1.000000000000,3,13,1.000000000000,1.000000000000
2026-07-24,2026-07-23,ipca-sp-1106028,1106028,Uva,0.0794,1.000000000000,3,15,1.000000000000,1.000000000000
2026-07-24,2026-07-23,ipca-sp-1106039,1106039,Laranja-pera,0.1045,0.940637815942,3,6,0.821913447827,1.000000000000
2026-07-24,2026-07-23,ipca-sp-1107018,1107018,Carne de porco,0.2853,0.996946420145,4,142,0.940516926081,1.047268754498
2026-07-24,2026-07-23,ipca-sp-1107084,1107084,Contrafilé,0.3951,0.994640691416,4,24,0.984618687720,1.000000000000
2026-07-24,2026-07-23,ipca-sp-1107087,1107087,Chã de dentro,0.2838,1.000000000000,4,15,1.000000000000,1.000000000000
2026-07-24,2026-07-23,ipca-sp-1107088,1107088,Alcatra,0.2158,0.971029927658,4,19,0.884119710632,1.000000000000
2026-07-24,2026-07-23,ipca-sp-1107089,1107089,Patinho,0.2286,1.000000000000,4,22,1.000000000000,1.000000000000
2026-07-24,2026-07-23,ipca-sp-1107091,1107091,Lagarto comum,0.1077,0.983956191881,3,9,0.951868575643,1.000000000000
2026-07-24,2026-07-23,ipca-sp-1107093,1107093,Músculo,0.1026,1.000000000000,4,10,1.000000000000,1.000000000000
2026-07-24,2026-07-23,ipca-sp-1107094,1107094,Pá,0.1231,1.000000000000,4,4,1.000000000000,1.000000000000
2026-07-24,2026-07-23,ipca-sp-1107095,1107095,Acém,0.2571,0.979238810225,4,13,0.930789831524,1.000000000000
2026-07-24,2026-07-23,ipca-sp-1107099,1107099,Costela,0.1690,0.988463712465,4,15,0.953854849861,1.000000000000
2026-07-24,2026-07-23,ipca-sp-1108031,1108031,Peixe-merluza,0.0279,1.022229816020,4,7,1.000000000000,1.088919264080
2026-07-24,2026-07-23,ipca-sp-1108038,1108038,Peixe-pescada,0.0212,1.000000000000,2,5,1.000000000000,1.000000000000
2026-07-24,2026-07-23,ipca-sp-1108075,1108075,Peixe-salmão,0.0250,0.990343679448,4,47,0.961374717792,1.000000000000
2026-07-24,2026-07-23,ipca-sp-1108080,1108080,Peixe-tilápia,0.0366,0.986724620409,4,20,0.946898481635,1.000000000000
2026-07-24,2026-07-23,ipca-sp-1109002,1109002,Presunto,0.1054,0.992014324016,4,49,0.968057296062,1.000000000000
2026-07-24,2026-07-23,ipca-sp-1109007,1109007,Salsicha,0.0647,1.020418482281,4,35,1.000000000000,1.058911538719
2026-07-24,2026-07-23,ipca-sp-1109008,1109008,Linguiça,0.3486,0.998081988171,4,149,0.995480144661,1.000000000000
2026-07-24,2026-07-23,ipca-sp-1109010,1109010,Mortadela,0.0677,0.957313622693,4,23,0.913414605903,1.000000000000
2026-07-24,2026-07-23,ipca-sp-1110009,1110009,Frango inteiro,0.1331,0.932659932660,3,9,0.797979797980,1.000000000000
2026-07-24,2026-07-23,ipca-sp-1110010,1110010,Frango em pedaços,0.5283,1.011113522528,4,218,0.998236240274,1.028126383527
2026-07-24,2026-07-23,ipca-sp-1110044,1110044,Ovo de galinha,0.1964,1.010530828596,4,47,0.990897387647,1.030361624669
2026-07-24,2026-07-23,ipca-sp-1111004,1111004,Leite longa vida,0.6890,1.010720861219,4,73,0.995700112573,1.036794787635
2026-07-24,2026-07-23,ipca-sp-1111009,1111009,Leite em pó,0.0872,1.038192714563,4,32,1.000000000000,1.055811933874
2026-07-24,2026-07-23,ipca-sp-1111011,1111011,Queijo,0.5234,0.996209150372,4,495,0.993076633352,1.000000000000
2026-07-24,2026-07-23,ipca-sp-1111019,1111019,Iogurte e bebidas lácteas,0.1360,1.005417306442,4,529,0.981810339890,1.034537625645
2026-07-24,2026-07-23,ipca-sp-1111021,1111021,Requeijão,0.0940,0.993754650891,4,100,0.982101149612,1.000000000000
2026-07-24,2026-07-23,ipca-sp-1112003,1112003,Biscoito,0.3388,0.985099332915,4,482,0.953172384617,1.000000000000
2026-07-24,2026-07-23,ipca-sp-1112015,1112015,Pão francês,0.6914,0.993005351317,3,17,0.979016053950,1.000000000000
2026-07-24,2026-07-23,ipca-sp-1112017,1112017,Pão doce,0.1150,1.000000000000,3,26,1.000000000000,1.000000000000
2026-07-24,2026-07-23,ipca-sp-1112018,1112018,Pão de forma,0.1192,0.997204020168,4,174,0.991244967165,1.002306972559
2026-07-24,2026-07-23,ipca-sp-1112019,1112019,Bolo,0.1366,1.058814207447,4,259,0.995102957808,1.225623973097
2026-07-24,2026-07-23,ipca-sp-1113013,1113013,Óleo de soja,0.1378,1.020795441289,3,10,1.000000000000,1.062386323868
2026-07-24,2026-07-23,ipca-sp-1113014,1113014,Azeite de oliva,0.0842,1.003258736070,4,37,0.989266761814,1.023768182468
2026-07-24,2026-07-23,ipca-sp-1113040,1113040,Margarina,0.0752,1.006944754411,4,43,1.000000000000,1.027779017644
2026-07-24,2026-07-23,ipca-sp-1114001,1114001,Suco de frutas,0.1426,0.997899404683,4,226,0.989744394476,1.006472969758
2026-07-24,2026-07-23,ipca-sp-1114022,1114022,Café moído,0.2619,0.983962977893,4,139,0.955290325631,1.003312827733
2026-07-24,2026-07-23,ipca-sp-1114083,1114083,Refrigerante e água mineral,0.5101,0.994413089352,3,316,0.983685509674,1.000000000000
2026-07-24,2026-07-23,ipca-sp-1114084,1114084,Cerveja,0.3936,0.998914747753,3,111,0.996744243258,1.000000000000
2026-07-24,2026-07-23,ipca-sp-1114087,1114087,Vinho,0.0936,0.988630573555,4,554,0.954522294222,1.000000000000
2026-07-24,2026-07-23,ipca-sp-1114090,1114090,Suco em pó,0.0747,1.000000000000,3,62,1.000000000000,1.000000000000
2026-07-24,2026-07-23,ipca-sp-1115016,1115016,Palmito em conserva,0.0396,0.997071552977,4,28,0.988286211910,1.000000000000
2026-07-24,2026-07-23,ipca-sp-1115039,1115039,Sardinha em conserva,0.0271,1.000000000000,4,11,1.000000000000,1.000000000000
2026-07-24,2026-07-23,ipca-sp-1115057,1115057,Azeitona,0.0342,1.000000000000,4,69,1.000000000000,1.000000000000
2026-07-24,2026-07-23,ipca-sp-1115058,1115058,Milho-verde em conserva,0.0172,1.006599330266,4,9,1.000000000000,1.026397321062
2026-07-24,2026-07-23,ipca-sp-1115075,1115075,Atum em conserva,0.0308,0.994739349577,4,32,0.978957398308,1.000000000000
2026-07-24,2026-07-23,ipca-sp-1116005,1116005,Atomatado,0.1151,0.990080673691,4,103,0.960322694763,1.000000000000
2026-07-24,2026-07-23,ipca-sp-1116010,1116010,Alho,0.0970,1.000000000000,4,31,1.000000000000,1.000000000000
2026-07-24,2026-07-23,ipca-sp-1116033,1116033,Maionese,0.0481,1.005250763851,4,43,1.000000000000,1.010799361356
2026-07-24,2026-07-23,ipca-sp-1116041,1116041,Vinagre,0.0221,1.014124805892,4,36,0.984576099958,1.071923123612
2026-07-24,2026-07-23,ipca-sp-1116071,1116071,Tempero misto,0.0696,0.951724488577,4,79,0.865292462773,1.000000000000
2026-07-25,2026-07-24,ipca-sp-1101002,1101002,Arroz,0.4030,1.001621811685,4,76,1.000000000000,1.005425026248
2026-07-25,2026-07-24,ipca-sp-1101073,1101073,Feijão-carioca (rajado),0.1876,1.007229844235,3,20,1.000000000000,1.021689532705
2026-07-25,2026-07-24,ipca-sp-1102006,1102006,Macarrão,0.1112,1.001506592382,4,147,0.999405502061,1.006620867469
2026-07-25,2026-07-24,ipca-sp-1102012,1102012,Farinha de trigo,0.0431,1.000000000000,3,18,1.000000000000,1.000000000000
2026-07-25,2026-07-24,ipca-sp-1102023,1102023,Farinha de mandioca,0.0320,1.092907052703,2,11,1.000000000000,1.185814105405
2026-07-25,2026-07-24,ipca-sp-1102029,1102029,Massa semipreparada,0.1189,1.013731554486,4,171,1.000000000000,1.054926217945
2026-07-25,2026-07-24,ipca-sp-1102061,1102061,Macarrão instantâneo,0.0404,0.993365547785,4,60,0.979410453816,1.000000000000
2026-07-25,2026-07-24,ipca-sp-1103002,1103002,Batata-doce,0.0267,0.990044856465,3,7,0.944427628522,1.025706940874
2026-07-25,2026-07-24,ipca-sp-1103003,1103003,Batata-inglesa,0.1234,0.997807231198,4,30,0.951598127145,1.039630797646
2026-07-25,2026-07-24,ipca-sp-1103020,1103020,Abobrinha,0.0191,1.000000000000,4,6,1.000000000000,1.000000000000
2026-07-25,2026-07-24,ipca-sp-1103026,1103026,Pimentão,0.0368,1.000000000000,4,13,1.000000000000,1.000000000000
2026-07-25,2026-07-24,ipca-sp-1103028,1103028,Tomate,0.1791,0.997771563603,4,27,0.953909647567,1.052577870552
2026-07-25,2026-07-24,ipca-sp-1103043,1103043,Cebola,0.0906,0.999997824095,4,15,0.999991296378,1.000000000000
2026-07-25,2026-07-24,ipca-sp-1103044,1103044,Cenoura,0.0363,1.031876013268,3,7,1.000000000000,1.095628039803
2026-07-25,2026-07-24,ipca-sp-1104003,1104003,Açúcar refinado,0.1100,1.001632985013,4,13,1.000000000000,1.006531940050
2026-07-25,2026-07-24,ipca-sp-1104023,1104023,Chocolate em barra e bombom,0.2557,0.996262373687,4,287,0.983854199834,1.001195294915
2026-07-25,2026-07-24,ipca-sp-1104032,1104032,Sorvete,0.1665,0.977183394878,4,274,0.942152293173,1.024413014797
2026-07-25,2026-07-24,ipca-sp-1104052,1104052,Chocolate e achocolatado em pó,0.1191,0.998250501198,4,52,0.993002004792,1.000000000000
2026-07-25,2026-07-24,ipca-sp-1105001,1105001,Alface,0.0965,0.977570485268,3,20,0.932711455803,1.000000000000
2026-07-25,2026-07-24,ipca-sp-1105005,1105005,Couve,0.0271,0.957533283731,3,6,0.872599851194,1.000000000000
2026-07-25,2026-07-24,ipca-sp-1105010,1105010,Repolho,0.0163,0.907010014306,2,4,0.814020028612,1.000000000000
2026-07-25,2026-07-24,ipca-sp-1105012,1105012,Cheiro-verde,0.0326,1.000000000000,2,9,1.000000000000,1.000000000000
2026-07-25,2026-07-24,ipca-sp-1105019,1105019,Brócolis,0.0306,1.014607338458,4,19,1.000000000000,1.048562983408
2026-07-25,2026-07-24,ipca-sp-1106005,1106005,Banana-d'água,0.1481,1.000000000000,1,1,1.000000000000,1.000000000000
2026-07-25,2026-07-24,ipca-sp-1106008,1106008,Banana-prata,0.0843,1.409679618269,3,5,1.000000000000,2.229038854806
2026-07-25,2026-07-24,ipca-sp-1106015,1106015,Limão,0.0565,0.924825507575,3,7,0.774476522724,1.000000000000
2026-07-25,2026-07-24,ipca-sp-1106017,1106017,Maçã,0.1217,0.990316596482,3,17,0.970949789446,1.000000000000
2026-07-25,2026-07-24,ipca-sp-1106018,1106018,Mamão,0.0900,1.000126358360,4,15,1.000000000000,1.000505433441
2026-07-25,2026-07-24,ipca-sp-1106019,1106019,Manga,0.0644,1.070430330097,3,12,1.000000000000,1.134073645274
2026-07-25,2026-07-24,ipca-sp-1106023,1106023,Pera,0.0508,1.033333333333,3,11,1.000000000000,1.100000000000
2026-07-25,2026-07-24,ipca-sp-1106027,1106027,Tangerina,0.0668,0.983279582573,3,13,0.949838747718,1.000000000000
2026-07-25,2026-07-24,ipca-sp-1106028,1106028,Uva,0.0794,1.052257482864,3,15,1.000000000000,1.136345732411
2026-07-25,2026-07-24,ipca-sp-1106039,1106039,Laranja-pera,0.1045,1.000000000000,3,6,1.000000000000,1.000000000000
2026-07-25,2026-07-24,ipca-sp-1107018,1107018,Carne de porco,0.2853,1.002451195120,4,141,0.993794353590,1.010817147905
2026-07-25,2026-07-24,ipca-sp-1107084,1107084,Contrafilé,0.3951,1.002841540699,4,24,0.993944077944,1.017422084854
2026-07-25,2026-07-24,ipca-sp-1107087,1107087,Chã de dentro,0.2838,0.969539948124,4,15,0.791715720562,1.086444071935
2026-07-25,2026-07-24,ipca-sp-1107088,1107088,Alcatra,0.2158,1.000000000000,4,19,1.000000000000,1.000000000000
2026-07-25,2026-07-24,ipca-sp-1107089,1107089,Patinho,0.2286,1.000000000000,4,22,1.000000000000,1.000000000000
2026-07-25,2026-07-24,ipca-sp-1107091,1107091,Lagarto comum,0.1077,0.978201904972,3,9,0.966611018364,1.000000000000
2026-07-25,2026-07-24,ipca-sp-1107093,1107093,Músculo,0.1026,1.000000000000,4,10,1.000000000000,1.000000000000
2026-07-25,2026-07-24,ipca-sp-1107094,1107094,Pá,0.1231,1.000000000000,4,4,1.000000000000,1.000000000000
2026-07-25,2026-07-24,ipca-sp-1107095,1107095,Acém,0.2571,0.979659226593,4,13,0.930789831524,1.000000000000
2026-07-25,2026-07-24,ipca-sp-1107099,1107099,Costela,0.1690,1.000220581254,4,15,1.000000000000,1.000882325018
2026-07-25,2026-07-24,ipca-sp-1108031,1108031,Peixe-merluza,0.0279,0.988536302882,4,7,0.954145211527,1.000000000000
2026-07-25,2026-07-24,ipca-sp-1108038,1108038,Peixe-pescada,0.0212,1.000000000000,2,5,1.000000000000,1.000000000000
2026-07-25,2026-07-24,ipca-sp-1108075,1108075,Peixe-salmão,0.0250,1.006509498023,4,47,1.000000000000,1.026037992092
2026-07-25,2026-07-24,ipca-sp-1108080,1108080,Peixe-tilápia,0.0366,1.007813751907,4,20,1.000000000000,1.031255007628
2026-07-25,2026-07-24,ipca-sp-1109002,1109002,Presunto,0.1054,0.965343321596,4,49,0.870889139104,1.000000000000
2026-07-25,2026-07-24,ipca-sp-1109007,1109007,Salsicha,0.0647,1.011453674311,4,34,1.000000000000,1.045814697245
2026-07-25,2026-07-24,ipca-sp-1109008,1109008,Linguiça,0.3486,1.005316185358,4,148,0.987389910513,1.033874830918
2026-07-25,2026-07-24,ipca-sp-1109010,1109010,Mortadela,0.0677,1.004455475308,4,23,1.000000000000,1.017821901231
2026-07-25,2026-07-24,ipca-sp-1110009,1110009,Frango inteiro,0.1331,1.000000000000,3,9,1.000000000000,1.000000000000
2026-07-25,2026-07-24,ipca-sp-1110010,1110010,Frango em pedaços,0.5283,1.006017874221,4,217,0.987401075417,1.023015237382
2026-07-25,2026-07-24,ipca-sp-1110044,1110044,Ovo de galinha,0.1964,0.977551220126,4,47,0.925311510102,1.000000000000
2026-07-25,2026-07-24,ipca-sp-1111004,1111004,Leite longa vida,0.6890,1.005691484301,4,73,1.000000000000,1.018146159911
2026-07-25,2026-07-24,ipca-sp-1111009,1111009,Leite em pó,0.0872,0.993107426999,4,32,0.967421400057,1.005008307938
2026-07-25,2026-07-24,ipca-sp-1111011,1111011,Queijo,0.5234,1.039538844669,4,494,1.000000000000,1.156657521564
2026-07-25,2026-07-24,ipca-sp-1111019,1111019,Iogurte e bebidas lácteas,0.1360,0.964534182457,4,538,0.861091541047,1.001439765476
2026-07-25,2026-07-24,ipca-sp-1111021,1111021,Requeijão,0.0940,0.985393805581,4,100,0.950108771918,1.000000000000
2026-07-25,2026-07-24,ipca-sp-1112003,1112003,Biscoito,0.3388,1.001518011299,4,482,0.999745316677,1.006326728518
2026-07-25,2026-07-24,ipca-sp-1112015,1112015,Pão francês,0.6914,1.007667845704,3,17,1.000000000000,1.023003537112
2026-07-25,2026-07-24,ipca-sp-1112017,1112017,Pão doce,0.1150,0.928743864312,3,26,0.786231592936,1.000000000000
2026-07-25,2026-07-24,ipca-sp-1112018,1112018,Pão de forma,0.1192,1.002981821626,4,174,1.000000000000,1.011927286504
2026-07-25,2026-07-24,ipca-sp-1112019,1112019,Bolo,0.1366,0.960606251226,4,262,0.840122214629,1.002302790274
2026-07-25,2026-07-24,ipca-sp-1113013,1113013,Óleo de soja,0.1378,1.011575696073,3,10,1.000000000000,1.019886238459
2026-07-25,2026-07-24,ipca-sp-1113014,1113014,Azeite de oliva,0.0842,1.015995883053,4,37,1.000000000000,1.063983532213
2026-07-25,2026-07-24,ipca-sp-1113040,1113040,Margarina,0.0752,1.001489359245,4,43,1.000000000000,1.005957436982
2026-07-25,2026-07-24,ipca-sp-1114001,1114001,Suco de frutas,0.1426,0.983052564518,4,227,0.947338445856,1.000000000000
2026-07-25,2026-07-24,ipca-sp-1114022,1114022,Café moído,0.2619,1.017105126301,4,139,1.000000000000,1.036702307129
2026-07-25,2026-07-24,ipca-sp-1114083,1114083,Refrigerante e água mineral,0.5101,0.982347837111,3,314,0.963611657891,1.000000000000
2026-07-25,2026-07-24,ipca-sp-1114084,1114084,Cerveja,0.3936,0.981673933968,3,110,0.971426044759,1.000000000000
2026-07-25,2026-07-24,ipca-sp-1114087,1114087,Vinho,0.0936,0.981910292646,4,553,0.928142691593,1.030744459732
2026-07-25,2026-07-24,ipca-sp-1114090,1114090,Suco em pó,0.0747,1.000000000000,3,62,1.000000000000,1.000000000000
2026-07-25,2026-07-24,ipca-sp-1115016,1115016,Palmito em conserva,0.0396,1.000000000000,4,28,1.000000000000,1.000000000000
2026-07-25,2026-07-24,ipca-sp-1115039,1115039,Sardinha em conserva,0.0271,0.994763324089,4,11,0.979053296355,1.000000000000
2026-07-25,2026-07-24,ipca-sp-1115057,1115057,Azeitona,0.0342,1.004673477581,4,69,1.000000000000,1.018693910325
2026-07-25,2026-07-24,ipca-sp-1115058,1115058,Milho-verde em conserva,0.0172,1.003075608933,4,10,1.000000000000,1.012302435734
2026-07-25,2026-07-24,ipca-sp-1115075,1115075,Atum em conserva,0.0308,1.011143895505,4,32,1.000000000000,1.041962592886
2026-07-25,2026-07-24,ipca-sp-1116005,1116005,Atomatado,0.1151,1.007570351112,4,103,1.000000000000,1.030281404449
2026-07-25,2026-07-24,ipca-sp-1116010,1116010,Alho,0.0970,0.982427014735,4,31,0.929708058938,1.000000000000
2026-07-25,2026-07-24,ipca-sp-1116033,1116033,Maionese,0.0481,0.999191289501,4,43,0.992116419052,1.004648738950
2026-07-25,2026-07-24,ipca-sp-1116041,1116041,Vinagre,0.0221,0.995173168050,4,39,0.980692672202,1.000000000000
2026-07-25,2026-07-24,ipca-sp-1116071,1116071,Tempero misto,0.0696,1.012826699888,4,80,1.000000000000,1.051306799551
2026-07-26,2026-07-25,ipca-sp-1101002,1101002,Arroz,0.4030,0.986507820510,4,77,0.946031282039,1.000000000000
2026-07-26,2026-07-25,ipca-sp-1101073,1101073,Feijão-carioca (rajado),0.1876,1.000000000000,3,20,1.000000000000,1.000000000000
2026-07-26,2026-07-25,ipca-sp-1102006,1102006,Macarrão,0.1112,1.002504420572,4,147,1.000000000000,1.010017682288
2026-07-26,2026-07-25,ipca-sp-1102012,1102012,Farinha de trigo,0.0431,1.000000000000,3,17,1.000000000000,1.000000000000
2026-07-26,2026-07-25,ipca-sp-1102023,1102023,Farinha de mandioca,0.0320,1.000000000000,2,11,1.000000000000,1.000000000000
2026-07-26,2026-07-25,ipca-sp-1102029,1102029,Massa semipreparada,0.1189,0.998354489913,4,177,0.995558389691,1.000000000000
2026-07-26,2026-07-25,ipca-sp-1102061,1102061,Macarrão instantâneo,0.0404,1.002347829962,4,60,1.000000000000,1.009391319850
2026-07-26,2026-07-25,ipca-sp-1103002,1103002,Batata-doce,0.0267,1.000000000000,3,8,1.000000000000,1.000000000000
2026-07-26,2026-07-25,ipca-sp-1103003,1103003,Batata-inglesa,0.1234,1.000000000000,4,32,1.000000000000,1.000000000000
2026-07-26,2026-07-25,ipca-sp-1103020,1103020,Abobrinha,0.0191,1.000000000000,4,6,1.000000000000,1.000000000000
2026-07-26,2026-07-25,ipca-sp-1103026,1103026,Pimentão,0.0368,1.000000000000,4,13,1.000000000000,1.000000000000
2026-07-26,2026-07-25,ipca-sp-1103028,1103028,Tomate,0.1791,1.000000000000,4,28,1.000000000000,1.000000000000
2026-07-26,2026-07-25,ipca-sp-1103043,1103043,Cebola,0.0906,1.000000000000,4,15,1.000000000000,1.000000000000
2026-07-26,2026-07-25,ipca-sp-1103044,1103044,Cenoura,0.0363,0.980310427702,3,8,0.940931283107,1.000000000000
2026-07-26,2026-07-25,ipca-sp-1104003,1104003,Açúcar refinado,0.1100,1.005957225338,4,13,1.000000000000,1.023828901354
2026-07-26,2026-07-25,ipca-sp-1104023,1104023,Chocolate em barra e bombom,0.2557,0.999441856540,4,291,0.997767426158,1.000000000000
2026-07-26,2026-07-25,ipca-sp-1104032,1104032,Sorvete,0.1665,1.000000000000,4,282,1.000000000000,1.000000000000
2026-07-26,2026-07-25,ipca-sp-1104052,1104052,Chocolate e achocolatado em pó,0.1191,1.000000000000,4,54,1.000000000000,1.000000000000
2026-07-26,2026-07-25,ipca-sp-1105001,1105001,Alface,0.0965,1.019070264495,3,21,1.000000000000,1.057210793486
2026-07-26,2026-07-25,ipca-sp-1105005,1105005,Couve,0.0271,1.000000000000,3,8,1.000000000000,1.000000000000
2026-07-26,2026-07-25,ipca-sp-1105010,1105010,Repolho,0.0163,1.000000000000,2,5,1.000000000000,1.000000000000
2026-07-26,2026-07-25,ipca-sp-1105012,1105012,Cheiro-verde,0.0326,0.986196159988,2,10,0.972392319977,1.000000000000
2026-07-26,2026-07-25,ipca-sp-1105019,1105019,Brócolis,0.0306,0.998914054290,4,22,0.995656217160,1.000000000000
2026-07-26,2026-07-25,ipca-sp-1106005,1106005,Banana-d'água,0.1481,1.000000000000,1,1,1.000000000000,1.000000000000
2026-07-26,2026-07-25,ipca-sp-1106008,1106008,Banana-prata,0.0843,1.000000000000,3,5,1.000000000000,1.000000000000
2026-07-26,2026-07-25,ipca-sp-1106015,1106015,Limão,0.0565,1.048344308979,3,7,1.000000000000,1.145032926936
2026-07-26,2026-07-25,ipca-sp-1106017,1106017,Maçã,0.1217,1.000000000000,3,19,1.000000000000,1.000000000000
2026-07-26,2026-07-25,ipca-sp-1106018,1106018,Mamão,0.0900,1.000000000000,4,15,1.000000000000,1.000000000000
2026-07-26,2026-07-25,ipca-sp-1106019,1106019,Manga,0.0644,0.960592316665,3,12,0.881776949996,1.000000000000
2026-07-26,2026-07-25,ipca-sp-1106023,1106023,Pera,0.0508,1.000000000000,3,11,1.000000000000,1.000000000000
2026-07-26,2026-07-25,ipca-sp-1106027,1106027,Tangerina,0.0668,1.017603427390,3,12,1.000000000000,1.052810282169
2026-07-26,2026-07-25,ipca-sp-1106028,1106028,Uva,0.0794,1.000914917672,3,16,1.000000000000,1.002744753016
2026-07-26,2026-07-25,ipca-sp-1106039,1106039,Laranja-pera,0.1045,1.000000000000,3,7,1.000000000000,1.000000000000
2026-07-26,2026-07-25,ipca-sp-1107018,1107018,Carne de porco,0.2853,1.003546858938,4,146,1.000000000000,1.007242244253
2026-07-26,2026-07-25,ipca-sp-1107084,1107084,Contrafilé,0.3951,0.991844969817,4,25,0.967379879269,1.000000000000
2026-07-26,2026-07-25,ipca-sp-1107087,1107087,Chã de dentro,0.2838,1.014207368220,4,17,1.000000000000,1.056829472880
2026-07-26,2026-07-25,ipca-sp-1107088,1107088,Alcatra,0.2158,0.958893919002,4,21,0.835575676007,1.000000000000
2026-07-26,2026-07-25,ipca-sp-1107089,1107089,Patinho,0.2286,1.000000000000,4,23,1.000000000000,1.000000000000
2026-07-26,2026-07-25,ipca-sp-1107091,1107091,Lagarto comum,0.1077,1.000000000000,3,9,1.000000000000,1.000000000000
2026-07-26,2026-07-25,ipca-sp-1107093,1107093,Músculo,0.1026,1.000000000000,4,11,1.000000000000,1.000000000000
2026-07-26,2026-07-25,ipca-sp-1107094,1107094,Pá,0.1231,1.039116879291,4,6,1.000000000000,1.156467517162
2026-07-26,2026-07-25,ipca-sp-1107095,1107095,Acém,0.2571,1.006214825606,4,14,1.000000000000,1.024859302425
2026-07-26,2026-07-25,ipca-sp-1107099,1107099,Costela,0.1690,1.001281570486,4,15,1.000000000000,1.005126281944
2026-07-26,2026-07-25,ipca-sp-1108031,1108031,Peixe-merluza,0.0279,1.000000000000,4,7,1.000000000000,1.000000000000
2026-07-26,2026-07-25,ipca-sp-1108038,1108038,Peixe-pescada,0.0212,1.000000000000,2,5,1.000000000000,1.000000000000
2026-07-26,2026-07-25,ipca-sp-1108075,1108075,Peixe-salmão,0.0250,0.999181256281,4,47,0.996725025126,1.000000000000
2026-07-26,2026-07-25,ipca-sp-1108080,1108080,Peixe-tilápia,0.0366,0.994356684616,4,21,0.977426738463,1.000000000000
2026-07-26,2026-07-25,ipca-sp-1109002,1109002,Presunto,0.1054,0.976398522513,4,50,0.905594090052,1.000000000000
2026-07-26,2026-07-25,ipca-sp-1109007,1109007,Salsicha,0.0647,1.006146255168,4,35,1.000000000000,1.024585020671
2026-07-26,2026-07-25,ipca-sp-1109008,1109008,Linguiça,0.3486,1.004818589543,4,152,1.000000000000,1.019274358174
2026-07-26,2026-07-25,ipca-sp-1109010,1109010,Mortadela,0.0677,1.000000000000,4,23,1.000000000000,1.000000000000
2026-07-26,2026-07-25,ipca-sp-1110009,1110009,Frango inteiro,0.1331,1.000000000000,3,9,1.000000000000,1.000000000000
2026-07-26,2026-07-25,ipca-sp-1110010,1110010,Frango em pedaços,0.5283,1.000744655165,4,231,0.986210900486,1.010700415998
2026-07-26,2026-07-25,ipca-sp-1110044,1110044,Ovo de galinha,0.1964,1.000000000000,4,51,1.000000000000,1.000000000000
2026-07-26,2026-07-25,ipca-sp-1111004,1111004,Leite longa vida,0.6890,0.999798187829,4,74,0.999192751318,1.000000000000
2026-07-26,2026-07-25,ipca-sp-1111009,1111009,Leite em pó,0.0872,0.994690872193,4,32,0.978763488773,1.000000000000
2026-07-26,2026-07-25,ipca-sp-1111011,1111011,Queijo,0.5234,0.998125150857,4,496,0.991462389261,1.002697710168
2026-07-26,2026-07-25,ipca-sp-1111019,1111019,Iogurte e bebidas lácteas,0.1360,1.001294570080,4,544,1.000000000000,1.003785711699
2026-07-26,2026-07-25,ipca-sp-1111021,1111021,Requeijão,0.0940,1.007291000957,4,101,1.000000000000,1.029164003828
2026-07-26,2026-07-25,ipca-sp-1112003,1112003,Biscoito,0.3388,0.999416191806,4,489,0.997664767222,1.000000000000
2026-07-26,2026-07-25,ipca-sp-1112015,1112015,Pão francês,0.6914,1.000000000000,3,18,1.000000000000,1.000000000000
2026-07-26,2026-07-25,ipca-sp-1112017,1112017,Pão doce,0.1150,1.000000000000,3,26,1.000000000000,1.000000000000
2026-07-26,2026-07-25,ipca-sp-1112018,1112018,Pão de forma,0.1192,1.001762020349,4,174,1.000000000000,1.007048081397
2026-07-26,2026-07-25,ipca-sp-1112019,1112019,Bolo,0.1366,1.018723201521,4,263,1.000000000000,1.074892806084
2026-07-26,2026-07-25,ipca-sp-1113013,1113013,Óleo de soja,0.1378,1.000000000000,3,13,1.000000000000,1.000000000000
2026-07-26,2026-07-25,ipca-sp-1113014,1113014,Azeite de oliva,0.0842,1.000000000000,4,39,1.000000000000,1.000000000000
2026-07-26,2026-07-25,ipca-sp-1113040,1113040,Margarina,0.0752,0.994314846658,4,43,0.986134903715,1.000000000000
2026-07-26,2026-07-25,ipca-sp-1114001,1114001,Suco de frutas,0.1426,0.999015985865,4,234,0.993325116997,1.002738826464
2026-07-26,2026-07-25,ipca-sp-1114022,1114022,Café moído,0.2619,1.000000000000,4,145,1.000000000000,1.000000000000
2026-07-26,2026-07-25,ipca-sp-1114083,1114083,Refrigerante e água mineral,0.5101,1.004542459125,3,318,0.997675235395,1.015952141981
2026-07-26,2026-07-25,ipca-sp-1114084,1114084,Cerveja,0.3936,1.038604254525,3,113,1.009039945611,1.091476913927
2026-07-26,2026-07-25,ipca-sp-1114087,1114087,Vinho,0.0936,1.003017659309,4,555,0.999509554315,1.012561082921
2026-07-26,2026-07-25,ipca-sp-1114090,1114090,Suco em pó,0.0747,1.000000000000,3,62,1.000000000000,1.000000000000
2026-07-26,2026-07-25,ipca-sp-1115016,1115016,Palmito em conserva,0.0396,1.000000000000,4,28,1.000000000000,1.000000000000
2026-07-26,2026-07-25,ipca-sp-1115039,1115039,Sardinha em conserva,0.0271,1.000000000000,4,12,1.000000000000,1.000000000000
2026-07-26,2026-07-25,ipca-sp-1115057,1115057,Azeitona,0.0342,1.000000000000,4,69,1.000000000000,1.000000000000
2026-07-26,2026-07-25,ipca-sp-1115058,1115058,Milho-verde em conserva,0.0172,1.000000000000,4,11,1.000000000000,1.000000000000
2026-07-26,2026-07-25,ipca-sp-1115075,1115075,Atum em conserva,0.0308,1.027332777804,4,32,0.997046243409,1.112284867808
2026-07-26,2026-07-25,ipca-sp-1116005,1116005,Atomatado,0.1151,1.000000000000,4,103,1.000000000000,1.000000000000
2026-07-26,2026-07-25,ipca-sp-1116010,1116010,Alho,0.0970,0.998245361092,4,33,0.992981444368,1.000000000000
2026-07-26,2026-07-25,ipca-sp-1116033,1116033,Maionese,0.0481,1.000000000000,4,44,1.000000000000,1.000000000000
2026-07-26,2026-07-25,ipca-sp-1116041,1116041,Vinagre,0.0221,1.000000000000,4,38,1.000000000000,1.000000000000
2026-07-26,2026-07-25,ipca-sp-1116071,1116071,Tempero misto,0.0696,1.002219294950,4,80,1.000000000000,1.008877179801
