date,previous_date,retailer_id,product_id,ipca_item_id,ipca_code,classification_id,classification_version,numerator_cents,denominator_cents,numerator_source_date,denominator_source_date,numerator_carried,denominator_carried,numerator_carry_reason,denominator_carry_reason,relative
2026-07-11,2026-07-10,extra-mercado,02be7fc3-b139-49bb-8bc1-1d91a469e866,ipca-sp-1116071,1116071,a67d6668-5e98-4344-af16-ad1db54fb899,1,679,679,2026-07-11,2026-07-10,false,false,,,1.000000000000
2026-07-11,2026-07-10,pao-de-acucar,04e91806-b67e-4cf0-a908-10124c4ef796,ipca-sp-1101002,1101002,d3a49cb6-5593-4e33-8e4c-d2ca338236f4,1,2799,2799,2026-07-11,2026-07-10,false,false,,,1.000000000000
2026-07-12,2026-07-11,carrefour,000bcd62-94d2-4367-92f6-5afda1165318,ipca-sp-1104032,1104032,40d19021-7990-4fe9-b15c-9a4c0daf1a5f,1,2190,2190,2026-07-11,2026-07-11,true,false,missing_observation,,1.000000000000
2026-07-12,2026-07-11,carrefour,00a6dc98-11ae-4155-808a-ad966c1355d4,ipca-sp-1112018,1112018,5f7cbd50-1447-4af9-a5bc-bc6d42b096f8,1,1738,1738,2026-07-11,2026-07-11,true,false,missing_observation,,1.000000000000
2026-07-12,2026-07-11,carrefour,00f412e6-5800-47ed-8070-fbbcc7c3fb25,ipca-sp-1114084,1114084,c5dd0b17-060f-454a-b573-11df5ad315ca,1,499,489,2026-07-12,2026-07-11,false,false,,,1.020449897751
2026-07-12,2026-07-11,carrefour,016fc79b-1337-4a26-b50a-7ed676b07480,ipca-sp-1112019,1112019,bff087cf-afbb-4079-8d3b-ee6fe8fba098,1,399,399,2026-07-11,2026-07-11,true,false,missing_observation,,1.000000000000
2026-07-12,2026-07-11,carrefour,018a4c5a-4e32-4db4-9059-58509ac821ca,ipca-sp-1112003,1112003,e24d2895-386a-480b-90b7-2c6ae25a7c41,1,749,748,2026-07-12,2026-07-11,false,false,,,1.001336898396
2026-07-12,2026-07-11,carrefour,0190842f-28be-495f-995f-e30206fb4de0,ipca-sp-1115075,1115075,c794aa6d-7397-4ef1-82ab-5d2ed27cad4d,1,959,1039,2026-07-12,2026-07-11,false,false,,,0.923002887392
2026-07-12,2026-07-11,carrefour,01921125-7539-4dd1-920e-a6e7cd2470ef,ipca-sp-1116005,1116005,386e928f-ba62-4be1-96e7-bfe706365f81,1,259,259,2026-07-11,2026-07-11,true,false,missing_observation,,1.000000000000
2026-07-12,2026-07-11,carrefour,01c54969-e7fd-4024-b330-a385762c6120,ipca-sp-1111019,1111019,bd609a88-5f59-41d0-bcb4-52b450d3b0c3,1,698,698,2026-07-11,2026-07-11,true,false,missing_observation,,1.000000000000
2026-07-12,2026-07-11,carrefour,0228b9c1-1507-469a-a7b8-2914fd119f26,ipca-sp-1114083,1114083,05441e6f-511d-4eab-9d34-6e033de2126a,1,698,698,2026-07-11,2026-07-11,true,false,missing_observation,,1.000000000000
2026-07-12,2026-07-11,carrefour,02d04519-4195-40e2-96b0-b9a15e0a698e,ipca-sp-1101002,1101002,f6473126-f968-414a-887c-f861c9b3a187,1,579,598,2026-07-12,2026-07-11,false,false,,,0.968227424749
2026-07-12,2026-07-11,carrefour,0350bd15-0065-433c-9b5a-02d58aef7d99,ipca-sp-1116071,1116071,897c5be3-ee18-4b61-92e3-76ef8561a42a,1,50,519,2026-07-12,2026-07-11,false,false,,,0.096339113680
2026-07-12,2026-07-11,carrefour,0373d8b9-ab11-4b41-9b93-5adb27accf76,ipca-sp-1112019,1112019,6490171f-47ae-4422-b6d7-e868fe03bbcf,1,399,399,2026-07-11,2026-07-11,true,false,missing_observation,,1.000000000000
2026-07-12,2026-07-11,carrefour,03937c90-b6a9-4baa-b0f8-a19d9aafa0f3,ipca-sp-1112003,1112003,9d73150b-e7d1-4614-b08a-a94a7ba918b4,1,499,499,2026-07-12,2026-07-11,false,false,,,1.000000000000
2026-07-12,2026-07-11,carrefour,0398b76d-f281-4f2f-8b37-4f86c4b9453f,ipca-sp-1112018,1112018,7e238e80-e4c9-4073-9cbc-3fe57a1034eb,1,2448,2448,2026-07-11,2026-07-11,true,false,missing_observation,,1.000000000000
2026-07-12,2026-07-11,carrefour,03a4b810-5aaa-45b9-840c-2ac6bdf202f9,ipca-sp-1113013,1113013,ed9e5bb8-e95c-4d18-9f3f-41c2de713931,1,729,729,2026-07-12,2026-07-11,false,false,,,1.000000000000
2026-07-12,2026-07-11,carrefour,03b6228b-a9ac-4f9f-9c7b-3c646be85533,ipca-sp-1114084,1114084,b1a1e458-9a2d-4fb3-8c44-efcf5824eadc,1,379,379,2026-07-11,2026-07-11,true,false,missing_observation,,1.000000000000
2026-07-12,2026-07-11,carrefour,04b735c0-9e22-4383-aa5c-9565409e5a90,ipca-sp-1114087,1114087,0b3715ca-8b4c-462a-befd-b80550c2fed1,1,1659,1659,2026-07-11,2026-07-11,true,false,missing_observation,,1.000000000000
2026-07-12,2026-07-11,carrefour,058c3c0b-5244-43e1-984e-66194559e016,ipca-sp-1114001,1114001,e363501c-b549-4e10-9cc9-42a85f388347,1,2190,2190,2026-07-11,2026-07-11,true,false,missing_observation,,1.000000000000
2026-07-12,2026-07-11,carrefour,05d0037b-aa98-445b-b0df-8e33af6aa1fa,ipca-sp-1104023,1104023,b4a07238-fb55-4c7d-b95e-55351e29c5de,1,749,879,2026-07-12,2026-07-11,false,false,,,0.852104664391
2026-07-12,2026-07-11,carrefour,05eee550-baa3-4a4d-91ae-18fc6cebd110,ipca-sp-1114087,1114087,0abd1623-5726-4e86-9287-71541f29200b,1,3199,3199,2026-07-11,2026-07-11,true,false,missing_observation,,1.000000000000
2026-07-12,2026-07-11,carrefour,05fb6b51-6a83-4996-bf91-895edea6ee1a,ipca-sp-1104023,1104023,5ff99cc4-f6a4-4d13-be0e-f88a19a9977e,1,799,798,2026-07-12,2026-07-11,false,false,,,1.001253132832
2026-07-12,2026-07-11,carrefour,0656ca4c-f540-467e-9294-74965981042e,ipca-sp-1112018,1112018,993188ac-f843-46aa-8c1d-5cd62c858803,1,1299,1299,2026-07-11,2026-07-11,true,false,missing_observation,,1.000000000000
2026-07-12,2026-07-11,carrefour,067e865b-822e-4834-866f-363f61da757b,ipca-sp-1111019,1111019,e8805419-f00d-4450-80a6-a2ac178cb6a4,1,499,748,2026-07-12,2026-07-11,false,false,,,0.667112299465
2026-07-12,2026-07-11,carrefour,06daff0f-876d-4f28-b2f8-1d9f1d30d79b,ipca-sp-1112003,1112003,3c6366dd-cad3-4a30-825d-6274808ae0cc,1,699,699,2026-07-11,2026-07-11,true,false,missing_observation,,1.000000000000
2026-07-12,2026-07-11,carrefour,070acdc0-2006-402b-a5db-6217e90bb277,ipca-sp-1104032,1104032,105615d1-886c-4180-81e4-e7e8cb44b5a1,1,3489,3489,2026-07-11,2026-07-11,true,false,missing_observation,,1.000000000000
2026-07-12,2026-07-11,carrefour,0744509e-f978-4bf2-bdcc-cb95ead5c3ea,ipca-sp-1112003,1112003,e48e8dd3-2f84-4608-b8b4-feb2ff68111d,1,299,299,2026-07-12,2026-07-11,false,false,,,1.000000000000
2026-07-12,2026-07-11,carrefour,07606c0d-94a8-4857-bc61-e4c7ba6fab35,ipca-sp-1114090,1114090,274bbce6-7546-485f-a59c-e18b13300871,1,99,149,2026-07-12,2026-07-11,false,false,,,0.664429530201
2026-07-12,2026-07-11,carrefour,0791fd5a-c9f5-4081-8ea3-b349fa739e18,ipca-sp-1114084,1114084,2bdca4a1-05ff-44ae-8662-bddc0fb0f805,1,315,315,2026-07-11,2026-07-11,true,false,missing_observation,,1.000000000000
2026-07-12,2026-07-11,carrefour,07c3d504-7c26-4939-9c89-fa5bfbd1d982,ipca-sp-1102061,1102061,fbde95dc-4b22-40be-aeb7-a3a3ce9a949f,1,189,199,2026-07-12,2026-07-11,false,false,,,0.949748743719
2026-07-12,2026-07-11,carrefour,0898711a-58e1-432f-9042-7bad786e8de6,ipca-sp-1104023,1104023,12bed1a9-80db-411b-9923-aeb4df28325f,1,1199,1849,2026-07-12,2026-07-11,false,false,,,0.648458626284
2026-07-12,2026-07-11,carrefour,08b900cb-0887-42fa-926a-1ba66c9adda9,ipca-sp-1112018,1112018,2e0f04c3-fb1c-4659-99ff-d5df2b0776ac,1,1339,1339,2026-07-11,2026-07-11,true,false,missing_observation,,1.000000000000
2026-07-12,2026-07-11,carrefour,08bc9431-11e5-4e73-8615-f438294c5d58,ipca-sp-1102006,1102006,2668fc81-fce0-4156-bc1f-147489007b77,1,499,448,2026-07-12,2026-07-11,false,false,,,1.113839285714
2026-07-12,2026-07-11,carrefour,08d1dbd8-68a8-4e39-802c-30a88b4e81d1,ipca-sp-1104023,1104023,346845f9-43aa-4833-8d71-1e10d3a6bc2a,1,879,859,2026-07-12,2026-07-11,false,false,,,1.023282887078
2026-07-12,2026-07-11,carrefour,08ec3e8d-94fc-4be0-939b-1c7b8432f5a8,ipca-sp-1114087,1114087,d4132fd6-c67b-42aa-a972-c3cda224874d,1,3199,3199,2026-07-11,2026-07-11,true,false,missing_observation,,1.000000000000
2026-07-12,2026-07-11,carrefour,09589db4-7cb7-4eb5-8807-fa27d8fa8955,ipca-sp-1114001,1114001,797343d9-e4cc-4132-b2cc-2cb6b7fa213f,1,239,239,2026-07-11,2026-07-11,true,false,missing_observation,,1.000000000000
2026-07-12,2026-07-11,carrefour,096f8279-2fcb-4f60-aaec-276dadd9a948,ipca-sp-1112003,1112003,d18ec60a-c00e-4c9f-8ffa-077c925eb681,1,439,439,2026-07-12,2026-07-11,false,false,,,1.000000000000
2026-07-12,2026-07-11,carrefour,0a15ca95-117e-4c4c-89d1-a5ac9093b95b,ipca-sp-1103003,1103003,e2bf22f9-16f4-450c-85ac-50184bfafb18,1,3408,3408,2026-07-11,2026-07-11,true,false,missing_observation,,1.000000000000
2026-07-12,2026-07-11,carrefour,0a6e46c9-7753-4952-99d2-471c461b2d05,ipca-sp-1114083,1114083,9e9462ea-4953-45f5-bd72-ed053a284c51,1,189,199,2026-07-12,2026-07-11,false,false,,,0.949748743719
2026-07-12,2026-07-11,carrefour,0b3fb271-0bad-461e-96e9-81fa0523fb1f,ipca-sp-1115057,1115057,dc2da394-8954-427b-b5f4-32dba461f2b6,1,829,529,2026-07-12,2026-07-11,false,false,,,1.567107750473
2026-07-12,2026-07-11,carrefour,0b59fcb4-4708-4db1-90df-cd246cd0ad98,ipca-sp-1114090,1114090,4791e478-f6c7-41ed-afd3-6296f8cf9f24,1,99,149,2026-07-12,2026-07-11,false,false,,,0.664429530201
2026-07-12,2026-07-11,carrefour,0bf6c3e4-918d-4468-938f-0f89a35c4625,ipca-sp-1114001,1114001,4ff6033b-d09b-4c48-9f34-a59af2818dad,1,1499,1499,2026-07-11,2026-07-11,true,false,missing_observation,,1.000000000000
2026-07-12,2026-07-11,carrefour,0c1ad335-5e5e-40ea-80f7-c96939290cd4,ipca-sp-1104023,1104023,7398051d-c322-42bd-8440-8244b11675c9,1,299,299,2026-07-12,2026-07-11,false,false,,,1.000000000000
2026-07-12,2026-07-11,carrefour,0c2386af-0d68-4087-98e1-76a500f1ccfb,ipca-sp-1102006,1102006,ba1d30a8-4d8a-4d71-a044-51db2a395611,1,999,1458,2026-07-12,2026-07-11,false,false,,,0.685185185185
2026-07-12,2026-07-11,extra-mercado,003661ae-ec34-49c0-8dc4-685715191607,ipca-sp-1115057,1115057,39af085b-14be-4476-8d90-4327e1883258,1,1049,1049,2026-07-12,2026-07-11,false,false,,,1.000000000000
2026-07-12,2026-07-11,extra-mercado,005ce635-cf48-43f7-b56a-def252c01da0,ipca-sp-1115075,1115075,00e10050-44f1-4954-99e2-b6098e10beec,1,1299,1299,2026-07-12,2026-07-11,false,false,,,1.000000000000
2026-07-12,2026-07-11,extra-mercado,01037aac-0a23-4d63-80be-bd84c5faf8d6,ipca-sp-1104023,1104023,a3180eda-8c0d-403c-aa28-f04ccad26554,1,1099,1099,2026-07-12,2026-07-11,false,false,,,1.000000000000
2026-07-12,2026-07-11,extra-mercado,01169273-a2b4-4e07-87a0-d73e3e9525c5,ipca-sp-1113040,1113040,68159997-3c69-4774-a36b-675e03ecc68a,1,999,999,2026-07-12,2026-07-11,false,false,,,1.000000000000
2026-07-12,2026-07-11,extra-mercado,0149a288-4af1-4750-80bd-d33642e363d9,ipca-sp-1112018,1112018,2b3dd5df-492d-47ed-b019-82f90d9d05ae,1,1039,1039,2026-07-12,2026-07-11,false,false,,,1.000000000000
2026-07-12,2026-07-11,extra-mercado,01534c4a-fcdb-409d-a2f2-902b0272c8e0,ipca-sp-1114022,1114022,d59c01c8-bd1f-4a10-b187-20f9777e6c12,1,2399,2399,2026-07-12,2026-07-11,false,false,,,1.000000000000
2026-07-12,2026-07-11,extra-mercado,01813a59-a240-46e0-9060-dd169daef59e,ipca-sp-1107018,1107018,2a5ed3d2-74d1-4544-aef2-a2611ef95458,1,2090,2090,2026-07-11,2026-07-11,true,false,missing_observation,,1.000000000000
2026-07-12,2026-07-11,extra-mercado,02016470-762e-41ae-9a65-02881d2d322d,ipca-sp-1112003,1112003,7e1f13c7-4d3a-4c20-ae2b-22adcb48d4c4,1,199,199,2026-07-12,2026-07-11,false,false,,,1.000000000000
2026-07-12,2026-07-11,extra-mercado,021824a1-fe48-48f1-ad3e-856753eb1762,ipca-sp-1111019,1111019,9d2ff46d-5ba9-4b3c-8ef1-9c99bdd16bed,1,899,899,2026-07-12,2026-07-11,false,false,,,1.000000000000
2026-07-12,2026-07-11,extra-mercado,02196195-d10e-41c6-8018-616731f5184f,ipca-sp-1112003,1112003,f96626fb-5fcd-4ad3-bc1c-3ad755ee24f9,1,499,499,2026-07-12,2026-07-11,false,false,,,1.000000000000
2026-07-12,2026-07-11,extra-mercado,022d038b-a475-4d26-adfb-db352197a590,ipca-sp-1103028,1103028,874223b4-afa7-40cf-8095-cd6737205b29,1,649,649,2026-07-11,2026-07-11,true,false,missing_observation,,1.000000000000
2026-07-12,2026-07-11,extra-mercado,024474c9-f132-450f-bb41-54a3f58305b9,ipca-sp-1111011,1111011,5228efe8-d2d9-46f0-9f92-7c363c214176,1,1390,1390,2026-07-12,2026-07-11,false,false,,,1.000000000000
2026-07-12,2026-07-11,extra-mercado,02612274-5385-4bb1-bcf4-84741670a5ed,ipca-sp-1116005,1116005,d14b68b2-407d-4c71-a768-26b8f2d4d8a5,1,1799,1799,2026-07-11,2026-07-11,true,false,missing_observation,,1.000000000000
2026-07-12,2026-07-11,extra-mercado,02be7fc3-b139-49bb-8bc1-1d91a469e866,ipca-sp-1116071,1116071,a67d6668-5e98-4344-af16-ad1db54fb899,1,679,679,2026-07-12,2026-07-11,false,false,,,1.000000000000
2026-07-12,2026-07-11,extra-mercado,032f59d3-efcc-4bdf-bf95-7b3a261ccfed,ipca-sp-1112018,1112018,b153ed9f-24d9-479c-8296-ba31b502144b,1,929,929,2026-07-12,2026-07-11,false,false,,,1.000000000000
2026-07-12,2026-07-11,extra-mercado,035bda36-9766-47fc-81a2-4700d214a0e6,ipca-sp-1104023,1104023,dc7e5ad7-1651-4301-9200-94f2519c979f,1,899,899,2026-07-12,2026-07-11,false,false,,,1.000000000000
2026-07-12,2026-07-11,extra-mercado,036ebaba-9d56-4421-8830-8b9e2d982251,ipca-sp-1102006,1102006,2b854582-b55d-483c-b40a-6a87a5ed0400,1,399,399,2026-07-11,2026-07-11,true,false,missing_observation,,1.000000000000
2026-07-12,2026-07-11,extra-mercado,03c19109-a74d-4783-ba0d-638ca00ebed4,ipca-sp-1105012,1105012,7e440d0c-eae2-467a-ad5c-9961445ebfbd,1,1799,1799,2026-07-12,2026-07-11,false,false,,,1.000000000000
2026-07-12,2026-07-11,extra-mercado,03d86dba-175f-4ff9-8a1f-b9c9b29dcef6,ipca-sp-1111019,1111019,54124836-1349-4c3f-be94-7bdc944a2f26,1,829,829,2026-07-12,2026-07-11,false,false,,,1.000000000000
2026-07-12,2026-07-11,extra-mercado,03e45f4d-8914-42b4-b166-ea49e20de4b1,ipca-sp-1103044,1103044,5ce875e2-999c-40f1-b214-64dc2bca6a16,1,899,899,2026-07-11,2026-07-11,true,false,missing_observation,,1.000000000000
2026-07-12,2026-07-11,extra-mercado,040b979e-41ff-4af1-9df2-c82165432f07,ipca-sp-1116005,1116005,eb573bd4-bd6e-42ef-8693-045644047b10,1,1849,1849,2026-07-12,2026-07-11,false,false,,,1.000000000000
2026-07-12,2026-07-11,extra-mercado,044ec551-9c41-4604-b9f2-ffb81663c67d,ipca-sp-1113013,1113013,2947300f-3671-4870-a145-6d49a70fee1f,1,779,779,2026-07-11,2026-07-11,true,false,missing_observation,,1.000000000000
2026-07-12,2026-07-11,extra-mercado,051b7650-ab48-48a3-b447-4558f296762b,ipca-sp-1110010,1110010,7bfcb8cf-e422-4807-842b-20ffd044fded,1,2390,2390,2026-07-12,2026-07-11,false,false,,,1.000000000000
2026-07-12,2026-07-11,extra-mercado,05b9b382-0cbb-47fa-8041-b1d9197736ad,ipca-sp-1111019,1111019,849860b4-5e11-4cd1-82cc-f1510d300469,1,949,949,2026-07-12,2026-07-11,false,false,,,1.000000000000
2026-07-12,2026-07-11,extra-mercado,064ae9a8-63df-4bcd-8c6d-d05c84f23442,ipca-sp-1107095,1107095,34422277-b5dc-41f2-a20d-f0f96ab1b344,1,2694,2694,2026-07-11,2026-07-11,true,false,missing_observation,,1.000000000000
2026-07-12,2026-07-11,extra-mercado,067cae27-9859-4a77-be16-3e7dfe460979,ipca-sp-1111019,1111019,09bb0d4b-1083-4984-8c9f-475cb79fb422,1,379,379,2026-07-11,2026-07-11,true,false,missing_observation,,1.000000000000
2026-07-12,2026-07-11,extra-mercado,0684a9d3-b9c4-4276-bec3-0b8e7b2c4ef8,ipca-sp-1104023,1104023,f8d72931-3aa2-4dce-b3c5-2507ac4f4604,1,699,699,2026-07-12,2026-07-11,false,false,,,1.000000000000
2026-07-12,2026-07-11,extra-mercado,06c7dca2-9750-4319-95ee-b927b4249923,ipca-sp-1112018,1112018,cffa458f-b4c3-44e7-941b-06d67e250fab,1,1289,1289,2026-07-12,2026-07-11,false,false,,,1.000000000000
2026-07-12,2026-07-11,extra-mercado,06edac41-bdec-4990-8bdb-9a24246144bc,ipca-sp-1104023,1104023,ff8be7bd-d1b1-4bd5-aa43-12a7732b722d,1,1149,1149,2026-07-12,2026-07-11,false,false,,,1.000000000000
2026-07-12,2026-07-11,extra-mercado,071b4123-63c7-4c63-bcdb-1e6601f6992e,ipca-sp-1112003,1112003,de4a59b6-2686-41cc-ab4a-f873b8d71722,1,345,345,2026-07-12,2026-07-11,false,false,,,1.000000000000
2026-07-12,2026-07-11,extra-mercado,07252e95-858a-42af-9fdf-21209edc5115,ipca-sp-1102006,1102006,35b20945-ccb9-433b-8d4b-5ca7fa9b84bd,1,669,669,2026-07-11,2026-07-11,true,false,missing_observation,,1.000000000000
2026-07-12,2026-07-11,extra-mercado,0755b821-b71d-4470-9333-8d03966f670b,ipca-sp-1112018,1112018,5a52f0c4-f8d2-4757-9d41-65e8f5a0cc66,1,999,999,2026-07-12,2026-07-11,false,false,,,1.000000000000
2026-07-12,2026-07-11,extra-mercado,08202e10-7249-4e7e-a879-855855b6ac6a,ipca-sp-1111011,1111011,1899c57c-884d-4dba-8138-76cc0915b29d,1,2140,2140,2026-07-12,2026-07-11,false,false,,,1.000000000000
2026-07-12,2026-07-11,extra-mercado,0831447a-7f40-467a-9e68-8333e166ab0c,ipca-sp-1111019,1111019,0a019f44-fb43-47fa-a657-864925613c64,1,329,329,2026-07-12,2026-07-11,false,false,,,1.000000000000
2026-07-12,2026-07-11,extra-mercado,0884eb56-6faf-48b5-8c1b-9938dd39a706,ipca-sp-1116010,1116010,fb578530-d761-442d-bc5f-99a93b2a40b4,1,1490,1490,2026-07-12,2026-07-11,false,false,,,1.000000000000
2026-07-12,2026-07-11,extra-mercado,0921cd34-0886-4a27-ada7-626620dbc05d,ipca-sp-1111019,1111019,c83627a3-ac2c-47e4-86f3-19144a0072ac,1,1849,1849,2026-07-12,2026-07-11,false,false,,,1.000000000000
2026-07-12,2026-07-11,extra-mercado,097b9835-d622-4bb8-935e-741207be589c,ipca-sp-1103003,1103003,afbfa3cb-0bd7-4a41-8b5d-6d70dd9e0190,1,1850,1850,2026-07-11,2026-07-11,true,false,missing_observation,,1.000000000000
2026-07-12,2026-07-11,extra-mercado,097f778b-1044-41ad-9bb1-bfe7416faf78,ipca-sp-1111019,1111019,c80a3ba2-d2b4-4ac9-ae2b-445289c44196,1,489,489,2026-07-11,2026-07-11,true,false,missing_observation,,1.000000000000
2026-07-12,2026-07-11,extra-mercado,099edcd2-c4f5-4114-97bb-e9e8f547060a,ipca-sp-1102006,1102006,91a88dd2-091f-42f1-8110-33cb1ba8771d,1,879,879,2026-07-12,2026-07-11,false,false,,,1.000000000000
2026-07-12,2026-07-11,extra-mercado,09be12db-5e0a-427d-bce7-83b97c80079f,ipca-sp-1111009,1111009,176e414a-b685-451f-95a3-75560bfde0d5,1,2499,2499,2026-07-12,2026-07-11,false,false,,,1.000000000000
2026-07-12,2026-07-11,extra-mercado,09de2026-590c-456c-b475-e96ffb462111,ipca-sp-1111019,1111019,6c04e770-7fbe-4ef4-9a83-bc3d6ca7cc50,1,499,499,2026-07-12,2026-07-11,false,false,,,1.000000000000
2026-07-12,2026-07-11,extra-mercado,09ee88a5-0228-4ae2-9108-63b970ac8aeb,ipca-sp-1107094,1107094,6bc979df-c329-4b1b-9a9c-5206eefb5038,1,2645,2645,2026-07-12,2026-07-11,false,false,,,1.000000000000
2026-07-12,2026-07-11,extra-mercado,09fb21c9-cfe9-4ae9-b782-62a8e145d87f,ipca-sp-1104023,1104023,062cba34-6dbc-4525-8610-3fdfe5b49275,1,829,829,2026-07-12,2026-07-11,false,false,,,1.000000000000
2026-07-12,2026-07-11,extra-mercado,0a30103b-fe88-44fe-8707-73449d93f300,ipca-sp-1112019,1112019,dc78f2a6-8dbf-4158-8e2f-4bb15f88603c,1,849,849,2026-07-12,2026-07-11,false,false,,,1.000000000000
2026-07-12,2026-07-11,extra-mercado,0a572414-1420-4389-9b1a-6c06ffb6f136,ipca-sp-1111021,1111021,a4514e44-a3d4-4541-8bd6-8a4fd8c53be4,1,1050,1050,2026-07-11,2026-07-11,true,false,missing_observation,,1.000000000000
2026-07-12,2026-07-11,extra-mercado,0a70e4af-0a32-4318-9a7f-7fbacabb2f5b,ipca-sp-1102061,1102061,cc56e60e-876a-4dc5-86a6-76bd994dfe42,1,249,249,2026-07-11,2026-07-11,true,false,missing_observation,,1.000000000000
2026-07-12,2026-07-11,extra-mercado,0ab43770-2867-4345-b357-1ea8404f0c64,ipca-sp-1112018,1112018,5f1c7ba0-063f-43f1-8528-bb3fc89974c0,1,1129,1129,2026-07-11,2026-07-11,true,false,missing_observation,,1.000000000000
2026-07-12,2026-07-11,extra-mercado,0ac7977e-3d8b-4805-a407-086ba42ecce3,ipca-sp-1109007,1109007,d4442ab7-dba4-4f40-b21d-9ca3190ba534,1,1450,1450,2026-07-12,2026-07-11,false,false,,,1.000000000000
2026-07-12,2026-07-11,extra-mercado,0ad908b8-8f95-43dd-9f6a-e053c52889c7,ipca-sp-1107018,1107018,55f24595-afc7-4c34-a421-052148910b9a,1,1492,1492,2026-07-11,2026-07-11,true,false,missing_observation,,1.000000000000
2026-07-12,2026-07-11,extra-mercado,0b4e8f98-6d1a-4190-bbcc-8852b4d2f510,ipca-sp-1109008,1109008,cd47766c-8f33-4303-bdd4-4b399b4f07fa,1,2290,2290,2026-07-12,2026-07-11,false,false,,,1.000000000000
2026-07-12,2026-07-11,extra-mercado,0b769a25-3971-472a-a6a8-fd6576e4f380,ipca-sp-1111019,1111019,66efff47-b27e-457c-a9c1-f5b33e86ea50,1,1749,1749,2026-07-12,2026-07-11,false,false,,,1.000000000000
2026-07-12,2026-07-11,extra-mercado,0c37a558-cb7a-4fe8-a13f-fc0c3e97c2e9,ipca-sp-1112003,1112003,c40a2e86-7b11-4519-b892-fda3e03dc9e2,1,389,389,2026-07-12,2026-07-11,false,false,,,1.000000000000
2026-07-12,2026-07-11,extra-mercado,0c6893cb-d6a9-491e-b8b8-919fa9517edd,ipca-sp-1111011,1111011,efe57fa0-7105-435f-943e-c6da49b7ecbd,1,3090,3090,2026-07-12,2026-07-11,false,false,,,1.000000000000
2026-07-12,2026-07-11,pao-de-acucar,00521fbb-191c-4e59-beaf-4520cac3071c,ipca-sp-1104023,1104023,33bcbbbb-2752-4e96-b73b-b810fc4dd95c,1,4399,4399,2026-07-12,2026-07-11,false,false,,,1.000000000000
2026-07-12,2026-07-11,pao-de-acucar,007dfb1d-859c-449f-b4f6-6cea756052f8,ipca-sp-1113014,1113014,addf0f8c-1383-4d5e-a239-0350686e83f2,1,2999,2999,2026-07-11,2026-07-11,true,false,missing_observation,,1.000000000000
2026-07-12,2026-07-11,pao-de-acucar,00d9c3d1-206b-4e57-aec1-7a3b11064904,ipca-sp-1116041,1116041,4cbf7e0c-b071-4337-ba97-1aa34d98e06b,1,2799,2799,2026-07-11,2026-07-11,true,false,missing_observation,,1.000000000000
2026-07-12,2026-07-11,pao-de-acucar,0116192a-496f-46bf-b58e-b78e4a3625c3,ipca-sp-1104052,1104052,a8c492c7-3b65-47fd-be9c-a3b7f9595db0,1,2099,2099,2026-07-12,2026-07-11,false,false,,,1.000000000000
2026-07-12,2026-07-11,pao-de-acucar,016805e5-2fda-4527-a622-9626f01408e2,ipca-sp-1107084,1107084,b836a981-bb3b-4e1a-b7b8-dc62e051a1aa,1,3294,3294,2026-07-11,2026-07-11,true,false,missing_observation,,1.000000000000
2026-07-12,2026-07-11,pao-de-acucar,0191dedf-d59a-4645-ba62-44e63ece45ae,ipca-sp-1111011,1111011,d4b96487-2d6d-4846-b909-73c31a3596ed,1,5990,5990,2026-07-12,2026-07-11,false,false,,,1.000000000000
2026-07-12,2026-07-11,pao-de-acucar,019c2a78-0f44-4b01-94b9-598afb9ffa99,ipca-sp-1104032,1104032,057b2171-4bea-46ce-8dc6-a89327002743,1,4199,4199,2026-07-12,2026-07-11,false,false,,,1.000000000000
2026-07-12,2026-07-11,pao-de-acucar,01b91bf6-05be-4482-ad18-85a5e620e655,ipca-sp-1107084,1107084,bb6d7291-5bfb-47e1-81c5-cf77162be32b,1,8388,8388,2026-07-12,2026-07-11,false,false,,,1.000000000000
2026-07-12,2026-07-11,pao-de-acucar,01b9226a-fc7c-479c-9057-c8660bb8b8f4,ipca-sp-1109008,1109008,31f7d472-b6bc-4582-92d6-74c4de7fca38,1,2890,2890,2026-07-11,2026-07-11,true,false,missing_observation,,1.000000000000
2026-07-12,2026-07-11,pao-de-acucar,01bbe405-87ba-4f28-a003-8f3890dd0463,ipca-sp-1104032,1104032,b1e5fe7b-60e6-45fb-808c-dcbed2999ff2,1,2999,2999,2026-07-11,2026-07-11,true,false,missing_observation,,1.000000000000
2026-07-12,2026-07-11,pao-de-acucar,01f15904-aba8-41ca-be31-0615f22924ea,ipca-sp-1116041,1116041,237d6230-c4c8-4e2c-adc6-4382f2ed5646,1,3479,3479,2026-07-12,2026-07-11,false,false,,,1.000000000000
2026-07-12,2026-07-11,pao-de-acucar,01fd89ad-fa6d-45c1-9a5e-36a17fab2d65,ipca-sp-1108075,1108075,18cf464d-0b6d-433d-ade9-36a427717259,1,3897,3897,2026-07-12,2026-07-11,false,false,,,1.000000000000
2026-07-12,2026-07-11,pao-de-acucar,01fe24b8-7058-4d34-99db-b55bb4ec7480,ipca-sp-1111011,1111011,016b4f0d-1bc4-4419-840e-e27812219f42,1,3062,3062,2026-07-11,2026-07-11,true,false,missing_observation,,1.000000000000
2026-07-12,2026-07-11,pao-de-acucar,020ab5af-c580-4faa-ba2e-8e5d9d2dda96,ipca-sp-1104032,1104032,1151cd8d-b991-4ba0-b91b-b8f5ee099600,1,4999,4999,2026-07-12,2026-07-11,false,false,,,1.000000000000
2026-07-12,2026-07-11,pao-de-acucar,022d31f6-c6c6-4e00-bc0f-79816a7e17f7,ipca-sp-1107018,1107018,ca4fbefc-2468-4155-be22-5889e03c426c,1,2632,2632,2026-07-11,2026-07-11,true,false,missing_observation,,1.000000000000
2026-07-12,2026-07-11,pao-de-acucar,02570816-33e6-42ec-aa0d-b684f72d2649,ipca-sp-1111011,1111011,afe2c588-8d5f-442f-a483-58c603d627f0,1,2598,2598,2026-07-11,2026-07-11,true,false,missing_observation,,1.000000000000
2026-07-12,2026-07-11,pao-de-acucar,0296bfb7-939a-4e6c-a7b9-d97ad6477d6b,ipca-sp-1116010,1116010,af4fd995-b67a-4645-8779-e9d9d8ffe8e3,1,2999,2999,2026-07-11,2026-07-11,true,false,missing_observation,,1.000000000000
2026-07-12,2026-07-11,pao-de-acucar,02eee105-76db-4fff-80c0-288a0b7783c1,ipca-sp-1116041,1116041,e0a0d73b-c662-49bb-9736-c9b1e747f537,1,499,499,2026-07-12,2026-07-11,false,false,,,1.000000000000
2026-07-12,2026-07-11,pao-de-acucar,03ac8aef-c9c1-4cdd-b2a8-83fdb888ffc8,ipca-sp-1107084,1107084,1a0ddf0a-01b2-464d-ac7f-89d7022d22a3,1,12585,12585,2026-07-11,2026-07-11,true,false,missing_observation,,1.000000000000
2026-07-12,2026-07-11,pao-de-acucar,03fc2c88-ed58-4487-8b05-d020524ca7dc,ipca-sp-1107084,1107084,3475ad07-6f50-4b85-b54f-9e1d3a6227e7,1,4195,4195,2026-07-12,2026-07-11,false,false,,,1.000000000000
2026-07-12,2026-07-11,pao-de-acucar,042126f0-fadf-489c-aac3-32f0429c87f7,ipca-sp-1112003,1112003,3e3bc812-8e4c-4de4-b3fd-9cd6d3c11e27,1,2899,2899,2026-07-11,2026-07-11,true,false,missing_observation,,1.000000000000
2026-07-12,2026-07-11,pao-de-acucar,042321b4-e7fb-4bf5-94f9-dae0eacf5477,ipca-sp-1104023,1104023,e74367f4-a94e-4fc5-b9df-f7e2789c5410,1,4999,4999,2026-07-12,2026-07-11,false,false,,,1.000000000000
2026-07-12,2026-07-11,pao-de-acucar,04351a29-5c2d-44d2-be66-e4e427796871,ipca-sp-1104052,1104052,e8edcbec-24c6-4e19-b746-18e03aa248a1,1,2499,2499,2026-07-11,2026-07-11,true,false,missing_observation,,1.000000000000
2026-07-12,2026-07-11,pao-de-acucar,0452a15b-9fd2-420e-b4a7-346ffef935f8,ipca-sp-1107093,1107093,43340968-e6d7-48ad-8ab8-67ccd6fa5cf0,1,4690,3890,2026-07-12,2026-07-11,false,false,,,1.205655526992
2026-07-12,2026-07-11,pao-de-acucar,047ec55a-f9a5-465a-ad9d-e604a3f7e3ad,ipca-sp-1114022,1114022,4b946386-6022-4e64-bf86-2db4ceebf6eb,1,3999,3999,2026-07-12,2026-07-11,false,false,,,1.000000000000
2026-07-12,2026-07-11,pao-de-acucar,04e31e71-a0ef-4ce4-bfd7-40f6ae00ea0f,ipca-sp-1110044,1110044,144c36f7-2039-4d1f-ac91-4ed510de15f5,1,2699,2699,2026-07-11,2026-07-11,true,false,missing_observation,,1.000000000000
2026-07-12,2026-07-11,pao-de-acucar,04e91806-b67e-4cf0-a908-10124c4ef796,ipca-sp-1101002,1101002,d3a49cb6-5593-4e33-8e4c-d2ca338236f4,1,2799,2799,2026-07-12,2026-07-11,false,false,,,1.000000000000
2026-07-12,2026-07-11,pao-de-acucar,04fa6f9c-0654-43b4-b3b8-5dc4170d716d,ipca-sp-1110010,1110010,7b372abf-4821-42bf-8cc5-c18708994ae6,1,3990,3990,2026-07-12,2026-07-11,false,false,,,1.000000000000
2026-07-12,2026-07-11,pao-de-acucar,050fadc2-81f6-485c-ab5e-f63003c6bf81,ipca-sp-1103028,1103028,f7a7da7a-5439-490b-9372-136af3515e37,1,2499,2499,2026-07-11,2026-07-11,true,false,missing_observation,,1.000000000000
2026-07-12,2026-07-11,pao-de-acucar,0542f469-9781-4e52-917f-3c78f570dea0,ipca-sp-1102029,1102029,7fb484cd-7e13-4b4b-9be5-7fd5e3bbe96a,1,4490,4490,2026-07-12,2026-07-11,false,false,,,1.000000000000
2026-07-12,2026-07-11,pao-de-acucar,054780fe-ba6a-45c4-9df2-5b31eb4afd70,ipca-sp-1107084,1107084,14dd8442-7e40-4d9a-a3a3-823b8f064d81,1,10485,10485,2026-07-12,2026-07-11,false,false,,,1.000000000000
2026-07-12,2026-07-11,pao-de-acucar,05729032-9d75-4bca-b39b-e693eaacb0a2,ipca-sp-1109008,1109008,59891f7c-1736-42c1-838e-0b8b6ae69e1a,1,2990,2990,2026-07-11,2026-07-11,true,false,missing_observation,,1.000000000000
2026-07-12,2026-07-11,pao-de-acucar,068a8085-76db-488e-8f3c-a12c3563562b,ipca-sp-1107018,1107018,acc548ef-9f2b-42c5-bf78-fb46e7e09b27,1,1529,1529,2026-07-12,2026-07-11,false,false,,,1.000000000000
2026-07-12,2026-07-11,pao-de-acucar,06d3c556-68ef-4b8c-b915-8bbb446f4260,ipca-sp-1106018,1106018,cffc3698-525b-41fb-b8ba-718650bf5174,1,2999,2999,2026-07-11,2026-07-11,true,false,missing_observation,,1.000000000000
2026-07-12,2026-07-11,pao-de-acucar,07912a21-641e-45dd-8ea3-9cad6bacf469,ipca-sp-1114022,1114022,494b035c-465a-496c-b250-a52381b5f8a6,1,2499,2499,2026-07-11,2026-07-11,true,false,missing_observation,,1.000000000000
2026-07-12,2026-07-11,pao-de-acucar,07bdaf56-ba3e-4cc2-b640-7b599fb05de6,ipca-sp-1109008,1109008,09a162cd-c339-4d1e-8cf2-b8812d53b995,1,2690,2690,2026-07-11,2026-07-11,true,false,missing_observation,,1.000000000000
2026-07-12,2026-07-11,pao-de-acucar,07f56022-5d57-40f0-a719-06f14d519b60,ipca-sp-1111011,1111011,53b4578d-bbcd-4e4d-8cf9-4b8246f422cf,1,6291,6291,2026-07-12,2026-07-11,false,false,,,1.000000000000
2026-07-12,2026-07-11,pao-de-acucar,085c1b0e-951f-465a-90b3-fde1c23e42a9,ipca-sp-1116071,1116071,2dead0d5-e738-48fe-a230-3be29073be50,1,2599,2599,2026-07-11,2026-07-11,true,false,missing_observation,,1.000000000000
2026-07-12,2026-07-11,pao-de-acucar,0866e4eb-0d42-4765-a45b-d71208661f07,ipca-sp-1112019,1112019,502aa2cc-b101-4538-9e46-4d265f13ca86,1,8789,8789,2026-07-12,2026-07-11,false,false,,,1.000000000000
2026-07-12,2026-07-11,pao-de-acucar,08e62cc9-5dc3-4b49-89c4-1346578830c1,ipca-sp-1115016,1115016,290a2bc8-723e-4243-bb39-4cc504ebd588,1,3699,3699,2026-07-12,2026-07-11,false,false,,,1.000000000000
2026-07-12,2026-07-11,pao-de-acucar,08efdb2b-ff09-458e-ac4c-313d1443322c,ipca-sp-1109008,1109008,6dd77e05-566d-48a4-a757-e131fb709186,1,2890,2890,2026-07-11,2026-07-11,true,false,missing_observation,,1.000000000000
2026-07-12,2026-07-11,pao-de-acucar,090e6448-da0e-46e9-be79-18174382b7a5,ipca-sp-1111011,1111011,bf292d0d-9c7b-45f5-808f-2a88b53963b7,1,3790,3790,2026-07-12,2026-07-11,false,false,,,1.000000000000
2026-07-12,2026-07-11,pao-de-acucar,0949f121-b650-41f2-81bf-af9195987b79,ipca-sp-1111019,1111019,e5f507aa-4868-4bf1-9f0d-1a926549ecee,1,3799,3799,2026-07-12,2026-07-11,false,false,,,1.000000000000
2026-07-12,2026-07-11,pao-de-acucar,099f05a2-03be-4bb5-95fb-916373d007b1,ipca-sp-1112003,1112003,bed5c507-2993-4c4d-806a-be64be5772d8,1,2899,2899,2026-07-11,2026-07-11,true,false,missing_observation,,1.000000000000
2026-07-12,2026-07-11,pao-de-acucar,09e4fc3e-2792-412d-8e30-68937ed93614,ipca-sp-1108075,1108075,52cfe7d3-6228-48f8-8efe-ac87c6788e2b,1,2890,2890,2026-07-11,2026-07-11,true,false,missing_observation,,1.000000000000
2026-07-12,2026-07-11,pao-de-acucar,0a5a04d0-d38e-4f90-af3f-ff8a95c1552b,ipca-sp-1104032,1104032,b6e64568-718f-4628-8a6d-8fb8dc767d14,1,4199,4199,2026-07-12,2026-07-11,false,false,,,1.000000000000
2026-07-12,2026-07-11,pao-de-acucar,0a82bb1e-5574-44c2-a3f4-76185723245a,ipca-sp-1111009,1111009,71be1257-977e-4911-bef1-cebf3d1438c2,1,3499,3499,2026-07-12,2026-07-11,false,false,,,1.000000000000
2026-07-12,2026-07-11,pao-de-acucar,0aa9ecc9-e80f-4e0e-ae70-f84cf4b3deab,ipca-sp-1113014,1113014,b56c31cb-4fd3-49f4-94ea-cc69c8d90ec5,1,10990,10990,2026-07-12,2026-07-11,false,false,,,1.000000000000
2026-07-12,2026-07-11,pao-de-acucar,0ac923ca-d313-4ea3-ae2f-710cc7a52a2c,ipca-sp-1104032,1104032,8f6b2919-a3cd-4bc3-84c2-efe9f6436dcf,1,2799,2799,2026-07-11,2026-07-11,true,false,missing_observation,,1.000000000000
2026-07-12,2026-07-11,pao-de-acucar,0acaef50-b95b-40c6-80e6-aa4c7348e485,ipca-sp-1111019,1111019,7f43b238-3f8f-4f18-9ded-d9593a56f8ae,1,9693,9693,2026-07-12,2026-07-11,false,false,,,1.000000000000
2026-07-12,2026-07-11,pao-de-acucar,0b22f810-be98-42f3-8b74-74693e06eff3,ipca-sp-1114001,1114001,aaa945cc-f30a-4b06-8a75-c24b5636111d,1,4179,4179,2026-07-12,2026-07-11,false,false,,,1.000000000000
2026-07-12,2026-07-11,pao-de-acucar,0b6ca4fd-aa49-4c0a-991d-4132899f4615,ipca-sp-1112019,1112019,18b27649-70b7-439a-a986-d39866a27dde,1,11868,11868,2026-07-12,2026-07-11,false,false,,,1.000000000000
2026-07-12,2026-07-11,pao-de-acucar,0b817281-32be-4c53-b6a2-f01fb970a7c7,ipca-sp-1109007,1109007,3df8a800-945d-40be-b56d-2b322d59d6e0,1,1579,1579,2026-07-12,2026-07-11,false,false,,,1.000000000000
2026-07-12,2026-07-11,pao-de-acucar,0b9af65b-5d4f-4715-89c8-13a36c82973c,ipca-sp-1107018,1107018,683adb2a-05ca-4975-99a4-f6539979330d,1,4995,4995,2026-07-12,2026-07-11,false,false,,,1.000000000000
2026-07-12,2026-07-11,st-marche,00522a27-e5f7-4f50-8a02-9023eb4a0191,ipca-sp-1112003,1112003,c753f97f-baba-448c-980e-50b367b18aae,1,1989,1989,2026-07-12,2026-07-11,false,false,,,1.000000000000
2026-07-12,2026-07-11,st-marche,00c3a8d9-f52e-440d-b7cd-9fb2bbb0d845,ipca-sp-1102061,1102061,d93cf8c7-9077-4c95-a5ab-e58541c2e3bb,1,319,319,2026-07-12,2026-07-11,false,false,,,1.000000000000
2026-07-12,2026-07-11,st-marche,00d66bda-5461-4416-bd6e-0145546b8df8,ipca-sp-1111004,1111004,cbfda79c-7109-4123-9c4b-fd72f2102748,1,999,999,2026-07-12,2026-07-11,false,false,,,1.000000000000
2026-07-12,2026-07-11,st-marche,00f6e658-854a-4a6c-b655-5c6f077d9da2,ipca-sp-1106019,1106019,7195c0d6-8b0d-4dfd-8864-425f7ea34508,1,1999,1999,2026-07-12,2026-07-11,false,false,,,1.000000000000
2026-07-12,2026-07-11,st-marche,0133abfd-b7f0-4f90-ad9f-17d898c060f0,ipca-sp-1109010,1109010,77bd3bb6-3418-4837-ad73-590726c0f157,1,7690,7690,2026-07-11,2026-07-11,true,false,missing_observation,,1.000000000000
2026-07-12,2026-07-11,st-marche,014f56cf-0dc2-4c3e-8d4a-ad20127ec112,ipca-sp-1112003,1112003,bc56601d-fe43-44dd-8e88-2b1cde944cf6,1,559,559,2026-07-11,2026-07-11,true,false,missing_observation,,1.000000000000
2026-07-12,2026-07-11,st-marche,01576508-53dd-4b42-809a-cf03418aebc6,ipca-sp-1114083,1114083,5c751c88-2356-4edc-9534-3dbdf9c6ee8d,1,329,329,2026-07-12,2026-07-11,false,false,,,1.000000000000
2026-07-12,2026-07-11,st-marche,016e4960-fa51-4dab-9345-7dc354507002,ipca-sp-1116033,1116033,5110e0cd-5971-49bd-a735-bca8cebb209a,1,1649,1649,2026-07-11,2026-07-11,true,false,missing_observation,,1.000000000000
2026-07-12,2026-07-11,st-marche,01c9a383-b6ee-4dc9-9ad7-35531f1dbf5d,ipca-sp-1112018,1112018,ee8c0772-cd6f-41b5-ad18-641daa1587ac,1,3929,3929,2026-07-12,2026-07-11,false,false,,,1.000000000000
2026-07-12,2026-07-11,st-marche,025a944c-5da9-4731-84b0-3f31a7037490,ipca-sp-1114087,1114087,207ef270-3c06-44b1-a021-0c4f2cdba91c,1,7990,7990,2026-07-12,2026-07-11,false,false,,,1.000000000000
2026-07-12,2026-07-11,st-marche,025ed87b-30dc-4e81-8d06-5e542d141b0d,ipca-sp-1109002,1109002,3304f028-3567-4b4d-876f-f3cfec67b2df,1,4699,4699,2026-07-12,2026-07-11,false,false,,,1.000000000000
2026-07-12,2026-07-11,st-marche,028d9bc3-a54e-4eb1-a2b2-ccedc93ca39a,ipca-sp-1102029,1102029,a8669c02-6653-40d1-a624-bbbd346a9c78,1,1749,1749,2026-07-12,2026-07-11,false,false,,,1.000000000000
2026-07-12,2026-07-11,st-marche,029aadb2-be67-45cb-a417-ceffba6d641c,ipca-sp-1114083,1114083,c452e02d-2f64-49cd-bf87-573800867bdb,1,399,399,2026-07-12,2026-07-11,false,false,,,1.000000000000
2026-07-12,2026-07-11,st-marche,03915b6a-c624-4914-88f9-2f716da3ce77,ipca-sp-1114087,1114087,326bd068-3b61-43b0-bd29-63bd7c4ed517,1,4990,4990,2026-07-12,2026-07-11,false,false,,,1.000000000000
2026-07-12,2026-07-11,st-marche,03f43200-ed6f-41c1-bd04-a7f91c605d53,ipca-sp-1114087,1114087,52671014-018c-448f-83a3-e3e542d9648d,1,4490,4490,2026-07-12,2026-07-11,false,false,,,1.000000000000
2026-07-12,2026-07-11,st-marche,0419aa60-79d7-4c3d-9de9-c6046af31fc7,ipca-sp-1114083,1114083,76c67d12-60c3-47f0-9733-5639f078a093,1,419,419,2026-07-12,2026-07-11,false,false,,,1.000000000000
2026-07-12,2026-07-11,st-marche,045b1511-8898-4cc8-a2cb-6626f6ea3ec2,ipca-sp-1112003,1112003,4f6c22e4-6e69-40cd-a0c4-f29710f1ec77,1,549,549,2026-07-12,2026-07-11,false,false,,,1.000000000000
2026-07-12,2026-07-11,st-marche,0491292a-4616-4040-a53d-6cd2afe5a0a2,ipca-sp-1114087,1114087,7db1d472-8a3d-45ff-ad21-634b9a986e9c,1,85290,85290,2026-07-11,2026-07-11,true,false,missing_observation,,1.000000000000
2026-07-12,2026-07-11,st-marche,0493fb9c-201d-4a19-8122-2dd1f27f2b01,ipca-sp-1114087,1114087,b3ebc74e-c027-4273-b5c6-2350984cb317,1,4490,4490,2026-07-12,2026-07-11,false,false,,,1.000000000000
2026-07-12,2026-07-11,st-marche,04e0cbb2-6dfd-4fce-b396-97606410347f,ipca-sp-1112019,1112019,4b207797-51e3-47ee-9062-97906d27182f,1,759,759,2026-07-12,2026-07-11,false,false,,,1.000000000000
2026-07-12,2026-07-11,st-marche,052c2147-b4b6-4457-9f32-c1152cffbbc1,ipca-sp-1112003,1112003,9342c16e-6d50-4e2a-b70f-94699905c850,1,1679,1679,2026-07-11,2026-07-11,true,false,missing_observation,,1.000000000000
2026-07-12,2026-07-11,st-marche,054cee50-39b0-4f01-a34e-c823b534b51e,ipca-sp-1112018,1112018,c59b34e0-349b-4532-9d72-dbdd63b8ec3e,1,1799,1799,2026-07-12,2026-07-11,false,false,,,1.000000000000
2026-07-12,2026-07-11,st-marche,058f62e7-948b-401e-9d50-9142fc2ce91e,ipca-sp-1112019,1112019,9118ab42-5f0d-4a24-887b-505540643e47,1,5490,5490,2026-07-12,2026-07-11,false,false,,,1.000000000000
2026-07-12,2026-07-11,st-marche,059c015f-ab83-4573-b1eb-afd9b2825444,ipca-sp-1104032,1104032,5420c747-ce81-44e7-ae5e-e96c79a739cb,1,6949,6949,2026-07-11,2026-07-11,true,false,missing_observation,,1.000000000000
2026-07-12,2026-07-11,st-marche,059d6480-a69f-40ff-a9eb-e21ba2c6ab91,ipca-sp-1114087,1114087,7e67a582-4cc2-4666-aaa2-e7b5587434f0,1,13990,13990,2026-07-12,2026-07-11,false,false,,,1.000000000000
2026-07-12,2026-07-11,st-marche,06c6d203-c70d-4548-9142-85733604b2a4,ipca-sp-1105001,1105001,0d60ee58-44d9-468c-9fa6-b11b1002c352,1,1499,1499,2026-07-11,2026-07-11,true,false,missing_observation,,1.000000000000
2026-07-12,2026-07-11,st-marche,06cfd7b7-cfb7-4470-93b4-0928ab8052c4,ipca-sp-1104023,1104023,f2604f68-8ee8-49d2-8ced-6907a6891aa3,1,999,999,2026-07-11,2026-07-11,true,false,missing_observation,,1.000000000000
2026-07-12,2026-07-11,st-marche,0767e079-c8f7-4beb-926c-1fcedabc5712,ipca-sp-1114083,1114083,1db756ea-8d2a-4683-acbd-54193d5109ee,1,259,259,2026-07-12,2026-07-11,false,false,,,1.000000000000
2026-07-12,2026-07-11,st-marche,07828a4f-9282-47c8-885e-95494fec6c85,ipca-sp-1112019,1112019,7fa64fd3-398b-4555-b40e-5c85b355037f,1,890,890,2026-07-11,2026-07-11,true,false,missing_observation,,1.000000000000
2026-07-12,2026-07-11,st-marche,07ad3d3b-06ae-4c7e-be18-28ac707ddb30,ipca-sp-1114001,1114001,8b78da0c-1917-4c46-9743-2b853d13f0ba,1,1499,1499,2026-07-11,2026-07-11,true,false,missing_observation,,1.000000000000
2026-07-12,2026-07-11,st-marche,07e5b442-5d04-47f8-834d-b168e7bf7527,ipca-sp-1114087,1114087,b1920562-2139-4d8b-95a8-af0eb8d17c86,1,6890,6890,2026-07-12,2026-07-11,false,false,,,1.000000000000
2026-07-12,2026-07-11,st-marche,07ed0218-6ce0-4a16-b7f1-d2e103bd95aa,ipca-sp-1104032,1104032,93f6b08e-fc67-4b56-aee3-5aeb544c7a1a,1,3290,3290,2026-07-12,2026-07-11,false,false,,,1.000000000000
2026-07-12,2026-07-11,st-marche,08c620e5-e17b-4acd-86be-d23fe01e544c,ipca-sp-1114087,1114087,7098302e-6791-4e89-b525-c6cbf3531338,1,12900,12900,2026-07-12,2026-07-11,false,false,,,1.000000000000
2026-07-12,2026-07-11,st-marche,08da0522-48f9-4445-beec-064ce9122ed0,ipca-sp-1112019,1112019,7651fccf-583e-4b06-af8e-f370423c3d09,1,3590,3590,2026-07-11,2026-07-11,true,false,missing_observation,,1.000000000000
2026-07-12,2026-07-11,st-marche,08e9d360-d9a5-459c-8430-34e2e150c3fd,ipca-sp-1114083,1114083,64f90684-d475-4e79-b7e4-d855961eca82,1,749,749,2026-07-12,2026-07-11,false,false,,,1.000000000000
2026-07-12,2026-07-11,st-marche,08fc299b-c1a6-4060-b739-30f5df44db9d,ipca-sp-1104023,1104023,eef66f07-0d3c-42a7-9200-4ba22dc1ef06,1,2299,2299,2026-07-12,2026-07-11,false,false,,,1.000000000000
2026-07-12,2026-07-11,st-marche,092fa07b-fad8-45b3-a5a6-3cef60fdd566,ipca-sp-1111019,1111019,a2265f03-4b9a-46f0-9dc6-0b6b081fbb5e,1,829,829,2026-07-12,2026-07-11,false,false,,,1.000000000000
2026-07-12,2026-07-11,st-marche,09ab5955-5716-49f5-8ccf-072e8065c610,ipca-sp-1111011,1111011,67e91421-cd7a-40af-b0a8-2660f5053352,1,2689,2689,2026-07-11,2026-07-11,true,false,missing_observation,,1.000000000000
2026-07-12,2026-07-11,st-marche,0a332873-c7cb-4512-b90e-1e11360df27a,ipca-sp-1109010,1109010,a6ed8d5d-ac3d-42a9-abc5-513dc49f5956,1,3590,3590,2026-07-12,2026-07-11,false,false,,,1.000000000000
2026-07-12,2026-07-11,st-marche,0a5a7e3c-4e7d-44ce-9494-39c458ab7f3f,ipca-sp-1108038,1108038,f874af2d-e648-4f6d-9133-8bc56552231e,1,4990,4990,2026-07-12,2026-07-11,false,false,,,1.000000000000
2026-07-12,2026-07-11,st-marche,0a6ce406-c401-4dca-adf5-9972135709e5,ipca-sp-1104023,1104023,d2a23080-85ae-4dd8-bcf9-80f668ee8046,1,2199,2199,2026-07-12,2026-07-11,false,false,,,1.000000000000
2026-07-12,2026-07-11,st-marche,0ae83ab7-6c74-4940-b40a-3684563e0306,ipca-sp-1108080,1108080,f62140cd-5f1e-43ae-9089-92deb90e6cd3,1,4799,4799,2026-07-12,2026-07-11,false,false,,,1.000000000000
2026-07-12,2026-07-11,st-marche,0af82a09-d3a2-4162-8884-c34a2ab9af15,ipca-sp-1104023,1104023,d646b581-45be-4aa0-8f70-4a94a8d4f424,1,1999,1999,2026-07-12,2026-07-11,false,false,,,1.000000000000
2026-07-12,2026-07-11,st-marche,0b05a3ec-a761-43c5-b946-24d54c4afa42,ipca-sp-1104032,1104032,8e0bd052-2681-434c-ac01-f6276827f3f8,1,1890,1890,2026-07-11,2026-07-11,true,false,missing_observation,,1.000000000000
2026-07-12,2026-07-11,st-marche,0b1546df-60c9-4d3c-a5c5-069c03a475aa,ipca-sp-1110010,1110010,a10dc3fe-e50d-4a2f-84a3-56eb43d873e5,1,2990,2990,2026-07-12,2026-07-11,false,false,,,1.000000000000
2026-07-12,2026-07-11,st-marche,0b998c33-9a0f-450c-9831-3bd373b79327,ipca-sp-1111019,1111019,d1fd7096-1a2c-474a-8d17-c0e5f80d737c,1,1299,1299,2026-07-12,2026-07-11,false,false,,,1.000000000000
2026-07-12,2026-07-11,st-marche,0ba773ab-21c5-4a88-9f17-d9e49a3f12e4,ipca-sp-1111019,1111019,4b5ad24d-b10e-4335-8c71-458835c398e1,1,999,999,2026-07-12,2026-07-11,false,false,,,1.000000000000
2026-07-12,2026-07-11,st-marche,0bf764d0-867c-4c6d-be9b-6f24f48e11ae,ipca-sp-1112003,1112003,fb4b9244-aeb1-4a19-8849-d66fd3b0f9e1,1,959,959,2026-07-11,2026-07-11,true,false,missing_observation,,1.000000000000
2026-07-12,2026-07-11,st-marche,0c06ac04-b0b9-4bc1-9155-0ccc0d94946c,ipca-sp-1111004,1111004,4d93a73b-fde8-4730-9685-727d79d0dbd4,1,749,749,2026-07-11,2026-07-11,true,false,missing_observation,,1.000000000000
2026-07-12,2026-07-11,st-marche,0c13aa38-36f8-4348-b720-0e53b16633a6,ipca-sp-1114087,1114087,d5ae8316-99a8-4b55-83b7-0d45b223822c,1,7990,7990,2026-07-12,2026-07-11,false,false,,,1.000000000000
2026-07-12,2026-07-11,st-marche,0c3621e7-5fc6-4485-8cfb-37d724c8b8e9,ipca-sp-1111011,1111011,7e80db37-57d9-46ea-b44f-da10ebf046ad,1,3990,3990,2026-07-12,2026-07-11,false,false,,,1.000000000000
2026-07-12,2026-07-11,st-marche,0c3ce604-3862-445b-a830-5f1c8bf6392e,ipca-sp-1114087,1114087,56cde3c9-8c2e-44a1-8e5a-8af7541df1a7,1,13990,13990,2026-07-12,2026-07-11,false,false,,,1.000000000000
2026-07-13,2026-07-12,carrefour,000bcd62-94d2-4367-92f6-5afda1165318,ipca-sp-1104032,1104032,40d19021-7990-4fe9-b15c-9a4c0daf1a5f,1,2399,2190,2026-07-13,2026-07-11,false,true,,missing_observation,1.095433789954
2026-07-13,2026-07-12,carrefour,00a6dc98-11ae-4155-808a-ad966c1355d4,ipca-sp-1112018,1112018,5f7cbd50-1447-4af9-a5bc-bc6d42b096f8,1,1778,1738,2026-07-13,2026-07-11,false,true,,missing_observation,1.023014959724
2026-07-13,2026-07-12,carrefour,00a95c3a-c8c1-4a56-ac1c-4fa59c593814,ipca-sp-1114087,1114087,51ab689a-2b48-44fe-aa00-854206a7a1c2,1,1649,1649,2026-07-12,2026-07-12,true,false,missing_observation,,1.000000000000
2026-07-13,2026-07-12,carrefour,00f412e6-5800-47ed-8070-fbbcc7c3fb25,ipca-sp-1114084,1114084,c5dd0b17-060f-454a-b573-11df5ad315ca,1,499,499,2026-07-12,2026-07-12,true,false,missing_observation,,1.000000000000
2026-07-13,2026-07-12,carrefour,010e690e-1eff-45db-967f-162cf03aef63,ipca-sp-1104023,1104023,dfe5c2f1-4a07-4581-8997-bcd16ac80936,1,489,489,2026-07-13,2026-07-12,false,false,,,1.000000000000
2026-07-13,2026-07-12,carrefour,0127c9d2-c59f-47a6-b1f6-f2b8fe1e6f6d,ipca-sp-1112019,1112019,aeef562a-753d-43bd-a46d-ac3e57be3897,1,798,798,2026-07-13,2026-07-12,false,false,,,1.000000000000
2026-07-13,2026-07-12,carrefour,013fae2d-ac0a-4fbb-8e70-b279890705e7,ipca-sp-1104023,1104023,95c2299b-63e4-4397-9ba9-4baa091a2d42,1,799,799,2026-07-12,2026-07-12,true,false,missing_observation,,1.000000000000
2026-07-13,2026-07-12,carrefour,01455013-ff48-4188-a8b5-439aa52b2058,ipca-sp-1109010,1109010,78fe7f88-4f00-41b9-914b-9efc98286bb2,1,939,939,2026-07-13,2026-07-12,false,false,,,1.000000000000
2026-07-13,2026-07-12,carrefour,016fc79b-1337-4a26-b50a-7ed676b07480,ipca-sp-1112019,1112019,bff087cf-afbb-4079-8d3b-ee6fe8fba098,1,398,399,2026-07-13,2026-07-11,false,true,,missing_observation,0.997493734336
2026-07-13,2026-07-12,carrefour,018a4c5a-4e32-4db4-9059-58509ac821ca,ipca-sp-1112003,1112003,e24d2895-386a-480b-90b7-2c6ae25a7c41,1,749,749,2026-07-13,2026-07-12,false,false,,,1.000000000000
2026-07-13,2026-07-12,carrefour,0190842f-28be-495f-995f-e30206fb4de0,ipca-sp-1115075,1115075,c794aa6d-7397-4ef1-82ab-5d2ed27cad4d,1,959,959,2026-07-12,2026-07-12,true,false,missing_observation,,1.000000000000
2026-07-13,2026-07-12,carrefour,01921125-7539-4dd1-920e-a6e7cd2470ef,ipca-sp-1116005,1116005,386e928f-ba62-4be1-96e7-bfe706365f81,1,259,259,2026-07-11,2026-07-11,true,true,missing_observation,missing_observation,1.000000000000
2026-07-13,2026-07-12,carrefour,01bdc491-f99e-43b9-99ba-4a8079eb478b,ipca-sp-1111019,1111019,e017d5d1-f666-4063-9c12-91433219257c,1,469,469,2026-07-13,2026-07-12,false,false,,,1.000000000000
2026-07-13,2026-07-12,carrefour,01be7808-f0a2-4235-b090-0214a196c8e4,ipca-sp-1111011,1111011,4f438f5e-17d6-47d6-854c-6101f904b7e7,1,8999,8999,2026-07-13,2026-07-12,false,false,,,1.000000000000
2026-07-13,2026-07-12,carrefour,01c54969-e7fd-4024-b330-a385762c6120,ipca-sp-1111019,1111019,bd609a88-5f59-41d0-bcb4-52b450d3b0c3,1,499,698,2026-07-13,2026-07-11,false,true,,missing_observation,0.714899713467
2026-07-13,2026-07-12,carrefour,02039a01-574b-4649-9bfd-c0797d226134,ipca-sp-1111021,1111021,30298b1f-89bf-4372-9b74-625d835b19dc,1,949,949,2026-07-13,2026-07-12,false,false,,,1.000000000000
2026-07-13,2026-07-12,carrefour,0213068b-c411-4565-89d3-062ac96f4aa6,ipca-sp-1112003,1112003,1e8be56b-9877-438a-87d7-2c04187c678d,1,929,929,2026-07-12,2026-07-12,true,false,missing_observation,,1.000000000000
2026-07-13,2026-07-12,carrefour,0228b9c1-1507-469a-a7b8-2914fd119f26,ipca-sp-1114083,1114083,05441e6f-511d-4eab-9d34-6e033de2126a,1,869,698,2026-07-13,2026-07-11,false,true,,missing_observation,1.244985673352
2026-07-13,2026-07-12,carrefour,022d3de2-760f-4705-bcf7-730f37e3ede4,ipca-sp-1111019,1111019,6291f1d6-f077-4cbf-a7d9-d3b49d549fef,1,1429,1429,2026-07-13,2026-07-12,false,false,,,1.000000000000
2026-07-13,2026-07-12,carrefour,02430e7b-f009-409c-b51f-f58a221b886e,ipca-sp-1111019,1111019,3ae5796c-d61c-4d7d-a283-c18209d94d2c,1,599,599,2026-07-13,2026-07-12,false,false,,,1.000000000000
2026-07-13,2026-07-12,carrefour,0248316d-d6ee-4d98-a532-6763e6a5327f,ipca-sp-1108080,1108080,a27ebfe9-d558-4ae5-8d59-6fbed0e69a5e,1,3490,3490,2026-07-13,2026-07-12,false,false,,,1.000000000000
2026-07-13,2026-07-12,carrefour,02d04519-4195-40e2-96b0-b9a15e0a698e,ipca-sp-1101002,1101002,f6473126-f968-414a-887c-f861c9b3a187,1,579,579,2026-07-13,2026-07-12,false,false,,,1.000000000000
2026-07-13,2026-07-12,carrefour,03438fa3-c18f-4364-b021-4c0fe03ff048,ipca-sp-1114083,1114083,a1d9479e-ee42-4d85-8563-3df2a6400c2b,1,399,399,2026-07-12,2026-07-12,true,false,missing_observation,,1.000000000000
2026-07-13,2026-07-12,carrefour,0350bd15-0065-433c-9b5a-02d58aef7d99,ipca-sp-1116071,1116071,897c5be3-ee18-4b61-92e3-76ef8561a42a,1,50,50,2026-07-12,2026-07-12,true,false,missing_observation,,1.000000000000
2026-07-13,2026-07-12,carrefour,0373d8b9-ab11-4b41-9b93-5adb27accf76,ipca-sp-1112019,1112019,6490171f-47ae-4422-b6d7-e868fe03bbcf,1,399,399,2026-07-11,2026-07-11,true,true,missing_observation,missing_observation,1.000000000000
2026-07-13,2026-07-12,carrefour,03937c90-b6a9-4baa-b0f8-a19d9aafa0f3,ipca-sp-1112003,1112003,9d73150b-e7d1-4614-b08a-a94a7ba918b4,1,499,499,2026-07-12,2026-07-12,true,false,missing_observation,,1.000000000000
2026-07-13,2026-07-12,carrefour,0398b76d-f281-4f2f-8b37-4f86c4b9453f,ipca-sp-1112018,1112018,7e238e80-e4c9-4073-9cbc-3fe57a1034eb,1,2448,2448,2026-07-11,2026-07-11,true,true,unavailable,missing_observation,1.000000000000
2026-07-13,2026-07-12,carrefour,03a4b810-5aaa-45b9-840c-2ac6bdf202f9,ipca-sp-1113013,1113013,ed9e5bb8-e95c-4d18-9f3f-41c2de713931,1,729,729,2026-07-13,2026-07-12,false,false,,,1.000000000000
2026-07-13,2026-07-12,carrefour,03b6228b-a9ac-4f9f-9c7b-3c646be85533,ipca-sp-1114084,1114084,b1a1e458-9a2d-4fb3-8c44-efcf5824eadc,1,399,379,2026-07-13,2026-07-11,false,true,,missing_observation,1.052770448549
2026-07-13,2026-07-12,carrefour,04b735c0-9e22-4383-aa5c-9565409e5a90,ipca-sp-1114087,1114087,0b3715ca-8b4c-462a-befd-b80550c2fed1,1,1599,1659,2026-07-13,2026-07-11,false,true,,missing_observation,0.963833634720
2026-07-13,2026-07-12,carrefour,04d8d074-5bc7-426f-9513-c452afcb9fe1,ipca-sp-1111019,1111019,ad79fa5f-4c0a-4635-bef5-47aa4413874e,1,1999,1999,2026-07-13,2026-07-12,false,false,,,1.000000000000
2026-07-13,2026-07-12,carrefour,04e9dad8-9c60-491d-97ed-fa99b4a44010,ipca-sp-1111019,1111019,5a4ab502-0f81-4faa-a4f8-f0849b8f8e6b,1,1999,1999,2026-07-13,2026-07-12,false,false,,,1.000000000000
2026-07-13,2026-07-12,carrefour,050d8b96-a7c6-4eb0-86f8-5c9c2501cfa8,ipca-sp-1113040,1113040,f70ab2a2-7666-40b1-bed4-8d6567c12a26,1,819,819,2026-07-13,2026-07-12,false,false,,,1.000000000000
2026-07-13,2026-07-12,carrefour,0536b36a-e91d-4599-a4d8-f111b906df23,ipca-sp-1103028,1103028,2beaf139-c087-4b28-993c-1640968fd9e6,1,899,899,2026-07-12,2026-07-12,true,false,unavailable,,1.000000000000
2026-07-13,2026-07-12,carrefour,0538d7a8-d23f-4369-b1a2-f6e983cb3738,ipca-sp-1111011,1111011,f439d563-54aa-4ce4-91cf-ab702b43939c,1,699,699,2026-07-13,2026-07-12,false,false,,,1.000000000000
2026-07-13,2026-07-12,carrefour,058c3c0b-5244-43e1-984e-66194559e016,ipca-sp-1114001,1114001,e363501c-b549-4e10-9cc9-42a85f388347,1,1890,2190,2026-07-13,2026-07-11,false,true,,missing_observation,0.863013698630
2026-07-13,2026-07-12,carrefour,05d0037b-aa98-445b-b0df-8e33af6aa1fa,ipca-sp-1104023,1104023,b4a07238-fb55-4c7d-b95e-55351e29c5de,1,749,749,2026-07-13,2026-07-12,false,false,,,1.000000000000
2026-07-13,2026-07-12,carrefour,05eee550-baa3-4a4d-91ae-18fc6cebd110,ipca-sp-1114087,1114087,0abd1623-5726-4e86-9287-71541f29200b,1,3699,3199,2026-07-13,2026-07-11,false,true,,missing_observation,1.156298843389
2026-07-13,2026-07-12,carrefour,05fb6b51-6a83-4996-bf91-895edea6ee1a,ipca-sp-1104023,1104023,5ff99cc4-f6a4-4d13-be0e-f88a19a9977e,1,799,799,2026-07-12,2026-07-12,true,false,missing_observation,,1.000000000000
2026-07-13,2026-07-12,carrefour,060f6ad5-2d38-4ede-8fc6-0cc83fdc595d,ipca-sp-1107018,1107018,9295ebb2-036f-4541-abcc-11fe3aa72780,1,989,989,2026-07-13,2026-07-12,false,false,,,1.000000000000
2026-07-13,2026-07-12,carrefour,0622492c-54c0-4695-890b-dfc7b78c3f65,ipca-sp-1106017,1106017,b856a3fa-05aa-49ae-9940-976eaae9d827,1,899,899,2026-07-13,2026-07-12,false,false,,,1.000000000000
2026-07-13,2026-07-12,carrefour,0656ca4c-f540-467e-9294-74965981042e,ipca-sp-1112018,1112018,993188ac-f843-46aa-8c1d-5cd62c858803,1,1299,1299,2026-07-11,2026-07-11,true,true,unavailable,missing_observation,1.000000000000
2026-07-13,2026-07-12,carrefour,067e865b-822e-4834-866f-363f61da757b,ipca-sp-1111019,1111019,e8805419-f00d-4450-80a6-a2ac178cb6a4,1,499,499,2026-07-12,2026-07-12,true,false,missing_observation,,1.000000000000
2026-07-13,2026-07-12,carrefour,06daff0f-876d-4f28-b2f8-1d9f1d30d79b,ipca-sp-1112003,1112003,3c6366dd-cad3-4a30-825d-6274808ae0cc,1,699,699,2026-07-11,2026-07-11,true,true,missing_observation,missing_observation,1.000000000000
2026-07-13,2026-07-12,carrefour,070acdc0-2006-402b-a5db-6217e90bb277,ipca-sp-1104032,1104032,105615d1-886c-4180-81e4-e7e8cb44b5a1,1,3489,3489,2026-07-11,2026-07-11,true,true,unavailable,missing_observation,1.000000000000
2026-07-13,2026-07-12,carrefour,07101626-9d5f-48d1-830e-1ebb39c31629,ipca-sp-1104023,1104023,65a895a9-fc6b-4974-8d06-7f75364a9e24,1,799,799,2026-07-12,2026-07-12,true,false,missing_observation,,1.000000000000
2026-07-13,2026-07-12,carrefour,07175bfa-c6fb-4a73-b991-007da78f5cd8,ipca-sp-1110010,1110010,e3c46f61-7de6-4dfb-8944-70ee4b722280,1,2990,2990,2026-07-13,2026-07-12,false,false,,,1.000000000000
2026-07-13,2026-07-12,carrefour,0744509e-f978-4bf2-bdcc-cb95ead5c3ea,ipca-sp-1112003,1112003,e48e8dd3-2f84-4608-b8b4-feb2ff68111d,1,299,299,2026-07-12,2026-07-12,true,false,missing_observation,,1.000000000000
2026-07-13,2026-07-12,carrefour,07606c0d-94a8-4857-bc61-e4c7ba6fab35,ipca-sp-1114090,1114090,274bbce6-7546-485f-a59c-e18b13300871,1,99,99,2026-07-12,2026-07-12,true,false,missing_observation,,1.000000000000
2026-07-13,2026-07-12,carrefour,0791fd5a-c9f5-4081-8ea3-b349fa739e18,ipca-sp-1114084,1114084,2bdca4a1-05ff-44ae-8662-bddc0fb0f805,1,315,315,2026-07-13,2026-07-11,false,true,,missing_observation,1.000000000000
2026-07-13,2026-07-12,carrefour,07c3d504-7c26-4939-9c89-fa5bfbd1d982,ipca-sp-1102061,1102061,fbde95dc-4b22-40be-aeb7-a3a3ce9a949f,1,189,189,2026-07-13,2026-07-12,false,false,,,1.000000000000
2026-07-13,2026-07-12,carrefour,0898711a-58e1-432f-9042-7bad786e8de6,ipca-sp-1104023,1104023,12bed1a9-80db-411b-9923-aeb4df28325f,1,1199,1199,2026-07-13,2026-07-12,false,false,,,1.000000000000
2026-07-13,2026-07-12,carrefour,08b900cb-0887-42fa-926a-1ba66c9adda9,ipca-sp-1112018,1112018,2e0f04c3-fb1c-4659-99ff-d5df2b0776ac,1,1359,1339,2026-07-13,2026-07-11,false,true,,missing_observation,1.014936519791
2026-07-13,2026-07-12,carrefour,08bc9431-11e5-4e73-8615-f438294c5d58,ipca-sp-1102006,1102006,2668fc81-fce0-4156-bc1f-147489007b77,1,499,499,2026-07-12,2026-07-12,true,false,missing_observation,,1.000000000000
2026-07-13,2026-07-12,carrefour,08d1dbd8-68a8-4e39-802c-30a88b4e81d1,ipca-sp-1104023,1104023,346845f9-43aa-4833-8d71-1e10d3a6bc2a,1,879,879,2026-07-12,2026-07-12,true,false,missing_observation,,1.000000000000
2026-07-13,2026-07-12,carrefour,08ec3e8d-94fc-4be0-939b-1c7b8432f5a8,ipca-sp-1114087,1114087,d4132fd6-c67b-42aa-a972-c3cda224874d,1,3699,3199,2026-07-13,2026-07-11,false,true,,missing_observation,1.156298843389
2026-07-13,2026-07-12,carrefour,09589db4-7cb7-4eb5-8807-fa27d8fa8955,ipca-sp-1114001,1114001,797343d9-e4cc-4132-b2cc-2cb6b7fa213f,1,239,239,2026-07-13,2026-07-11,false,true,,missing_observation,1.000000000000
2026-07-13,2026-07-12,carrefour,096f8279-2fcb-4f60-aaec-276dadd9a948,ipca-sp-1112003,1112003,d18ec60a-c00e-4c9f-8ffa-077c925eb681,1,439,439,2026-07-13,2026-07-12,false,false,,,1.000000000000
2026-07-13,2026-07-12,carrefour,09bd126b-f091-4451-881a-0ccf745cb4a2,ipca-sp-1111011,1111011,0545aa84-421b-41a1-a44d-14adcb4069a7,1,849,679,2026-07-13,2026-07-12,false,false,,,1.250368188513
2026-07-13,2026-07-12,carrefour,0a15ca95-117e-4c4c-89d1-a5ac9093b95b,ipca-sp-1103003,1103003,e2bf22f9-16f4-450c-85ac-50184bfafb18,1,3408,3408,2026-07-11,2026-07-11,true,true,missing_observation,missing_observation,1.000000000000
2026-07-13,2026-07-12,carrefour,0a6e46c9-7753-4952-99d2-471c461b2d05,ipca-sp-1114083,1114083,9e9462ea-4953-45f5-bd72-ed053a284c51,1,189,189,2026-07-12,2026-07-12,true,false,missing_observation,,1.000000000000
2026-07-13,2026-07-12,carrefour,0b3fb271-0bad-461e-96e9-81fa0523fb1f,ipca-sp-1115057,1115057,dc2da394-8954-427b-b5f4-32dba461f2b6,1,829,829,2026-07-12,2026-07-12,true,false,missing_observation,,1.000000000000
2026-07-13,2026-07-12,carrefour,0b59fcb4-4708-4db1-90df-cd246cd0ad98,ipca-sp-1114090,1114090,4791e478-f6c7-41ed-afd3-6296f8cf9f24,1,99,99,2026-07-12,2026-07-12,true,false,missing_observation,,1.000000000000
2026-07-13,2026-07-12,carrefour,0bc15d81-69a0-4bb7-9bb7-09481f249045,ipca-sp-1110010,1110010,e6de7aea-c1ad-4f25-9b45-293228a66a2d,1,1089,1089,2026-07-12,2026-07-12,true,false,missing_observation,,1.000000000000
2026-07-13,2026-07-12,carrefour,0bf6c3e4-918d-4468-938f-0f89a35c4625,ipca-sp-1114001,1114001,4ff6033b-d09b-4c48-9f34-a59af2818dad,1,1499,1499,2026-07-13,2026-07-11,false,true,,missing_observation,1.000000000000
2026-07-13,2026-07-12,carrefour,0c1ad335-5e5e-40ea-80f7-c96939290cd4,ipca-sp-1104023,1104023,7398051d-c322-42bd-8440-8244b11675c9,1,299,299,2026-07-12,2026-07-12,true,false,missing_observation,,1.000000000000
2026-07-13,2026-07-12,carrefour,0c2386af-0d68-4087-98e1-76a500f1ccfb,ipca-sp-1102006,1102006,ba1d30a8-4d8a-4d71-a044-51db2a395611,1,999,999,2026-07-12,2026-07-12,true,false,missing_observation,,1.000000000000
2026-07-13,2026-07-12,carrefour,0c818bab-1341-4fe6-b771-107c85a3ff77,ipca-sp-1110010,1110010,869cab55-dd54-42c2-b445-d622ee1a6725,1,1450,1450,2026-07-13,2026-07-12,false,false,,,1.000000000000
2026-07-13,2026-07-12,extra-mercado,003661ae-ec34-49c0-8dc4-685715191607,ipca-sp-1115057,1115057,39af085b-14be-4476-8d90-4327e1883258,1,1049,1049,2026-07-12,2026-07-12,true,false,missing_observation,,1.000000000000
2026-07-13,2026-07-12,extra-mercado,005ce635-cf48-43f7-b56a-def252c01da0,ipca-sp-1115075,1115075,00e10050-44f1-4954-99e2-b6098e10beec,1,1299,1299,2026-07-13,2026-07-12,false,false,,,1.000000000000
2026-07-13,2026-07-12,extra-mercado,00ce918f-1dff-48f3-8345-dc746ac1a335,ipca-sp-1104023,1104023,a61e6b59-d3d7-4a46-988d-19806580b0d3,1,299,299,2026-07-13,2026-07-12,false,false,,,1.000000000000
2026-07-13,2026-07-12,extra-mercado,01037aac-0a23-4d63-80be-bd84c5faf8d6,ipca-sp-1104023,1104023,a3180eda-8c0d-403c-aa28-f04ccad26554,1,1099,1099,2026-07-12,2026-07-12,true,false,missing_observation,,1.000000000000
2026-07-13,2026-07-12,extra-mercado,01169273-a2b4-4e07-87a0-d73e3e9525c5,ipca-sp-1113040,1113040,68159997-3c69-4774-a36b-675e03ecc68a,1,999,999,2026-07-12,2026-07-12,true,false,missing_observation,,1.000000000000
2026-07-13,2026-07-12,extra-mercado,0149a288-4af1-4750-80bd-d33642e363d9,ipca-sp-1112018,1112018,2b3dd5df-492d-47ed-b019-82f90d9d05ae,1,1039,1039,2026-07-13,2026-07-12,false,false,,,1.000000000000
2026-07-13,2026-07-12,extra-mercado,01534c4a-fcdb-409d-a2f2-902b0272c8e0,ipca-sp-1114022,1114022,d59c01c8-bd1f-4a10-b187-20f9777e6c12,1,3399,2399,2026-07-13,2026-07-12,false,false,,,1.416840350146
2026-07-13,2026-07-12,extra-mercado,01813a59-a240-46e0-9060-dd169daef59e,ipca-sp-1107018,1107018,2a5ed3d2-74d1-4544-aef2-a2611ef95458,1,2090,2090,2026-07-13,2026-07-11,false,true,,missing_observation,1.000000000000
2026-07-13,2026-07-12,extra-mercado,02016470-762e-41ae-9a65-02881d2d322d,ipca-sp-1112003,1112003,7e1f13c7-4d3a-4c20-ae2b-22adcb48d4c4,1,199,199,2026-07-13,2026-07-12,false,false,,,1.000000000000
2026-07-13,2026-07-12,extra-mercado,021824a1-fe48-48f1-ad3e-856753eb1762,ipca-sp-1111019,1111019,9d2ff46d-5ba9-4b3c-8ef1-9c99bdd16bed,1,899,899,2026-07-12,2026-07-12,true,false,missing_observation,,1.000000000000
2026-07-13,2026-07-12,extra-mercado,02196195-d10e-41c6-8018-616731f5184f,ipca-sp-1112003,1112003,f96626fb-5fcd-4ad3-bc1c-3ad755ee24f9,1,499,499,2026-07-12,2026-07-12,true,false,missing_observation,,1.000000000000
2026-07-13,2026-07-12,extra-mercado,022d038b-a475-4d26-adfb-db352197a590,ipca-sp-1103028,1103028,874223b4-afa7-40cf-8095-cd6737205b29,1,649,649,2026-07-11,2026-07-11,true,true,missing_observation,missing_observation,1.000000000000
2026-07-13,2026-07-12,extra-mercado,024474c9-f132-450f-bb41-54a3f58305b9,ipca-sp-1111011,1111011,5228efe8-d2d9-46f0-9f92-7c363c214176,1,1390,1390,2026-07-13,2026-07-12,false,false,,,1.000000000000
2026-07-13,2026-07-12,extra-mercado,02612274-5385-4bb1-bcf4-84741670a5ed,ipca-sp-1116005,1116005,d14b68b2-407d-4c71-a768-26b8f2d4d8a5,1,1799,1799,2026-07-13,2026-07-11,false,true,,missing_observation,1.000000000000
2026-07-13,2026-07-12,extra-mercado,02be7fc3-b139-49bb-8bc1-1d91a469e866,ipca-sp-1116071,1116071,a67d6668-5e98-4344-af16-ad1db54fb899,1,679,679,2026-07-13,2026-07-12,false,false,,,1.000000000000
2026-07-13,2026-07-12,extra-mercado,032bbe1e-1a30-4ecb-bee4-d82cae47fdf6,ipca-sp-1114084,1114084,d870221b-5e8f-4a8d-9786-c9bd641935f2,1,798,798,2026-07-13,2026-07-12,false,false,,,1.000000000000
2026-07-13,2026-07-12,extra-mercado,032f59d3-efcc-4bdf-bf95-7b3a261ccfed,ipca-sp-1112018,1112018,b153ed9f-24d9-479c-8296-ba31b502144b,1,929,929,2026-07-13,2026-07-12,false,false,,,1.000000000000
2026-07-13,2026-07-12,extra-mercado,035bda36-9766-47fc-81a2-4700d214a0e6,ipca-sp-1104023,1104023,dc7e5ad7-1651-4301-9200-94f2519c979f,1,899,899,2026-07-12,2026-07-12,true,false,missing_observation,,1.000000000000
2026-07-13,2026-07-12,extra-mercado,036ebaba-9d56-4421-8830-8b9e2d982251,ipca-sp-1102006,1102006,2b854582-b55d-483c-b40a-6a87a5ed0400,1,399,399,2026-07-13,2026-07-11,false,true,,missing_observation,1.000000000000
2026-07-13,2026-07-12,extra-mercado,03773828-d0ca-4940-a3cd-19d34bb6b9f3,ipca-sp-1110009,1110009,d056e21e-4b2b-4789-aea2-0ce15ef0c6dd,1,5496,5496,2026-07-13,2026-07-12,false,false,,,1.000000000000
2026-07-13,2026-07-12,extra-mercado,03c19109-a74d-4783-ba0d-638ca00ebed4,ipca-sp-1105012,1105012,7e440d0c-eae2-467a-ad5c-9961445ebfbd,1,1799,1799,2026-07-13,2026-07-12,false,false,,,1.000000000000
2026-07-13,2026-07-12,extra-mercado,03d86dba-175f-4ff9-8a1f-b9c9b29dcef6,ipca-sp-1111019,1111019,54124836-1349-4c3f-be94-7bdc944a2f26,1,829,829,2026-07-12,2026-07-12,true,false,missing_observation,,1.000000000000
2026-07-13,2026-07-12,extra-mercado,03e45f4d-8914-42b4-b166-ea49e20de4b1,ipca-sp-1103044,1103044,5ce875e2-999c-40f1-b214-64dc2bca6a16,1,899,899,2026-07-13,2026-07-11,false,true,,missing_observation,1.000000000000
2026-07-13,2026-07-12,extra-mercado,040b979e-41ff-4af1-9df2-c82165432f07,ipca-sp-1116005,1116005,eb573bd4-bd6e-42ef-8693-045644047b10,1,1849,1849,2026-07-13,2026-07-12,false,false,,,1.000000000000
2026-07-13,2026-07-12,extra-mercado,044ec551-9c41-4604-b9f2-ffb81663c67d,ipca-sp-1113013,1113013,2947300f-3671-4870-a145-6d49a70fee1f,1,779,779,2026-07-13,2026-07-11,false,true,,missing_observation,1.000000000000
2026-07-13,2026-07-12,extra-mercado,051b7650-ab48-48a3-b447-4558f296762b,ipca-sp-1110010,1110010,7bfcb8cf-e422-4807-842b-20ffd044fded,1,2390,2390,2026-07-13,2026-07-12,false,false,,,1.000000000000
2026-07-13,2026-07-12,extra-mercado,05b9b382-0cbb-47fa-8041-b1d9197736ad,ipca-sp-1111019,1111019,849860b4-5e11-4cd1-82cc-f1510d300469,1,949,949,2026-07-13,2026-07-12,false,false,,,1.000000000000
2026-07-13,2026-07-12,extra-mercado,05fb9222-69e9-4909-b248-fe5642f6047f,ipca-sp-1115016,1115016,368bdb47-ebbe-47f4-abf0-dbe793468880,1,2899,2899,2026-07-13,2026-07-12,false,false,,,1.000000000000
2026-07-13,2026-07-12,extra-mercado,064ae9a8-63df-4bcd-8c6d-d05c84f23442,ipca-sp-1107095,1107095,34422277-b5dc-41f2-a20d-f0f96ab1b344,1,2694,2694,2026-07-13,2026-07-11,false,true,,missing_observation,1.000000000000
2026-07-13,2026-07-12,extra-mercado,06638acf-d5b5-45cc-a79b-87d3a479d1ad,ipca-sp-1114001,1114001,0013d211-01f3-4b62-9063-bede34e08151,1,2199,2199,2026-07-13,2026-07-12,false,false,,,1.000000000000
2026-07-13,2026-07-12,extra-mercado,067cae27-9859-4a77-be16-3e7dfe460979,ipca-sp-1111019,1111019,09bb0d4b-1083-4984-8c9f-475cb79fb422,1,379,379,2026-07-13,2026-07-11,false,true,,missing_observation,1.000000000000
2026-07-13,2026-07-12,extra-mercado,0684a9d3-b9c4-4276-bec3-0b8e7b2c4ef8,ipca-sp-1104023,1104023,f8d72931-3aa2-4dce-b3c5-2507ac4f4604,1,799,699,2026-07-13,2026-07-12,false,false,,,1.143061516452
2026-07-13,2026-07-12,extra-mercado,06c7dca2-9750-4319-95ee-b927b4249923,ipca-sp-1112018,1112018,cffa458f-b4c3-44e7-941b-06d67e250fab,1,1289,1289,2026-07-12,2026-07-12,true,false,missing_observation,,1.000000000000
2026-07-13,2026-07-12,extra-mercado,06edac41-bdec-4990-8bdb-9a24246144bc,ipca-sp-1104023,1104023,ff8be7bd-d1b1-4bd5-aa43-12a7732b722d,1,1149,1149,2026-07-13,2026-07-12,false,false,,,1.000000000000
2026-07-13,2026-07-12,extra-mercado,0713139b-0947-4cab-94ed-a78cbbc4e90b,ipca-sp-1114083,1114083,391bac2b-fc61-4247-8797-4fbbd8c7ad57,1,179,179,2026-07-13,2026-07-12,false,false,,,1.000000000000
2026-07-13,2026-07-12,extra-mercado,071b4123-63c7-4c63-bcdb-1e6601f6992e,ipca-sp-1112003,1112003,de4a59b6-2686-41cc-ab4a-f873b8d71722,1,345,345,2026-07-12,2026-07-12,true,false,missing_observation,,1.000000000000
2026-07-13,2026-07-12,extra-mercado,07252e95-858a-42af-9fdf-21209edc5115,ipca-sp-1102006,1102006,35b20945-ccb9-433b-8d4b-5ca7fa9b84bd,1,669,669,2026-07-13,2026-07-11,false,true,,missing_observation,1.000000000000
2026-07-13,2026-07-12,extra-mercado,0755b821-b71d-4470-9333-8d03966f670b,ipca-sp-1112018,1112018,5a52f0c4-f8d2-4757-9d41-65e8f5a0cc66,1,1149,999,2026-07-13,2026-07-12,false,false,,,1.150150150150
2026-07-13,2026-07-12,extra-mercado,079c5819-b315-4efb-8052-90745be8458b,ipca-sp-1114083,1114083,48813a8d-c0cd-4d2a-9e70-2bd86d553c9e,1,779,779,2026-07-13,2026-07-12,false,false,,,1.000000000000
2026-07-13,2026-07-12,extra-mercado,0809d1ef-6cd7-4ee4-9334-245d306c9b09,ipca-sp-1114083,1114083,c5fa3152-5427-44ba-81eb-547834ca7801,1,309,309,2026-07-13,2026-07-12,false,false,,,1.000000000000
2026-07-13,2026-07-12,extra-mercado,08134ecf-bef0-4776-b1ec-f14ef3645413,ipca-sp-1111019,1111019,9159f4fb-6a15-4f02-928c-ec32d81ceb9b,1,999,999,2026-07-13,2026-07-12,false,false,,,1.000000000000
2026-07-13,2026-07-12,extra-mercado,08202e10-7249-4e7e-a879-855855b6ac6a,ipca-sp-1111011,1111011,1899c57c-884d-4dba-8138-76cc0915b29d,1,2140,2140,2026-07-13,2026-07-12,false,false,,,1.000000000000
2026-07-13,2026-07-12,extra-mercado,0831447a-7f40-467a-9e68-8333e166ab0c,ipca-sp-1111019,1111019,0a019f44-fb43-47fa-a657-864925613c64,1,329,329,2026-07-13,2026-07-12,false,false,,,1.000000000000
2026-07-13,2026-07-12,extra-mercado,0884eb56-6faf-48b5-8c1b-9938dd39a706,ipca-sp-1116010,1116010,fb578530-d761-442d-bc5f-99a93b2a40b4,1,1490,1490,2026-07-12,2026-07-12,true,false,missing_observation,,1.000000000000
2026-07-13,2026-07-12,extra-mercado,08d3e2bf-7074-4f60-9c8d-56cec36c21a5,ipca-sp-1114084,1114084,bba00f23-2cb8-44e2-bdac-fd3da379eb98,1,369,369,2026-07-13,2026-07-12,false,false,,,1.000000000000
2026-07-13,2026-07-12,extra-mercado,0921cd34-0886-4a27-ada7-626620dbc05d,ipca-sp-1111019,1111019,c83627a3-ac2c-47e4-86f3-19144a0072ac,1,1849,1849,2026-07-12,2026-07-12,true,false,missing_observation,,1.000000000000
2026-07-13,2026-07-12,extra-mercado,097b9835-d622-4bb8-935e-741207be589c,ipca-sp-1103003,1103003,afbfa3cb-0bd7-4a41-8b5d-6d70dd9e0190,1,1850,1850,2026-07-11,2026-07-11,true,true,missing_observation,missing_observation,1.000000000000
2026-07-13,2026-07-12,extra-mercado,097f778b-1044-41ad-9bb1-bfe7416faf78,ipca-sp-1111019,1111019,c80a3ba2-d2b4-4ac9-ae2b-445289c44196,1,489,489,2026-07-13,2026-07-11,false,true,,missing_observation,1.000000000000
2026-07-13,2026-07-12,extra-mercado,099edcd2-c4f5-4114-97bb-e9e8f547060a,ipca-sp-1102006,1102006,91a88dd2-091f-42f1-8110-33cb1ba8771d,1,879,879,2026-07-12,2026-07-12,true,false,missing_observation,,1.000000000000
2026-07-13,2026-07-12,extra-mercado,09be12db-5e0a-427d-bce7-83b97c80079f,ipca-sp-1111009,1111009,176e414a-b685-451f-95a3-75560bfde0d5,1,2499,2499,2026-07-13,2026-07-12,false,false,,,1.000000000000
2026-07-13,2026-07-12,extra-mercado,09de2026-590c-456c-b475-e96ffb462111,ipca-sp-1111019,1111019,6c04e770-7fbe-4ef4-9a83-bc3d6ca7cc50,1,499,499,2026-07-13,2026-07-12,false,false,,,1.000000000000
2026-07-13,2026-07-12,extra-mercado,09ee88a5-0228-4ae2-9108-63b970ac8aeb,ipca-sp-1107094,1107094,6bc979df-c329-4b1b-9a9c-5206eefb5038,1,2645,2645,2026-07-13,2026-07-12,false,false,,,1.000000000000
2026-07-13,2026-07-12,extra-mercado,09fb21c9-cfe9-4ae9-b782-62a8e145d87f,ipca-sp-1104023,1104023,062cba34-6dbc-4525-8610-3fdfe5b49275,1,829,829,2026-07-12,2026-07-12,true,false,missing_observation,,1.000000000000
2026-07-13,2026-07-12,extra-mercado,0a30103b-fe88-44fe-8707-73449d93f300,ipca-sp-1112019,1112019,dc78f2a6-8dbf-4158-8e2f-4bb15f88603c,1,849,849,2026-07-13,2026-07-12,false,false,,,1.000000000000
2026-07-13,2026-07-12,extra-mercado,0a572414-1420-4389-9b1a-6c06ffb6f136,ipca-sp-1111021,1111021,a4514e44-a3d4-4541-8bd6-8a4fd8c53be4,1,1050,1050,2026-07-13,2026-07-11,false,true,,missing_observation,1.000000000000
2026-07-13,2026-07-12,extra-mercado,0a70e4af-0a32-4318-9a7f-7fbacabb2f5b,ipca-sp-1102061,1102061,cc56e60e-876a-4dc5-86a6-76bd994dfe42,1,249,249,2026-07-13,2026-07-11,false,true,,missing_observation,1.000000000000
2026-07-13,2026-07-12,extra-mercado,0aafad30-3193-42f5-a8a8-bfc723df1336,ipca-sp-1112019,1112019,7703d4c4-2851-48ed-a16e-d33f1b8ecc2d,1,8599,8599,2026-07-13,2026-07-12,false,false,,,1.000000000000
2026-07-13,2026-07-12,extra-mercado,0ab43770-2867-4345-b357-1ea8404f0c64,ipca-sp-1112018,1112018,5f1c7ba0-063f-43f1-8528-bb3fc89974c0,1,1129,1129,2026-07-11,2026-07-11,true,true,missing_observation,missing_observation,1.000000000000
2026-07-13,2026-07-12,extra-mercado,0ac7977e-3d8b-4805-a407-086ba42ecce3,ipca-sp-1109007,1109007,d4442ab7-dba4-4f40-b21d-9ca3190ba534,1,1450,1450,2026-07-13,2026-07-12,false,false,,,1.000000000000
2026-07-13,2026-07-12,extra-mercado,0ad908b8-8f95-43dd-9f6a-e053c52889c7,ipca-sp-1107018,1107018,55f24595-afc7-4c34-a421-052148910b9a,1,1492,1492,2026-07-13,2026-07-11,false,true,,missing_observation,1.000000000000
2026-07-13,2026-07-12,extra-mercado,0b4e8f98-6d1a-4190-bbcc-8852b4d2f510,ipca-sp-1109008,1109008,cd47766c-8f33-4303-bdd4-4b399b4f07fa,1,2290,2290,2026-07-12,2026-07-12,true,false,missing_observation,,1.000000000000
2026-07-13,2026-07-12,extra-mercado,0b769a25-3971-472a-a6a8-fd6576e4f380,ipca-sp-1111019,1111019,66efff47-b27e-457c-a9c1-f5b33e86ea50,1,1749,1749,2026-07-12,2026-07-12,true,false,missing_observation,,1.000000000000
2026-07-13,2026-07-12,extra-mercado,0c37a558-cb7a-4fe8-a13f-fc0c3e97c2e9,ipca-sp-1112003,1112003,c40a2e86-7b11-4519-b892-fda3e03dc9e2,1,389,389,2026-07-12,2026-07-12,true,false,missing_observation,,1.000000000000
2026-07-13,2026-07-12,extra-mercado,0c6893cb-d6a9-491e-b8b8-919fa9517edd,ipca-sp-1111011,1111011,efe57fa0-7105-435f-943e-c6da49b7ecbd,1,3090,3090,2026-07-12,2026-07-12,true,false,missing_observation,,1.000000000000
2026-07-13,2026-07-12,pao-de-acucar,002f788b-8705-40f5-908a-6fed0f571307,ipca-sp-1114087,1114087,4d677e57-a403-4306-9f84-dfd60510941b,1,11990,11990,2026-07-13,2026-07-12,false,false,,,1.000000000000
2026-07-13,2026-07-12,pao-de-acucar,00521fbb-191c-4e59-beaf-4520cac3071c,ipca-sp-1104023,1104023,33bcbbbb-2752-4e96-b73b-b810fc4dd95c,1,4399,4399,2026-07-12,2026-07-12,true,false,missing_observation,,1.000000000000
2026-07-13,2026-07-12,pao-de-acucar,007dfb1d-859c-449f-b4f6-6cea756052f8,ipca-sp-1113014,1113014,addf0f8c-1383-4d5e-a239-0350686e83f2,1,2999,2999,2026-07-13,2026-07-11,false,true,,missing_observation,1.000000000000
2026-07-13,2026-07-12,pao-de-acucar,00d9c3d1-206b-4e57-aec1-7a3b11064904,ipca-sp-1116041,1116041,4cbf7e0c-b071-4337-ba97-1aa34d98e06b,1,2799,2799,2026-07-11,2026-07-11,true,true,missing_observation,missing_observation,1.000000000000
2026-07-13,2026-07-12,pao-de-acucar,0116192a-496f-46bf-b58e-b78e4a3625c3,ipca-sp-1104052,1104052,a8c492c7-3b65-47fd-be9c-a3b7f9595db0,1,2099,2099,2026-07-13,2026-07-12,false,false,,,1.000000000000
2026-07-13,2026-07-12,pao-de-acucar,016805e5-2fda-4527-a622-9626f01408e2,ipca-sp-1107084,1107084,b836a981-bb3b-4e1a-b7b8-dc62e051a1aa,1,4554,3294,2026-07-13,2026-07-11,false,true,,missing_observation,1.382513661202
2026-07-13,2026-07-12,pao-de-acucar,0191dedf-d59a-4645-ba62-44e63ece45ae,ipca-sp-1111011,1111011,d4b96487-2d6d-4846-b909-73c31a3596ed,1,5990,5990,2026-07-12,2026-07-12,true,false,missing_observation,,1.000000000000
2026-07-13,2026-07-12,pao-de-acucar,019c2a78-0f44-4b01-94b9-598afb9ffa99,ipca-sp-1104032,1104032,057b2171-4bea-46ce-8dc6-a89327002743,1,4199,4199,2026-07-12,2026-07-12,true,false,missing_observation,,1.000000000000
2026-07-13,2026-07-12,pao-de-acucar,01b91bf6-05be-4482-ad18-85a5e620e655,ipca-sp-1107084,1107084,bb6d7291-5bfb-47e1-81c5-cf77162be32b,1,8388,8388,2026-07-13,2026-07-12,false,false,,,1.000000000000
2026-07-13,2026-07-12,pao-de-acucar,01b9226a-fc7c-479c-9057-c8660bb8b8f4,ipca-sp-1109008,1109008,31f7d472-b6bc-4582-92d6-74c4de7fca38,1,2890,2890,2026-07-13,2026-07-11,false,true,,missing_observation,1.000000000000
2026-07-13,2026-07-12,pao-de-acucar,01bbe405-87ba-4f28-a003-8f3890dd0463,ipca-sp-1104032,1104032,b1e5fe7b-60e6-45fb-808c-dcbed2999ff2,1,3499,2999,2026-07-13,2026-07-11,false,true,,missing_observation,1.166722240747
2026-07-13,2026-07-12,pao-de-acucar,01f15904-aba8-41ca-be31-0615f22924ea,ipca-sp-1116041,1116041,237d6230-c4c8-4e2c-adc6-4382f2ed5646,1,3479,3479,2026-07-12,2026-07-12,true,false,missing_observation,,1.000000000000
2026-07-13,2026-07-12,pao-de-acucar,01fd89ad-fa6d-45c1-9a5e-36a17fab2d65,ipca-sp-1108075,1108075,18cf464d-0b6d-433d-ade9-36a427717259,1,3897,3897,2026-07-12,2026-07-12,true,false,missing_observation,,1.000000000000
2026-07-13,2026-07-12,pao-de-acucar,01fe24b8-7058-4d34-99db-b55bb4ec7480,ipca-sp-1111011,1111011,016b4f0d-1bc4-4419-840e-e27812219f42,1,3062,3062,2026-07-13,2026-07-11,false,true,,missing_observation,1.000000000000
2026-07-13,2026-07-12,pao-de-acucar,020ab5af-c580-4faa-ba2e-8e5d9d2dda96,ipca-sp-1104032,1104032,1151cd8d-b991-4ba0-b91b-b8f5ee099600,1,4999,4999,2026-07-12,2026-07-12,true,false,missing_observation,,1.000000000000
2026-07-13,2026-07-12,pao-de-acucar,022d31f6-c6c6-4e00-bc0f-79816a7e17f7,ipca-sp-1107018,1107018,ca4fbefc-2468-4155-be22-5889e03c426c,1,2632,2632,2026-07-13,2026-07-11,false,true,,missing_observation,1.000000000000
2026-07-13,2026-07-12,pao-de-acucar,0236311a-d54e-444d-a699-17615669c38b,ipca-sp-1112003,1112003,e38f9ffb-0389-4813-9496-2876933f400a,1,2249,2249,2026-07-13,2026-07-12,false,false,,,1.000000000000
2026-07-13,2026-07-12,pao-de-acucar,02570816-33e6-42ec-aa0d-b684f72d2649,ipca-sp-1111011,1111011,afe2c588-8d5f-442f-a483-58c603d627f0,1,2598,2598,2026-07-13,2026-07-11,false,true,,missing_observation,1.000000000000
2026-07-13,2026-07-12,pao-de-acucar,0296bfb7-939a-4e6c-a7b9-d97ad6477d6b,ipca-sp-1116010,1116010,af4fd995-b67a-4645-8779-e9d9d8ffe8e3,1,2999,2999,2026-07-13,2026-07-11,false,true,,missing_observation,1.000000000000
2026-07-13,2026-07-12,pao-de-acucar,02eee105-76db-4fff-80c0-288a0b7783c1,ipca-sp-1116041,1116041,e0a0d73b-c662-49bb-9736-c9b1e747f537,1,499,499,2026-07-13,2026-07-12,false,false,,,1.000000000000
2026-07-13,2026-07-12,pao-de-acucar,0337084f-c4e5-4b14-8120-9becba3166e8,ipca-sp-1101002,1101002,052936ed-7a2e-48bf-a7b3-f0f40da224d6,1,2399,2399,2026-07-13,2026-07-12,false,false,,,1.000000000000
2026-07-13,2026-07-12,pao-de-acucar,034b7844-4294-4fe0-89f1-92b8f84356e9,ipca-sp-1114087,1114087,f005fb6c-aba4-408e-93af-01daf0433cd1,1,99989,99989,2026-07-12,2026-07-12,true,false,missing_observation,,1.000000000000
2026-07-13,2026-07-12,pao-de-acucar,03ac8aef-c9c1-4cdd-b2a8-83fdb888ffc8,ipca-sp-1107084,1107084,1a0ddf0a-01b2-464d-ac7f-89d7022d22a3,1,12585,12585,2026-07-11,2026-07-11,true,true,missing_observation,missing_observation,1.000000000000
2026-07-13,2026-07-12,pao-de-acucar,03fc2c88-ed58-4487-8b05-d020524ca7dc,ipca-sp-1107084,1107084,3475ad07-6f50-4b85-b54f-9e1d3a6227e7,1,4195,4195,2026-07-12,2026-07-12,true,false,missing_observation,,1.000000000000
2026-07-13,2026-07-12,pao-de-acucar,042126f0-fadf-489c-aac3-32f0429c87f7,ipca-sp-1112003,1112003,3e3bc812-8e4c-4de4-b3fd-9cd6d3c11e27,1,2899,2899,2026-07-13,2026-07-11,false,true,,missing_observation,1.000000000000
2026-07-13,2026-07-12,pao-de-acucar,042321b4-e7fb-4bf5-94f9-dae0eacf5477,ipca-sp-1104023,1104023,e74367f4-a94e-4fc5-b9df-f7e2789c5410,1,4999,4999,2026-07-12,2026-07-12,true,false,missing_observation,,1.000000000000
2026-07-13,2026-07-12,pao-de-acucar,04304dc9-4cd4-4dd0-a217-53db386e848d,ipca-sp-1103020,1103020,26b73700-1849-41e9-a13f-dc9bec269f20,1,2190,2190,2026-07-13,2026-07-12,false,false,,,1.000000000000
2026-07-13,2026-07-12,pao-de-acucar,04351a29-5c2d-44d2-be66-e4e427796871,ipca-sp-1104052,1104052,e8edcbec-24c6-4e19-b746-18e03aa248a1,1,2499,2499,2026-07-13,2026-07-11,false,true,,missing_observation,1.000000000000
2026-07-13,2026-07-12,pao-de-acucar,0452a15b-9fd2-420e-b4a7-346ffef935f8,ipca-sp-1107093,1107093,43340968-e6d7-48ad-8ab8-67ccd6fa5cf0,1,4690,4690,2026-07-12,2026-07-12,true,false,missing_observation,,1.000000000000
2026-07-13,2026-07-12,pao-de-acucar,0454f3b8-d447-4572-a572-d1c144d1b055,ipca-sp-1114087,1114087,edf1ce20-a28d-41f2-803d-276a70258470,1,23990,23990,2026-07-13,2026-07-12,false,false,,,1.000000000000
2026-07-13,2026-07-12,pao-de-acucar,047de0c1-56b8-4ebe-a193-9761de48bb31,ipca-sp-1107018,1107018,7bc2e050-2960-4f98-95af-3a230bfc1737,1,2390,2390,2026-07-13,2026-07-12,false,false,,,1.000000000000
2026-07-13,2026-07-12,pao-de-acucar,047ec55a-f9a5-465a-ad9d-e604a3f7e3ad,ipca-sp-1114022,1114022,4b946386-6022-4e64-bf86-2db4ceebf6eb,1,3999,3999,2026-07-12,2026-07-12,true,false,missing_observation,,1.000000000000
2026-07-13,2026-07-12,pao-de-acucar,04c1540e-5ce8-4305-9e34-763b514e8b80,ipca-sp-1103003,1103003,fda88de0-dc96-49be-8d03-bbc1b1c042af,1,2490,2490,2026-07-13,2026-07-12,false,false,,,1.000000000000
2026-07-13,2026-07-12,pao-de-acucar,04e31e71-a0ef-4ce4-bfd7-40f6ae00ea0f,ipca-sp-1110044,1110044,144c36f7-2039-4d1f-ac91-4ed510de15f5,1,2699,2699,2026-07-13,2026-07-11,false,true,,missing_observation,1.000000000000
2026-07-13,2026-07-12,pao-de-acucar,04e91806-b67e-4cf0-a908-10124c4ef796,ipca-sp-1101002,1101002,d3a49cb6-5593-4e33-8e4c-d2ca338236f4,1,2799,2799,2026-07-13,2026-07-12,false,false,,,1.000000000000
2026-07-13,2026-07-12,pao-de-acucar,04fa6f9c-0654-43b4-b3b8-5dc4170d716d,ipca-sp-1110010,1110010,7b372abf-4821-42bf-8cc5-c18708994ae6,1,3990,3990,2026-07-12,2026-07-12,true,false,missing_observation,,1.000000000000
2026-07-13,2026-07-12,pao-de-acucar,050fadc2-81f6-485c-ab5e-f63003c6bf81,ipca-sp-1103028,1103028,f7a7da7a-5439-490b-9372-136af3515e37,1,2499,2499,2026-07-13,2026-07-11,false,true,,missing_observation,1.000000000000
2026-07-13,2026-07-12,pao-de-acucar,0542f469-9781-4e52-917f-3c78f570dea0,ipca-sp-1102029,1102029,7fb484cd-7e13-4b4b-9be5-7fd5e3bbe96a,1,4490,4490,2026-07-12,2026-07-12,true,false,missing_observation,,1.000000000000
2026-07-13,2026-07-12,pao-de-acucar,054780fe-ba6a-45c4-9df2-5b31eb4afd70,ipca-sp-1107084,1107084,14dd8442-7e40-4d9a-a3a3-823b8f064d81,1,13485,10485,2026-07-13,2026-07-12,false,false,,,1.286123032904
2026-07-13,2026-07-12,pao-de-acucar,05729032-9d75-4bca-b39b-e693eaacb0a2,ipca-sp-1109008,1109008,59891f7c-1736-42c1-838e-0b8b6ae69e1a,1,2990,2990,2026-07-13,2026-07-11,false,true,,missing_observation,1.000000000000
2026-07-13,2026-07-12,pao-de-acucar,0631f55c-8153-4e2c-8add-d6d9e9ab6732,ipca-sp-1114087,1114087,a69fb312-1f4b-4ef3-8f77-82eb1ff7d95b,1,19990,17989,2026-07-13,2026-07-12,false,false,,,1.111234643393
2026-07-13,2026-07-12,pao-de-acucar,068a8085-76db-488e-8f3c-a12c3563562b,ipca-sp-1107018,1107018,acc548ef-9f2b-42c5-bf78-fb46e7e09b27,1,1529,1529,2026-07-13,2026-07-12,false,false,,,1.000000000000
2026-07-13,2026-07-12,pao-de-acucar,06d3c556-68ef-4b8c-b915-8bbb446f4260,ipca-sp-1106018,1106018,cffc3698-525b-41fb-b8ba-718650bf5174,1,2999,2999,2026-07-13,2026-07-11,false,true,,missing_observation,1.000000000000
2026-07-13,2026-07-12,pao-de-acucar,06fef651-e417-4d37-98e8-770ed80f347b,ipca-sp-1114022,1114022,d62baea2-4c78-458e-a872-6e90ef1d318a,1,2399,2399,2026-07-13,2026-07-12,false,false,,,1.000000000000
2026-07-13,2026-07-12,pao-de-acucar,07912a21-641e-45dd-8ea3-9cad6bacf469,ipca-sp-1114022,1114022,494b035c-465a-496c-b250-a52381b5f8a6,1,2499,2499,2026-07-13,2026-07-11,false,true,,missing_observation,1.000000000000
2026-07-13,2026-07-12,pao-de-acucar,07bdaf56-ba3e-4cc2-b640-7b599fb05de6,ipca-sp-1109008,1109008,09a162cd-c339-4d1e-8cf2-b8812d53b995,1,2690,2690,2026-07-13,2026-07-11,false,true,,missing_observation,1.000000000000
2026-07-13,2026-07-12,pao-de-acucar,07e575b5-392f-4021-9253-82322cefd650,ipca-sp-1111011,1111011,a6bfb907-bc16-46ed-be0d-7bf00d1f39b6,1,2490,2490,2026-07-13,2026-07-12,false,false,,,1.000000000000
2026-07-13,2026-07-12,pao-de-acucar,07f56022-5d57-40f0-a719-06f14d519b60,ipca-sp-1111011,1111011,53b4578d-bbcd-4e4d-8cf9-4b8246f422cf,1,6291,6291,2026-07-12,2026-07-12,true,false,missing_observation,,1.000000000000
2026-07-13,2026-07-12,pao-de-acucar,085c1b0e-951f-465a-90b3-fde1c23e42a9,ipca-sp-1116071,1116071,2dead0d5-e738-48fe-a230-3be29073be50,1,2599,2599,2026-07-13,2026-07-11,false,true,,missing_observation,1.000000000000
2026-07-13,2026-07-12,pao-de-acucar,0866e4eb-0d42-4765-a45b-d71208661f07,ipca-sp-1112019,1112019,502aa2cc-b101-4538-9e46-4d265f13ca86,1,8789,8789,2026-07-13,2026-07-12,false,false,,,1.000000000000
2026-07-13,2026-07-12,pao-de-acucar,089dfc51-6f1d-4161-8030-febdbbf500a3,ipca-sp-1114087,1114087,22a6d347-9af9-463b-98a1-24b15eb7b43e,1,16990,16990,2026-07-13,2026-07-12,false,false,,,1.000000000000
2026-07-13,2026-07-12,pao-de-acucar,08e62cc9-5dc3-4b49-89c4-1346578830c1,ipca-sp-1115016,1115016,290a2bc8-723e-4243-bb39-4cc504ebd588,1,3699,3699,2026-07-12,2026-07-12,true,false,missing_observation,,1.000000000000
2026-07-13,2026-07-12,pao-de-acucar,08efdb2b-ff09-458e-ac4c-313d1443322c,ipca-sp-1109008,1109008,6dd77e05-566d-48a4-a757-e131fb709186,1,2890,2890,2026-07-13,2026-07-11,false,true,,missing_observation,1.000000000000
2026-07-13,2026-07-12,pao-de-acucar,090e6448-da0e-46e9-be79-18174382b7a5,ipca-sp-1111011,1111011,bf292d0d-9c7b-45f5-808f-2a88b53963b7,1,3790,3790,2026-07-12,2026-07-12,true,false,missing_observation,,1.000000000000
2026-07-13,2026-07-12,pao-de-acucar,0949f121-b650-41f2-81bf-af9195987b79,ipca-sp-1111019,1111019,e5f507aa-4868-4bf1-9f0d-1a926549ecee,1,3799,3799,2026-07-12,2026-07-12,true,false,missing_observation,,1.000000000000
2026-07-13,2026-07-12,pao-de-acucar,099f05a2-03be-4bb5-95fb-916373d007b1,ipca-sp-1112003,1112003,bed5c507-2993-4c4d-806a-be64be5772d8,1,2899,2899,2026-07-13,2026-07-11,false,true,,missing_observation,1.000000000000
2026-07-13,2026-07-12,pao-de-acucar,09cb93f2-66b9-4b4d-9bfe-e2ce3a61e80d,ipca-sp-1111009,1111009,283f35a6-feb1-4c5b-acb8-287423edf2f6,1,2499,2499,2026-07-13,2026-07-12,false,false,,,1.000000000000
2026-07-13,2026-07-12,pao-de-acucar,09e4fc3e-2792-412d-8e30-68937ed93614,ipca-sp-1108075,1108075,52cfe7d3-6228-48f8-8efe-ac87c6788e2b,1,2890,2890,2026-07-13,2026-07-11,false,true,,missing_observation,1.000000000000
2026-07-13,2026-07-12,pao-de-acucar,0a5a04d0-d38e-4f90-af3f-ff8a95c1552b,ipca-sp-1104032,1104032,b6e64568-718f-4628-8a6d-8fb8dc767d14,1,4199,4199,2026-07-12,2026-07-12,true,false,missing_observation,,1.000000000000
2026-07-13,2026-07-12,pao-de-acucar,0a82bb1e-5574-44c2-a3f4-76185723245a,ipca-sp-1111009,1111009,71be1257-977e-4911-bef1-cebf3d1438c2,1,3499,3499,2026-07-12,2026-07-12,true,false,missing_observation,,1.000000000000
2026-07-13,2026-07-12,pao-de-acucar,0a9044dd-a9ff-4942-ad1d-13a306e48bf7,ipca-sp-1114087,1114087,9b49bd39-f786-453e-832b-f4a2907c9d7e,1,18990,13989,2026-07-13,2026-07-12,false,false,,,1.357495174780
2026-07-13,2026-07-12,pao-de-acucar,0aa9ecc9-e80f-4e0e-ae70-f84cf4b3deab,ipca-sp-1113014,1113014,b56c31cb-4fd3-49f4-94ea-cc69c8d90ec5,1,10990,10990,2026-07-13,2026-07-12,false,false,,,1.000000000000
2026-07-13,2026-07-12,pao-de-acucar,0ac923ca-d313-4ea3-ae2f-710cc7a52a2c,ipca-sp-1104032,1104032,8f6b2919-a3cd-4bc3-84c2-efe9f6436dcf,1,2799,2799,2026-07-13,2026-07-11,false,true,,missing_observation,1.000000000000
2026-07-13,2026-07-12,pao-de-acucar,0acaef50-b95b-40c6-80e6-aa4c7348e485,ipca-sp-1111019,1111019,7f43b238-3f8f-4f18-9ded-d9593a56f8ae,1,9693,9693,2026-07-13,2026-07-12,false,false,,,1.000000000000
2026-07-13,2026-07-12,pao-de-acucar,0b22f810-be98-42f3-8b74-74693e06eff3,ipca-sp-1114001,1114001,aaa945cc-f30a-4b06-8a75-c24b5636111d,1,4179,4179,2026-07-12,2026-07-12,true,false,missing_observation,,1.000000000000
2026-07-13,2026-07-12,pao-de-acucar,0b488407-be3d-4980-a729-27ef81595696,ipca-sp-1104023,1104023,81ea57dc-c3c4-4d4b-96ef-d4c10cb7fce8,1,2199,2199,2026-07-13,2026-07-12,false,false,,,1.000000000000
2026-07-13,2026-07-12,pao-de-acucar,0b4cf70b-ecbe-440f-a522-8204beba3362,ipca-sp-1104023,1104023,82674c29-eda6-4c3c-ad0a-459933e137a8,1,2399,2399,2026-07-13,2026-07-12,false,false,,,1.000000000000
2026-07-13,2026-07-12,pao-de-acucar,0b6ca4fd-aa49-4c0a-991d-4132899f4615,ipca-sp-1112019,1112019,18b27649-70b7-439a-a986-d39866a27dde,1,11868,11868,2026-07-13,2026-07-12,false,false,,,1.000000000000
2026-07-13,2026-07-12,pao-de-acucar,0b79f9cb-bd73-4e6b-9df7-42d4c4bdcc09,ipca-sp-1104032,1104032,bc82f466-aeb6-4459-93b7-ea4ab67f0e38,1,2290,2199,2026-07-13,2026-07-12,false,false,,,1.041382446567
2026-07-13,2026-07-12,pao-de-acucar,0b817281-32be-4c53-b6a2-f01fb970a7c7,ipca-sp-1109007,1109007,3df8a800-945d-40be-b56d-2b322d59d6e0,1,1579,1579,2026-07-13,2026-07-12,false,false,,,1.000000000000
2026-07-13,2026-07-12,pao-de-acucar,0b9af65b-5d4f-4715-89c8-13a36c82973c,ipca-sp-1107018,1107018,683adb2a-05ca-4975-99a4-f6539979330d,1,4995,4995,2026-07-12,2026-07-12,true,false,missing_observation,,1.000000000000
2026-07-13,2026-07-12,pao-de-acucar,0ba3ecc9-3a11-40ba-bc7f-ced082617870,ipca-sp-1114001,1114001,22b8e0ba-dc4e-4144-b23b-56e7b03c7106,1,11994,11994,2026-07-13,2026-07-12,false,false,,,1.000000000000
2026-07-13,2026-07-12,pao-de-acucar,0c8449ce-796b-4fd1-b2c0-6c6828456c2a,ipca-sp-1114087,1114087,79b4cbd6-2467-4e3d-b61f-aebbf334db09,1,11990,11990,2026-07-13,2026-07-12,false,false,,,1.000000000000
2026-07-13,2026-07-12,st-marche,00522a27-e5f7-4f50-8a02-9023eb4a0191,ipca-sp-1112003,1112003,c753f97f-baba-448c-980e-50b367b18aae,1,1989,1989,2026-07-13,2026-07-12,false,false,,,1.000000000000
2026-07-13,2026-07-12,st-marche,00c3a8d9-f52e-440d-b7cd-9fb2bbb0d845,ipca-sp-1102061,1102061,d93cf8c7-9077-4c95-a5ab-e58541c2e3bb,1,319,319,2026-07-13,2026-07-12,false,false,,,1.000000000000
2026-07-13,2026-07-12,st-marche,00d66bda-5461-4416-bd6e-0145546b8df8,ipca-sp-1111004,1111004,cbfda79c-7109-4123-9c4b-fd72f2102748,1,999,999,2026-07-12,2026-07-12,true,false,missing_observation,,1.000000000000
2026-07-13,2026-07-12,st-marche,00f6e658-854a-4a6c-b655-5c6f077d9da2,ipca-sp-1106019,1106019,7195c0d6-8b0d-4dfd-8864-425f7ea34508,1,1999,1999,2026-07-13,2026-07-12,false,false,,,1.000000000000
2026-07-13,2026-07-12,st-marche,0133abfd-b7f0-4f90-ad9f-17d898c060f0,ipca-sp-1109010,1109010,77bd3bb6-3418-4837-ad73-590726c0f157,1,7690,7690,2026-07-13,2026-07-11,false,true,,missing_observation,1.000000000000
2026-07-13,2026-07-12,st-marche,014f56cf-0dc2-4c3e-8d4a-ad20127ec112,ipca-sp-1112003,1112003,bc56601d-fe43-44dd-8e88-2b1cde944cf6,1,559,559,2026-07-13,2026-07-11,false,true,,missing_observation,1.000000000000
2026-07-13,2026-07-12,st-marche,01576508-53dd-4b42-809a-cf03418aebc6,ipca-sp-1114083,1114083,5c751c88-2356-4edc-9534-3dbdf9c6ee8d,1,329,329,2026-07-13,2026-07-12,false,false,,,1.000000000000
2026-07-13,2026-07-12,st-marche,016753be-92f2-4c10-93c6-558330fbf975,ipca-sp-1111011,1111011,9372a1f4-e530-42c5-92e4-645da9a77029,1,9900,9900,2026-07-13,2026-07-12,false,false,,,1.000000000000
2026-07-13,2026-07-12,st-marche,016e4960-fa51-4dab-9345-7dc354507002,ipca-sp-1116033,1116033,5110e0cd-5971-49bd-a735-bca8cebb209a,1,1649,1649,2026-07-13,2026-07-11,false,true,,missing_observation,1.000000000000
2026-07-13,2026-07-12,st-marche,01c9a383-b6ee-4dc9-9ad7-35531f1dbf5d,ipca-sp-1112018,1112018,ee8c0772-cd6f-41b5-ad18-641daa1587ac,1,3929,3929,2026-07-12,2026-07-12,true,false,missing_observation,,1.000000000000
2026-07-13,2026-07-12,st-marche,025a944c-5da9-4731-84b0-3f31a7037490,ipca-sp-1114087,1114087,207ef270-3c06-44b1-a021-0c4f2cdba91c,1,7990,7990,2026-07-13,2026-07-12,false,false,,,1.000000000000
2026-07-13,2026-07-12,st-marche,025ed87b-30dc-4e81-8d06-5e542d141b0d,ipca-sp-1109002,1109002,3304f028-3567-4b4d-876f-f3cfec67b2df,1,4699,4699,2026-07-13,2026-07-12,false,false,,,1.000000000000
2026-07-13,2026-07-12,st-marche,028d9bc3-a54e-4eb1-a2b2-ccedc93ca39a,ipca-sp-1102029,1102029,a8669c02-6653-40d1-a624-bbbd346a9c78,1,1749,1749,2026-07-12,2026-07-12,true,false,missing_observation,,1.000000000000
2026-07-13,2026-07-12,st-marche,028f50a1-eb8c-4a79-840a-952b9aa1e0e6,ipca-sp-1114083,1114083,3c9c0d47-d08e-4da9-b385-194e33a1abc5,1,389,389,2026-07-13,2026-07-12,false,false,,,1.000000000000
2026-07-13,2026-07-12,st-marche,029aadb2-be67-45cb-a417-ceffba6d641c,ipca-sp-1114083,1114083,c452e02d-2f64-49cd-bf87-573800867bdb,1,399,399,2026-07-13,2026-07-12,false,false,,,1.000000000000
2026-07-13,2026-07-12,st-marche,03915b6a-c624-4914-88f9-2f716da3ce77,ipca-sp-1114087,1114087,326bd068-3b61-43b0-bd29-63bd7c4ed517,1,4990,4990,2026-07-13,2026-07-12,false,false,,,1.000000000000
2026-07-13,2026-07-12,st-marche,03f43200-ed6f-41c1-bd04-a7f91c605d53,ipca-sp-1114087,1114087,52671014-018c-448f-83a3-e3e542d9648d,1,4490,4490,2026-07-13,2026-07-12,false,false,,,1.000000000000
2026-07-13,2026-07-12,st-marche,0419aa60-79d7-4c3d-9de9-c6046af31fc7,ipca-sp-1114083,1114083,76c67d12-60c3-47f0-9733-5639f078a093,1,419,419,2026-07-13,2026-07-12,false,false,,,1.000000000000
2026-07-13,2026-07-12,st-marche,045b1511-8898-4cc8-a2cb-6626f6ea3ec2,ipca-sp-1112003,1112003,4f6c22e4-6e69-40cd-a0c4-f29710f1ec77,1,549,549,2026-07-13,2026-07-12,false,false,,,1.000000000000
2026-07-13,2026-07-12,st-marche,0491292a-4616-4040-a53d-6cd2afe5a0a2,ipca-sp-1114087,1114087,7db1d472-8a3d-45ff-ad21-634b9a986e9c,1,85290,85290,2026-07-13,2026-07-11,false,true,,missing_observation,1.000000000000
2026-07-13,2026-07-12,st-marche,0493fb9c-201d-4a19-8122-2dd1f27f2b01,ipca-sp-1114087,1114087,b3ebc74e-c027-4273-b5c6-2350984cb317,1,4490,4490,2026-07-13,2026-07-12,false,false,,,1.000000000000
2026-07-13,2026-07-12,st-marche,04e0cbb2-6dfd-4fce-b396-97606410347f,ipca-sp-1112019,1112019,4b207797-51e3-47ee-9062-97906d27182f,1,759,759,2026-07-12,2026-07-12,true,false,missing_observation,,1.000000000000
2026-07-13,2026-07-12,st-marche,052c2147-b4b6-4457-9f32-c1152cffbbc1,ipca-sp-1112003,1112003,9342c16e-6d50-4e2a-b70f-94699905c850,1,1679,1679,2026-07-13,2026-07-11,false,true,,missing_observation,1.000000000000
2026-07-13,2026-07-12,st-marche,0541c09f-5dea-4a7e-baca-d5cd46de3d14,ipca-sp-1114087,1114087,d1d1beb8-52e5-4a11-92e1-fa5e359f2493,1,36900,36900,2026-07-13,2026-07-12,false,false,,,1.000000000000
2026-07-13,2026-07-12,st-marche,054cee50-39b0-4f01-a34e-c823b534b51e,ipca-sp-1112018,1112018,c59b34e0-349b-4532-9d72-dbdd63b8ec3e,1,1799,1799,2026-07-13,2026-07-12,false,false,,,1.000000000000
2026-07-13,2026-07-12,st-marche,05660d98-0fc1-4dd4-8429-eb7f6ccd490f,ipca-sp-1104032,1104032,44c0e214-824e-4b1a-8b94-7a368b04a0f2,1,2490,2490,2026-07-13,2026-07-12,false,false,,,1.000000000000
2026-07-13,2026-07-12,st-marche,058f62e7-948b-401e-9d50-9142fc2ce91e,ipca-sp-1112019,1112019,9118ab42-5f0d-4a24-887b-505540643e47,1,5490,5490,2026-07-13,2026-07-12,false,false,,,1.000000000000
2026-07-13,2026-07-12,st-marche,059c015f-ab83-4573-b1eb-afd9b2825444,ipca-sp-1104032,1104032,5420c747-ce81-44e7-ae5e-e96c79a739cb,1,6949,6949,2026-07-13,2026-07-11,false,true,,missing_observation,1.000000000000
2026-07-13,2026-07-12,st-marche,059d6480-a69f-40ff-a9eb-e21ba2c6ab91,ipca-sp-1114087,1114087,7e67a582-4cc2-4666-aaa2-e7b5587434f0,1,13990,13990,2026-07-13,2026-07-12,false,false,,,1.000000000000
2026-07-13,2026-07-12,st-marche,06c6d203-c70d-4548-9142-85733604b2a4,ipca-sp-1105001,1105001,0d60ee58-44d9-468c-9fa6-b11b1002c352,1,1499,1499,2026-07-13,2026-07-11,false,true,,missing_observation,1.000000000000
2026-07-13,2026-07-12,st-marche,06cfd7b7-cfb7-4470-93b4-0928ab8052c4,ipca-sp-1104023,1104023,f2604f68-8ee8-49d2-8ced-6907a6891aa3,1,999,999,2026-07-13,2026-07-11,false,true,,missing_observation,1.000000000000
2026-07-13,2026-07-12,st-marche,0767e079-c8f7-4beb-926c-1fcedabc5712,ipca-sp-1114083,1114083,1db756ea-8d2a-4683-acbd-54193d5109ee,1,259,259,2026-07-13,2026-07-12,false,false,,,1.000000000000
2026-07-13,2026-07-12,st-marche,07828a4f-9282-47c8-885e-95494fec6c85,ipca-sp-1112019,1112019,7fa64fd3-398b-4555-b40e-5c85b355037f,1,890,890,2026-07-13,2026-07-11,false,true,,missing_observation,1.000000000000
2026-07-13,2026-07-12,st-marche,07ad3d3b-06ae-4c7e-be18-28ac707ddb30,ipca-sp-1114001,1114001,8b78da0c-1917-4c46-9743-2b853d13f0ba,1,1499,1499,2026-07-13,2026-07-11,false,true,,missing_observation,1.000000000000
2026-07-13,2026-07-12,st-marche,07e5b442-5d04-47f8-834d-b168e7bf7527,ipca-sp-1114087,1114087,b1920562-2139-4d8b-95a8-af0eb8d17c86,1,6890,6890,2026-07-12,2026-07-12,true,false,missing_observation,,1.000000000000
2026-07-13,2026-07-12,st-marche,07ed0218-6ce0-4a16-b7f1-d2e103bd95aa,ipca-sp-1104032,1104032,93f6b08e-fc67-4b56-aee3-5aeb544c7a1a,1,3290,3290,2026-07-12,2026-07-12,true,false,missing_observation,,1.000000000000
2026-07-13,2026-07-12,st-marche,080878e8-5228-404d-a258-89b0e1c330da,ipca-sp-1105001,1105001,5cd8cb84-c535-4d6c-b951-cd484511c1b7,1,1299,1299,2026-07-13,2026-07-12,false,false,,,1.000000000000
2026-07-13,2026-07-12,st-marche,082ab3d5-1964-4904-a1eb-c7aaaeef87ea,ipca-sp-1116010,1116010,a4f6bbfa-884c-4ab4-8265-c8be6252edac,1,1999,1999,2026-07-13,2026-07-12,false,false,,,1.000000000000
2026-07-13,2026-07-12,st-marche,08c620e5-e17b-4acd-86be-d23fe01e544c,ipca-sp-1114087,1114087,7098302e-6791-4e89-b525-c6cbf3531338,1,12900,12900,2026-07-13,2026-07-12,false,false,,,1.000000000000
2026-07-13,2026-07-12,st-marche,08da0522-48f9-4445-beec-064ce9122ed0,ipca-sp-1112019,1112019,7651fccf-583e-4b06-af8e-f370423c3d09,1,3590,3590,2026-07-13,2026-07-11,false,true,,missing_observation,1.000000000000
2026-07-13,2026-07-12,st-marche,08e9d360-d9a5-459c-8430-34e2e150c3fd,ipca-sp-1114083,1114083,64f90684-d475-4e79-b7e4-d855961eca82,1,749,749,2026-07-12,2026-07-12,true,false,missing_observation,,1.000000000000
2026-07-13,2026-07-12,st-marche,08fc299b-c1a6-4060-b739-30f5df44db9d,ipca-sp-1104023,1104023,eef66f07-0d3c-42a7-9200-4ba22dc1ef06,1,2299,2299,2026-07-13,2026-07-12,false,false,,,1.000000000000
2026-07-13,2026-07-12,st-marche,0912e73c-8156-4592-8b3c-49fccb2466f3,ipca-sp-1104032,1104032,d4bfe349-15ef-4c2c-83a1-e52226f93a25,1,3099,3099,2026-07-13,2026-07-12,false,false,,,1.000000000000
2026-07-13,2026-07-12,st-marche,092fa07b-fad8-45b3-a5a6-3cef60fdd566,ipca-sp-1111019,1111019,a2265f03-4b9a-46f0-9dc6-0b6b081fbb5e,1,829,829,2026-07-12,2026-07-12,true,false,missing_observation,,1.000000000000
2026-07-13,2026-07-12,st-marche,09ab5955-5716-49f5-8ccf-072e8065c610,ipca-sp-1111011,1111011,67e91421-cd7a-40af-b0a8-2660f5053352,1,2689,2689,2026-07-13,2026-07-11,false,true,,missing_observation,1.000000000000
2026-07-13,2026-07-12,st-marche,0a153959-72fc-489c-bfc0-53d7bdf7f712,ipca-sp-1114083,1114083,9b76388a-bf01-4c89-a9bc-cae8028ab305,1,399,399,2026-07-13,2026-07-12,false,false,,,1.000000000000
2026-07-13,2026-07-12,st-marche,0a273ab7-47a6-44f0-b1f0-a75876f0799a,ipca-sp-1109008,1109008,832cb143-bcb1-41f1-a5f1-79a6e8d554c2,1,5890,5890,2026-07-13,2026-07-12,false,false,,,1.000000000000
2026-07-13,2026-07-12,st-marche,0a332873-c7cb-4512-b90e-1e11360df27a,ipca-sp-1109010,1109010,a6ed8d5d-ac3d-42a9-abc5-513dc49f5956,1,3590,3590,2026-07-13,2026-07-12,false,false,,,1.000000000000
2026-07-13,2026-07-12,st-marche,0a45f176-6840-45eb-9a4f-8904e0c16b30,ipca-sp-1114083,1114083,56c24e3f-2627-449b-82e2-6b1e56957e15,1,269,269,2026-07-13,2026-07-12,false,false,,,1.000000000000
2026-07-13,2026-07-12,st-marche,0a5a7e3c-4e7d-44ce-9494-39c458ab7f3f,ipca-sp-1108038,1108038,f874af2d-e648-4f6d-9133-8bc56552231e,1,4990,4990,2026-07-13,2026-07-12,false,false,,,1.000000000000
2026-07-13,2026-07-12,st-marche,0a6ce406-c401-4dca-adf5-9972135709e5,ipca-sp-1104023,1104023,d2a23080-85ae-4dd8-bcf9-80f668ee8046,1,2199,2199,2026-07-13,2026-07-12,false,false,,,1.000000000000
2026-07-13,2026-07-12,st-marche,0ae83ab7-6c74-4940-b40a-3684563e0306,ipca-sp-1108080,1108080,f62140cd-5f1e-43ae-9089-92deb90e6cd3,1,4799,4799,2026-07-13,2026-07-12,false,false,,,1.000000000000
2026-07-13,2026-07-12,st-marche,0af82a09-d3a2-4162-8884-c34a2ab9af15,ipca-sp-1104023,1104023,d646b581-45be-4aa0-8f70-4a94a8d4f424,1,1999,1999,2026-07-12,2026-07-12,true,false,missing_observation,,1.000000000000
2026-07-13,2026-07-12,st-marche,0b05a3ec-a761-43c5-b946-24d54c4afa42,ipca-sp-1104032,1104032,8e0bd052-2681-434c-ac01-f6276827f3f8,1,1890,1890,2026-07-13,2026-07-11,false,true,,missing_observation,1.000000000000
2026-07-13,2026-07-12,st-marche,0b0fe35c-d512-4ea4-a941-4c492a8cf72b,ipca-sp-1114001,1114001,e65a9319-bf16-4aef-ab66-339c5ee2a73b,1,649,649,2026-07-13,2026-07-12,false,false,,,1.000000000000
2026-07-13,2026-07-12,st-marche,0b1546df-60c9-4d3c-a5c5-069c03a475aa,ipca-sp-1110010,1110010,a10dc3fe-e50d-4a2f-84a3-56eb43d873e5,1,2990,2990,2026-07-13,2026-07-12,false,false,,,1.000000000000
2026-07-13,2026-07-12,st-marche,0b998c33-9a0f-450c-9831-3bd373b79327,ipca-sp-1111019,1111019,d1fd7096-1a2c-474a-8d17-c0e5f80d737c,1,1299,1299,2026-07-13,2026-07-12,false,false,,,1.000000000000
2026-07-13,2026-07-12,st-marche,0ba773ab-21c5-4a88-9f17-d9e49a3f12e4,ipca-sp-1111019,1111019,4b5ad24d-b10e-4335-8c71-458835c398e1,1,999,999,2026-07-13,2026-07-12,false,false,,,1.000000000000
2026-07-13,2026-07-12,st-marche,0bf764d0-867c-4c6d-be9b-6f24f48e11ae,ipca-sp-1112003,1112003,fb4b9244-aeb1-4a19-8849-d66fd3b0f9e1,1,959,959,2026-07-13,2026-07-11,false,true,,missing_observation,1.000000000000
2026-07-13,2026-07-12,st-marche,0c06ac04-b0b9-4bc1-9155-0ccc0d94946c,ipca-sp-1111004,1111004,4d93a73b-fde8-4730-9685-727d79d0dbd4,1,749,749,2026-07-13,2026-07-11,false,true,,missing_observation,1.000000000000
2026-07-13,2026-07-12,st-marche,0c13aa38-36f8-4348-b720-0e53b16633a6,ipca-sp-1114087,1114087,d5ae8316-99a8-4b55-83b7-0d45b223822c,1,7990,7990,2026-07-13,2026-07-12,false,false,,,1.000000000000
2026-07-13,2026-07-12,st-marche,0c3621e7-5fc6-4485-8cfb-37d724c8b8e9,ipca-sp-1111011,1111011,7e80db37-57d9-46ea-b44f-da10ebf046ad,1,5690,3990,2026-07-13,2026-07-12,false,false,,,1.426065162907
2026-07-13,2026-07-12,st-marche,0c3ce604-3862-445b-a830-5f1c8bf6392e,ipca-sp-1114087,1114087,56cde3c9-8c2e-44a1-8e5a-8af7541df1a7,1,13990,13990,2026-07-13,2026-07-12,false,false,,,1.000000000000
2026-07-14,2026-07-13,carrefour,000bcd62-94d2-4367-92f6-5afda1165318,ipca-sp-1104032,1104032,40d19021-7990-4fe9-b15c-9a4c0daf1a5f,1,2399,2399,2026-07-13,2026-07-13,true,false,unavailable,,1.000000000000
2026-07-14,2026-07-13,carrefour,00a6dc98-11ae-4155-808a-ad966c1355d4,ipca-sp-1112018,1112018,5f7cbd50-1447-4af9-a5bc-bc6d42b096f8,1,1778,1778,2026-07-14,2026-07-13,false,false,,,1.000000000000
2026-07-14,2026-07-13,carrefour,00a95c3a-c8c1-4a56-ac1c-4fa59c593814,ipca-sp-1114087,1114087,51ab689a-2b48-44fe-aa00-854206a7a1c2,1,1649,1649,2026-07-14,2026-07-12,false,true,,missing_observation,1.000000000000
2026-07-14,2026-07-13,carrefour,00f412e6-5800-47ed-8070-fbbcc7c3fb25,ipca-sp-1114084,1114084,c5dd0b17-060f-454a-b573-11df5ad315ca,1,499,499,2026-07-14,2026-07-12,false,true,,missing_observation,1.000000000000
2026-07-14,2026-07-13,carrefour,010e690e-1eff-45db-967f-162cf03aef63,ipca-sp-1104023,1104023,dfe5c2f1-4a07-4581-8997-bcd16ac80936,1,489,489,2026-07-13,2026-07-13,true,false,missing_observation,,1.000000000000
2026-07-14,2026-07-13,carrefour,0127c9d2-c59f-47a6-b1f6-f2b8fe1e6f6d,ipca-sp-1112019,1112019,aeef562a-753d-43bd-a46d-ac3e57be3897,1,798,798,2026-07-14,2026-07-13,false,false,,,1.000000000000
2026-07-14,2026-07-13,carrefour,013fae2d-ac0a-4fbb-8e70-b279890705e7,ipca-sp-1104023,1104023,95c2299b-63e4-4397-9ba9-4baa091a2d42,1,979,799,2026-07-14,2026-07-12,false,true,,missing_observation,1.225281602003
2026-07-14,2026-07-13,carrefour,01455013-ff48-4188-a8b5-439aa52b2058,ipca-sp-1109010,1109010,78fe7f88-4f00-41b9-914b-9efc98286bb2,1,939,939,2026-07-13,2026-07-13,true,false,missing_observation,,1.000000000000
2026-07-14,2026-07-13,carrefour,016c814d-4699-4722-8213-d6616a6ba284,ipca-sp-1110010,1110010,e98b2a23-e6df-4a8d-9873-86b2a871b704,1,1529,1529,2026-07-13,2026-07-13,true,false,missing_observation,,1.000000000000
2026-07-14,2026-07-13,carrefour,016fc79b-1337-4a26-b50a-7ed676b07480,ipca-sp-1112019,1112019,bff087cf-afbb-4079-8d3b-ee6fe8fba098,1,398,398,2026-07-14,2026-07-13,false,false,,,1.000000000000
2026-07-14,2026-07-13,carrefour,018a4c5a-4e32-4db4-9059-58509ac821ca,ipca-sp-1112003,1112003,e24d2895-386a-480b-90b7-2c6ae25a7c41,1,749,749,2026-07-13,2026-07-13,true,false,missing_observation,,1.000000000000
2026-07-14,2026-07-13,carrefour,0190842f-28be-495f-995f-e30206fb4de0,ipca-sp-1115075,1115075,c794aa6d-7397-4ef1-82ab-5d2ed27cad4d,1,959,959,2026-07-14,2026-07-12,false,true,,missing_observation,1.000000000000
2026-07-14,2026-07-13,carrefour,01921125-7539-4dd1-920e-a6e7cd2470ef,ipca-sp-1116005,1116005,386e928f-ba62-4be1-96e7-bfe706365f81,1,259,259,2026-07-11,2026-07-11,true,true,missing_observation,missing_observation,1.000000000000
2026-07-14,2026-07-13,carrefour,01bdc491-f99e-43b9-99ba-4a8079eb478b,ipca-sp-1111019,1111019,e017d5d1-f666-4063-9c12-91433219257c,1,379,469,2026-07-14,2026-07-13,false,false,,,0.808102345416
2026-07-14,2026-07-13,carrefour,01be7808-f0a2-4235-b090-0214a196c8e4,ipca-sp-1111011,1111011,4f438f5e-17d6-47d6-854c-6101f904b7e7,1,8999,8999,2026-07-14,2026-07-13,false,false,,,1.000000000000
2026-07-14,2026-07-13,carrefour,01c54969-e7fd-4024-b330-a385762c6120,ipca-sp-1111019,1111019,bd609a88-5f59-41d0-bcb4-52b450d3b0c3,1,499,499,2026-07-14,2026-07-13,false,false,,,1.000000000000
2026-07-14,2026-07-13,carrefour,02039a01-574b-4649-9bfd-c0797d226134,ipca-sp-1111021,1111021,30298b1f-89bf-4372-9b74-625d835b19dc,1,949,949,2026-07-13,2026-07-13,true,false,missing_observation,,1.000000000000
2026-07-14,2026-07-13,carrefour,0213068b-c411-4565-89d3-062ac96f4aa6,ipca-sp-1112003,1112003,1e8be56b-9877-438a-87d7-2c04187c678d,1,749,929,2026-07-14,2026-07-12,false,true,,missing_observation,0.806243272336
2026-07-14,2026-07-13,carrefour,0228b9c1-1507-469a-a7b8-2914fd119f26,ipca-sp-1114083,1114083,05441e6f-511d-4eab-9d34-6e033de2126a,1,869,869,2026-07-14,2026-07-13,false,false,,,1.000000000000
2026-07-14,2026-07-13,carrefour,022d3de2-760f-4705-bcf7-730f37e3ede4,ipca-sp-1111019,1111019,6291f1d6-f077-4cbf-a7d9-d3b49d549fef,1,1429,1429,2026-07-14,2026-07-13,false,false,,,1.000000000000
2026-07-14,2026-07-13,carrefour,02430e7b-f009-409c-b51f-f58a221b886e,ipca-sp-1111019,1111019,3ae5796c-d61c-4d7d-a283-c18209d94d2c,1,599,599,2026-07-14,2026-07-13,false,false,,,1.000000000000
2026-07-14,2026-07-13,carrefour,0248316d-d6ee-4d98-a532-6763e6a5327f,ipca-sp-1108080,1108080,a27ebfe9-d558-4ae5-8d59-6fbed0e69a5e,1,3490,3490,2026-07-13,2026-07-13,true,false,missing_observation,,1.000000000000
2026-07-14,2026-07-13,carrefour,02d04519-4195-40e2-96b0-b9a15e0a698e,ipca-sp-1101002,1101002,f6473126-f968-414a-887c-f861c9b3a187,1,579,579,2026-07-13,2026-07-13,true,false,missing_observation,,1.000000000000
2026-07-14,2026-07-13,carrefour,02deeaa6-44a9-415b-85a8-f15e40689664,ipca-sp-1116010,1116010,69f1121b-45a8-4cca-8ffc-d9137da9b71a,1,929,929,2026-07-13,2026-07-13,true,false,missing_observation,,1.000000000000
2026-07-14,2026-07-13,carrefour,033a45de-f691-4807-ac24-01ff8bcd0be6,ipca-sp-1111009,1111009,d2258145-cf96-4645-87e6-3ad8c587f8a9,1,1749,1749,2026-07-14,2026-07-13,false,false,,,1.000000000000
2026-07-14,2026-07-13,carrefour,03438fa3-c18f-4364-b021-4c0fe03ff048,ipca-sp-1114083,1114083,a1d9479e-ee42-4d85-8563-3df2a6400c2b,1,399,399,2026-07-14,2026-07-12,false,true,,missing_observation,1.000000000000
2026-07-14,2026-07-13,carrefour,0350bd15-0065-433c-9b5a-02d58aef7d99,ipca-sp-1116071,1116071,897c5be3-ee18-4b61-92e3-76ef8561a42a,1,50,50,2026-07-14,2026-07-12,false,true,,missing_observation,1.000000000000
2026-07-14,2026-07-13,carrefour,0373d8b9-ab11-4b41-9b93-5adb27accf76,ipca-sp-1112019,1112019,6490171f-47ae-4422-b6d7-e868fe03bbcf,1,399,399,2026-07-11,2026-07-11,true,true,missing_observation,missing_observation,1.000000000000
2026-07-14,2026-07-13,carrefour,03937c90-b6a9-4baa-b0f8-a19d9aafa0f3,ipca-sp-1112003,1112003,9d73150b-e7d1-4614-b08a-a94a7ba918b4,1,499,499,2026-07-14,2026-07-12,false,true,,missing_observation,1.000000000000
2026-07-14,2026-07-13,carrefour,0398b76d-f281-4f2f-8b37-4f86c4b9453f,ipca-sp-1112018,1112018,7e238e80-e4c9-4073-9cbc-3fe57a1034eb,1,2448,2448,2026-07-11,2026-07-11,true,true,unavailable,unavailable,1.000000000000
2026-07-14,2026-07-13,carrefour,03a4b810-5aaa-45b9-840c-2ac6bdf202f9,ipca-sp-1113013,1113013,ed9e5bb8-e95c-4d18-9f3f-41c2de713931,1,729,729,2026-07-13,2026-07-13,true,false,missing_observation,,1.000000000000
2026-07-14,2026-07-13,carrefour,03b6228b-a9ac-4f9f-9c7b-3c646be85533,ipca-sp-1114084,1114084,b1a1e458-9a2d-4fb3-8c44-efcf5824eadc,1,339,399,2026-07-14,2026-07-13,false,false,,,0.849624060150
2026-07-14,2026-07-13,carrefour,04b735c0-9e22-4383-aa5c-9565409e5a90,ipca-sp-1114087,1114087,0b3715ca-8b4c-462a-befd-b80550c2fed1,1,1599,1599,2026-07-14,2026-07-13,false,false,,,1.000000000000
2026-07-14,2026-07-13,carrefour,04d8d074-5bc7-426f-9513-c452afcb9fe1,ipca-sp-1111019,1111019,ad79fa5f-4c0a-4635-bef5-47aa4413874e,1,1999,1999,2026-07-14,2026-07-13,false,false,,,1.000000000000
2026-07-14,2026-07-13,carrefour,04e9dad8-9c60-491d-97ed-fa99b4a44010,ipca-sp-1111019,1111019,5a4ab502-0f81-4faa-a4f8-f0849b8f8e6b,1,1999,1999,2026-07-13,2026-07-13,true,false,missing_observation,,1.000000000000
2026-07-14,2026-07-13,carrefour,050d8b96-a7c6-4eb0-86f8-5c9c2501cfa8,ipca-sp-1113040,1113040,f70ab2a2-7666-40b1-bed4-8d6567c12a26,1,819,819,2026-07-14,2026-07-13,false,false,,,1.000000000000
2026-07-14,2026-07-13,carrefour,0536b36a-e91d-4599-a4d8-f111b906df23,ipca-sp-1103028,1103028,2beaf139-c087-4b28-993c-1640968fd9e6,1,899,899,2026-07-12,2026-07-12,true,true,missing_observation,unavailable,1.000000000000
2026-07-14,2026-07-13,carrefour,0538d7a8-d23f-4369-b1a2-f6e983cb3738,ipca-sp-1111011,1111011,f439d563-54aa-4ce4-91cf-ab702b43939c,1,699,699,2026-07-14,2026-07-13,false,false,,,1.000000000000
2026-07-14,2026-07-13,carrefour,054e4313-890e-42f4-8789-cc72fabe1e93,ipca-sp-1105019,1105019,1ce69065-34db-4b04-91ee-77133ee7316e,1,1490,1490,2026-07-14,2026-07-13,false,false,,,1.000000000000
2026-07-14,2026-07-13,carrefour,058c3c0b-5244-43e1-984e-66194559e016,ipca-sp-1114001,1114001,e363501c-b549-4e10-9cc9-42a85f388347,1,1890,1890,2026-07-14,2026-07-13,false,false,,,1.000000000000
2026-07-14,2026-07-13,carrefour,05d0037b-aa98-445b-b0df-8e33af6aa1fa,ipca-sp-1104023,1104023,b4a07238-fb55-4c7d-b95e-55351e29c5de,1,749,749,2026-07-13,2026-07-13,true,false,missing_observation,,1.000000000000
2026-07-14,2026-07-13,carrefour,05eee550-baa3-4a4d-91ae-18fc6cebd110,ipca-sp-1114087,1114087,0abd1623-5726-4e86-9287-71541f29200b,1,3699,3699,2026-07-14,2026-07-13,false,false,,,1.000000000000
2026-07-14,2026-07-13,carrefour,05fb6b51-6a83-4996-bf91-895edea6ee1a,ipca-sp-1104023,1104023,5ff99cc4-f6a4-4d13-be0e-f88a19a9977e,1,979,799,2026-07-14,2026-07-12,false,true,,missing_observation,1.225281602003
2026-07-14,2026-07-13,carrefour,060f6ad5-2d38-4ede-8fc6-0cc83fdc595d,ipca-sp-1107018,1107018,9295ebb2-036f-4541-abcc-11fe3aa72780,1,989,989,2026-07-13,2026-07-13,true,false,missing_observation,,1.000000000000
2026-07-14,2026-07-13,carrefour,0622492c-54c0-4695-890b-dfc7b78c3f65,ipca-sp-1106017,1106017,b856a3fa-05aa-49ae-9940-976eaae9d827,1,899,899,2026-07-13,2026-07-13,true,false,missing_observation,,1.000000000000
2026-07-14,2026-07-13,carrefour,0656ca4c-f540-467e-9294-74965981042e,ipca-sp-1112018,1112018,993188ac-f843-46aa-8c1d-5cd62c858803,1,1299,1299,2026-07-11,2026-07-11,true,true,unavailable,unavailable,1.000000000000
2026-07-14,2026-07-13,carrefour,067e865b-822e-4834-866f-363f61da757b,ipca-sp-1111019,1111019,e8805419-f00d-4450-80a6-a2ac178cb6a4,1,499,499,2026-07-14,2026-07-12,false,true,,missing_observation,1.000000000000
2026-07-14,2026-07-13,carrefour,06daff0f-876d-4f28-b2f8-1d9f1d30d79b,ipca-sp-1112003,1112003,3c6366dd-cad3-4a30-825d-6274808ae0cc,1,699,699,2026-07-11,2026-07-11,true,true,missing_observation,missing_observation,1.000000000000
2026-07-14,2026-07-13,carrefour,06e943ab-d833-4bd1-817f-a9b9a3e7f64c,ipca-sp-1114001,1114001,4d650ca6-3489-415e-bcf9-7639f743bf24,1,259,259,2026-07-14,2026-07-13,false,false,,,1.000000000000
2026-07-14,2026-07-13,carrefour,070acdc0-2006-402b-a5db-6217e90bb277,ipca-sp-1104032,1104032,105615d1-886c-4180-81e4-e7e8cb44b5a1,1,2999,3489,2026-07-14,2026-07-11,false,true,,unavailable,0.859558612783
2026-07-14,2026-07-13,carrefour,07101626-9d5f-48d1-830e-1ebb39c31629,ipca-sp-1104023,1104023,65a895a9-fc6b-4974-8d06-7f75364a9e24,1,979,799,2026-07-14,2026-07-12,false,true,,missing_observation,1.225281602003
2026-07-14,2026-07-13,carrefour,07175bfa-c6fb-4a73-b991-007da78f5cd8,ipca-sp-1110010,1110010,e3c46f61-7de6-4dfb-8944-70ee4b722280,1,2990,2990,2026-07-13,2026-07-13,true,false,missing_observation,,1.000000000000
2026-07-14,2026-07-13,carrefour,0744509e-f978-4bf2-bdcc-cb95ead5c3ea,ipca-sp-1112003,1112003,e48e8dd3-2f84-4608-b8b4-feb2ff68111d,1,299,299,2026-07-14,2026-07-12,false,true,,missing_observation,1.000000000000
2026-07-14,2026-07-13,carrefour,07606c0d-94a8-4857-bc61-e4c7ba6fab35,ipca-sp-1114090,1114090,274bbce6-7546-485f-a59c-e18b13300871,1,99,99,2026-07-14,2026-07-12,false,true,,missing_observation,1.000000000000
2026-07-14,2026-07-13,carrefour,0791fd5a-c9f5-4081-8ea3-b349fa739e18,ipca-sp-1114084,1114084,2bdca4a1-05ff-44ae-8662-bddc0fb0f805,1,315,315,2026-07-14,2026-07-13,false,false,,,1.000000000000
2026-07-14,2026-07-13,carrefour,07c3d504-7c26-4939-9c89-fa5bfbd1d982,ipca-sp-1102061,1102061,fbde95dc-4b22-40be-aeb7-a3a3ce9a949f,1,189,189,2026-07-13,2026-07-13,true,false,missing_observation,,1.000000000000
2026-07-14,2026-07-13,carrefour,0898711a-58e1-432f-9042-7bad786e8de6,ipca-sp-1104023,1104023,12bed1a9-80db-411b-9923-aeb4df28325f,1,1199,1199,2026-07-13,2026-07-13,true,false,missing_observation,,1.000000000000
2026-07-14,2026-07-13,carrefour,08b6c105-828e-46de-b56e-e80451fc8312,ipca-sp-1114001,1114001,81a8e37d-b19c-45cf-8286-d1580986b819,1,1690,1690,2026-07-14,2026-07-13,false,false,,,1.000000000000
2026-07-14,2026-07-13,carrefour,08b900cb-0887-42fa-926a-1ba66c9adda9,ipca-sp-1112018,1112018,2e0f04c3-fb1c-4659-99ff-d5df2b0776ac,1,1359,1359,2026-07-14,2026-07-13,false,false,,,1.000000000000
2026-07-14,2026-07-13,carrefour,08bc9431-11e5-4e73-8615-f438294c5d58,ipca-sp-1102006,1102006,2668fc81-fce0-4156-bc1f-147489007b77,1,499,499,2026-07-14,2026-07-12,false,true,,missing_observation,1.000000000000
2026-07-14,2026-07-13,carrefour,08d1dbd8-68a8-4e39-802c-30a88b4e81d1,ipca-sp-1104023,1104023,346845f9-43aa-4833-8d71-1e10d3a6bc2a,1,879,879,2026-07-14,2026-07-12,false,true,,missing_observation,1.000000000000
2026-07-14,2026-07-13,carrefour,08ec3e8d-94fc-4be0-939b-1c7b8432f5a8,ipca-sp-1114087,1114087,d4132fd6-c67b-42aa-a972-c3cda224874d,1,3699,3699,2026-07-14,2026-07-13,false,false,,,1.000000000000
2026-07-14,2026-07-13,carrefour,09589db4-7cb7-4eb5-8807-fa27d8fa8955,ipca-sp-1114001,1114001,797343d9-e4cc-4132-b2cc-2cb6b7fa213f,1,239,239,2026-07-14,2026-07-13,false,false,,,1.000000000000
2026-07-14,2026-07-13,carrefour,096f8279-2fcb-4f60-aaec-276dadd9a948,ipca-sp-1112003,1112003,d18ec60a-c00e-4c9f-8ffa-077c925eb681,1,439,439,2026-07-13,2026-07-13,true,false,missing_observation,,1.000000000000
2026-07-14,2026-07-13,carrefour,09a6e6f4-b3f4-4c44-a8fe-e8acd51fac35,ipca-sp-1103028,1103028,a1236cb6-2040-4429-86ec-bcd2730d2c36,1,2689,2689,2026-07-13,2026-07-13,true,false,missing_observation,,1.000000000000
2026-07-14,2026-07-13,carrefour,09bd126b-f091-4451-881a-0ccf745cb4a2,ipca-sp-1111011,1111011,0545aa84-421b-41a1-a44d-14adcb4069a7,1,849,849,2026-07-14,2026-07-13,false,false,,,1.000000000000
2026-07-14,2026-07-13,carrefour,0a15ca95-117e-4c4c-89d1-a5ac9093b95b,ipca-sp-1103003,1103003,e2bf22f9-16f4-450c-85ac-50184bfafb18,1,3408,3408,2026-07-11,2026-07-11,true,true,missing_observation,missing_observation,1.000000000000
2026-07-14,2026-07-13,carrefour,0a6e46c9-7753-4952-99d2-471c461b2d05,ipca-sp-1114083,1114083,9e9462ea-4953-45f5-bd72-ed053a284c51,1,149,189,2026-07-14,2026-07-12,false,true,,missing_observation,0.788359788360
2026-07-14,2026-07-13,carrefour,0b3fb271-0bad-461e-96e9-81fa0523fb1f,ipca-sp-1115057,1115057,dc2da394-8954-427b-b5f4-32dba461f2b6,1,829,829,2026-07-14,2026-07-12,false,true,,missing_observation,1.000000000000
2026-07-14,2026-07-13,carrefour,0b59fcb4-4708-4db1-90df-cd246cd0ad98,ipca-sp-1114090,1114090,4791e478-f6c7-41ed-afd3-6296f8cf9f24,1,99,99,2026-07-14,2026-07-12,false,true,,missing_observation,1.000000000000
2026-07-14,2026-07-13,carrefour,0bc15d81-69a0-4bb7-9bb7-09481f249045,ipca-sp-1110010,1110010,e6de7aea-c1ad-4f25-9b45-293228a66a2d,1,1089,1089,2026-07-12,2026-07-12,true,true,missing_observation,missing_observation,1.000000000000
2026-07-14,2026-07-13,carrefour,0bf6c3e4-918d-4468-938f-0f89a35c4625,ipca-sp-1114001,1114001,4ff6033b-d09b-4c48-9f34-a59af2818dad,1,1499,1499,2026-07-14,2026-07-13,false,false,,,1.000000000000
2026-07-14,2026-07-13,carrefour,0c1ad335-5e5e-40ea-80f7-c96939290cd4,ipca-sp-1104023,1104023,7398051d-c322-42bd-8440-8244b11675c9,1,499,299,2026-07-14,2026-07-12,false,true,,missing_observation,1.668896321070
2026-07-14,2026-07-13,carrefour,0c2386af-0d68-4087-98e1-76a500f1ccfb,ipca-sp-1102006,1102006,ba1d30a8-4d8a-4d71-a044-51db2a395611,1,999,999,2026-07-14,2026-07-12,false,true,,missing_observation,1.000000000000
2026-07-14,2026-07-13,carrefour,0c818bab-1341-4fe6-b771-107c85a3ff77,ipca-sp-1110010,1110010,869cab55-dd54-42c2-b445-d622ee1a6725,1,1450,1450,2026-07-13,2026-07-13,true,false,missing_observation,,1.000000000000
2026-07-14,2026-07-13,extra-mercado,003661ae-ec34-49c0-8dc4-685715191607,ipca-sp-1115057,1115057,39af085b-14be-4476-8d90-4327e1883258,1,1049,1049,2026-07-14,2026-07-12,false,true,,missing_observation,1.000000000000
2026-07-14,2026-07-13,extra-mercado,005ce635-cf48-43f7-b56a-def252c01da0,ipca-sp-1115075,1115075,00e10050-44f1-4954-99e2-b6098e10beec,1,1299,1299,2026-07-13,2026-07-13,true,false,missing_observation,,1.000000000000
2026-07-14,2026-07-13,extra-mercado,00ce918f-1dff-48f3-8345-dc746ac1a335,ipca-sp-1104023,1104023,a61e6b59-d3d7-4a46-988d-19806580b0d3,1,299,299,2026-07-14,2026-07-13,false,false,,,1.000000000000
2026-07-14,2026-07-13,extra-mercado,01037aac-0a23-4d63-80be-bd84c5faf8d6,ipca-sp-1104023,1104023,a3180eda-8c0d-403c-aa28-f04ccad26554,1,1099,1099,2026-07-14,2026-07-12,false,true,,missing_observation,1.000000000000
2026-07-14,2026-07-13,extra-mercado,01169273-a2b4-4e07-87a0-d73e3e9525c5,ipca-sp-1113040,1113040,68159997-3c69-4774-a36b-675e03ecc68a,1,999,999,2026-07-12,2026-07-12,true,true,missing_observation,missing_observation,1.000000000000
2026-07-14,2026-07-13,extra-mercado,0149a288-4af1-4750-80bd-d33642e363d9,ipca-sp-1112018,1112018,2b3dd5df-492d-47ed-b019-82f90d9d05ae,1,1039,1039,2026-07-13,2026-07-13,true,false,missing_observation,,1.000000000000
2026-07-14,2026-07-13,extra-mercado,01534c4a-fcdb-409d-a2f2-902b0272c8e0,ipca-sp-1114022,1114022,d59c01c8-bd1f-4a10-b187-20f9777e6c12,1,3399,3399,2026-07-13,2026-07-13,true,false,missing_observation,,1.000000000000
2026-07-14,2026-07-13,extra-mercado,01813a59-a240-46e0-9060-dd169daef59e,ipca-sp-1107018,1107018,2a5ed3d2-74d1-4544-aef2-a2611ef95458,1,2090,2090,2026-07-14,2026-07-13,false,false,,,1.000000000000
2026-07-14,2026-07-13,extra-mercado,02016470-762e-41ae-9a65-02881d2d322d,ipca-sp-1112003,1112003,7e1f13c7-4d3a-4c20-ae2b-22adcb48d4c4,1,199,199,2026-07-13,2026-07-13,true,false,missing_observation,,1.000000000000
2026-07-14,2026-07-13,extra-mercado,021824a1-fe48-48f1-ad3e-856753eb1762,ipca-sp-1111019,1111019,9d2ff46d-5ba9-4b3c-8ef1-9c99bdd16bed,1,899,899,2026-07-14,2026-07-12,false,true,,missing_observation,1.000000000000
2026-07-14,2026-07-13,extra-mercado,02196195-d10e-41c6-8018-616731f5184f,ipca-sp-1112003,1112003,f96626fb-5fcd-4ad3-bc1c-3ad755ee24f9,1,499,499,2026-07-14,2026-07-12,false,true,,missing_observation,1.000000000000
2026-07-14,2026-07-13,extra-mercado,022d038b-a475-4d26-adfb-db352197a590,ipca-sp-1103028,1103028,874223b4-afa7-40cf-8095-cd6737205b29,1,649,649,2026-07-11,2026-07-11,true,true,missing_observation,missing_observation,1.000000000000
2026-07-14,2026-07-13,extra-mercado,024474c9-f132-450f-bb41-54a3f58305b9,ipca-sp-1111011,1111011,5228efe8-d2d9-46f0-9f92-7c363c214176,1,1390,1390,2026-07-13,2026-07-13,true,false,missing_observation,,1.000000000000
2026-07-14,2026-07-13,extra-mercado,02612274-5385-4bb1-bcf4-84741670a5ed,ipca-sp-1116005,1116005,d14b68b2-407d-4c71-a768-26b8f2d4d8a5,1,2299,1799,2026-07-14,2026-07-13,false,false,,,1.277932184547
2026-07-14,2026-07-13,extra-mercado,02be7fc3-b139-49bb-8bc1-1d91a469e866,ipca-sp-1116071,1116071,a67d6668-5e98-4344-af16-ad1db54fb899,1,679,679,2026-07-14,2026-07-13,false,false,,,1.000000000000
2026-07-14,2026-07-13,extra-mercado,032bbe1e-1a30-4ecb-bee4-d82cae47fdf6,ipca-sp-1114084,1114084,d870221b-5e8f-4a8d-9786-c9bd641935f2,1,978,798,2026-07-14,2026-07-13,false,false,,,1.225563909774
2026-07-14,2026-07-13,extra-mercado,032f59d3-efcc-4bdf-bf95-7b3a261ccfed,ipca-sp-1112018,1112018,b153ed9f-24d9-479c-8296-ba31b502144b,1,929,929,2026-07-13,2026-07-13,true,false,missing_observation,,1.000000000000
2026-07-14,2026-07-13,extra-mercado,035bda36-9766-47fc-81a2-4700d214a0e6,ipca-sp-1104023,1104023,dc7e5ad7-1651-4301-9200-94f2519c979f,1,899,899,2026-07-14,2026-07-12,false,true,,missing_observation,1.000000000000
2026-07-14,2026-07-13,extra-mercado,036ebaba-9d56-4421-8830-8b9e2d982251,ipca-sp-1102006,1102006,2b854582-b55d-483c-b40a-6a87a5ed0400,1,399,399,2026-07-14,2026-07-13,false,false,,,1.000000000000
2026-07-14,2026-07-13,extra-mercado,03773828-d0ca-4940-a3cd-19d34bb6b9f3,ipca-sp-1110009,1110009,d056e21e-4b2b-4789-aea2-0ce15ef0c6dd,1,5496,5496,2026-07-14,2026-07-13,false,false,,,1.000000000000
2026-07-14,2026-07-13,extra-mercado,03c19109-a74d-4783-ba0d-638ca00ebed4,ipca-sp-1105012,1105012,7e440d0c-eae2-467a-ad5c-9961445ebfbd,1,1799,1799,2026-07-13,2026-07-13,true,false,missing_observation,,1.000000000000
2026-07-14,2026-07-13,extra-mercado,03d86dba-175f-4ff9-8a1f-b9c9b29dcef6,ipca-sp-1111019,1111019,54124836-1349-4c3f-be94-7bdc944a2f26,1,829,829,2026-07-14,2026-07-12,false,true,,missing_observation,1.000000000000
2026-07-14,2026-07-13,extra-mercado,03e45f4d-8914-42b4-b166-ea49e20de4b1,ipca-sp-1103044,1103044,5ce875e2-999c-40f1-b214-64dc2bca6a16,1,899,899,2026-07-14,2026-07-13,false,false,,,1.000000000000
2026-07-14,2026-07-13,extra-mercado,040b979e-41ff-4af1-9df2-c82165432f07,ipca-sp-1116005,1116005,eb573bd4-bd6e-42ef-8693-045644047b10,1,1849,1849,2026-07-13,2026-07-13,true,false,missing_observation,,1.000000000000
2026-07-14,2026-07-13,extra-mercado,044ec551-9c41-4604-b9f2-ffb81663c67d,ipca-sp-1113013,1113013,2947300f-3671-4870-a145-6d49a70fee1f,1,779,779,2026-07-14,2026-07-13,false,false,,,1.000000000000
2026-07-14,2026-07-13,extra-mercado,051b7650-ab48-48a3-b447-4558f296762b,ipca-sp-1110010,1110010,7bfcb8cf-e422-4807-842b-20ffd044fded,1,2390,2390,2026-07-14,2026-07-13,false,false,,,1.000000000000
2026-07-14,2026-07-13,extra-mercado,05b9b382-0cbb-47fa-8041-b1d9197736ad,ipca-sp-1111019,1111019,849860b4-5e11-4cd1-82cc-f1510d300469,1,949,949,2026-07-13,2026-07-13,true,false,missing_observation,,1.000000000000
2026-07-14,2026-07-13,extra-mercado,05fb9222-69e9-4909-b248-fe5642f6047f,ipca-sp-1115016,1115016,368bdb47-ebbe-47f4-abf0-dbe793468880,1,2899,2899,2026-07-14,2026-07-13,false,false,,,1.000000000000
2026-07-14,2026-07-13,extra-mercado,064ae9a8-63df-4bcd-8c6d-d05c84f23442,ipca-sp-1107095,1107095,34422277-b5dc-41f2-a20d-f0f96ab1b344,1,2694,2694,2026-07-14,2026-07-13,false,false,,,1.000000000000
2026-07-14,2026-07-13,extra-mercado,06638acf-d5b5-45cc-a79b-87d3a479d1ad,ipca-sp-1114001,1114001,0013d211-01f3-4b62-9063-bede34e08151,1,2199,2199,2026-07-14,2026-07-13,false,false,,,1.000000000000
2026-07-14,2026-07-13,extra-mercado,067cae27-9859-4a77-be16-3e7dfe460979,ipca-sp-1111019,1111019,09bb0d4b-1083-4984-8c9f-475cb79fb422,1,379,379,2026-07-14,2026-07-13,false,false,,,1.000000000000
2026-07-14,2026-07-13,extra-mercado,0684a9d3-b9c4-4276-bec3-0b8e7b2c4ef8,ipca-sp-1104023,1104023,f8d72931-3aa2-4dce-b3c5-2507ac4f4604,1,799,799,2026-07-14,2026-07-13,false,false,,,1.000000000000
2026-07-14,2026-07-13,extra-mercado,06c7dca2-9750-4319-95ee-b927b4249923,ipca-sp-1112018,1112018,cffa458f-b4c3-44e7-941b-06d67e250fab,1,1499,1289,2026-07-14,2026-07-12,false,true,,missing_observation,1.162916989915
2026-07-14,2026-07-13,extra-mercado,06edac41-bdec-4990-8bdb-9a24246144bc,ipca-sp-1104023,1104023,ff8be7bd-d1b1-4bd5-aa43-12a7732b722d,1,1149,1149,2026-07-13,2026-07-13,true,false,missing_observation,,1.000000000000
2026-07-14,2026-07-13,extra-mercado,0713139b-0947-4cab-94ed-a78cbbc4e90b,ipca-sp-1114083,1114083,391bac2b-fc61-4247-8797-4fbbd8c7ad57,1,179,179,2026-07-14,2026-07-13,false,false,,,1.000000000000
2026-07-14,2026-07-13,extra-mercado,071b4123-63c7-4c63-bcdb-1e6601f6992e,ipca-sp-1112003,1112003,de4a59b6-2686-41cc-ab4a-f873b8d71722,1,345,345,2026-07-14,2026-07-12,false,true,,missing_observation,1.000000000000
2026-07-14,2026-07-13,extra-mercado,07252e95-858a-42af-9fdf-21209edc5115,ipca-sp-1102006,1102006,35b20945-ccb9-433b-8d4b-5ca7fa9b84bd,1,669,669,2026-07-14,2026-07-13,false,false,,,1.000000000000
2026-07-14,2026-07-13,extra-mercado,0755b821-b71d-4470-9333-8d03966f670b,ipca-sp-1112018,1112018,5a52f0c4-f8d2-4757-9d41-65e8f5a0cc66,1,1149,1149,2026-07-13,2026-07-13,true,false,missing_observation,,1.000000000000
2026-07-14,2026-07-13,extra-mercado,079c5819-b315-4efb-8052-90745be8458b,ipca-sp-1114083,1114083,48813a8d-c0cd-4d2a-9e70-2bd86d553c9e,1,1049,779,2026-07-14,2026-07-13,false,false,,,1.346598202824
2026-07-14,2026-07-13,extra-mercado,0809d1ef-6cd7-4ee4-9334-245d306c9b09,ipca-sp-1114083,1114083,c5fa3152-5427-44ba-81eb-547834ca7801,1,309,309,2026-07-14,2026-07-13,false,false,,,1.000000000000
2026-07-14,2026-07-13,extra-mercado,08134ecf-bef0-4776-b1ec-f14ef3645413,ipca-sp-1111019,1111019,9159f4fb-6a15-4f02-928c-ec32d81ceb9b,1,999,999,2026-07-14,2026-07-13,false,false,,,1.000000000000
2026-07-14,2026-07-13,extra-mercado,08202e10-7249-4e7e-a879-855855b6ac6a,ipca-sp-1111011,1111011,1899c57c-884d-4dba-8138-76cc0915b29d,1,2140,2140,2026-07-13,2026-07-13,true,false,missing_observation,,1.000000000000
2026-07-14,2026-07-13,extra-mercado,0831447a-7f40-467a-9e68-8333e166ab0c,ipca-sp-1111019,1111019,0a019f44-fb43-47fa-a657-864925613c64,1,329,329,2026-07-14,2026-07-13,false,false,,,1.000000000000
2026-07-14,2026-07-13,extra-mercado,0884eb56-6faf-48b5-8c1b-9938dd39a706,ipca-sp-1116010,1116010,fb578530-d761-442d-bc5f-99a93b2a40b4,1,1490,1490,2026-07-14,2026-07-12,false,true,,missing_observation,1.000000000000
2026-07-14,2026-07-13,extra-mercado,08d3e2bf-7074-4f60-9c8d-56cec36c21a5,ipca-sp-1114084,1114084,bba00f23-2cb8-44e2-bdac-fd3da379eb98,1,359,369,2026-07-14,2026-07-13,false,false,,,0.972899728997
2026-07-14,2026-07-13,extra-mercado,0921cd34-0886-4a27-ada7-626620dbc05d,ipca-sp-1111019,1111019,c83627a3-ac2c-47e4-86f3-19144a0072ac,1,1849,1849,2026-07-14,2026-07-12,false,true,,missing_observation,1.000000000000
2026-07-14,2026-07-13,extra-mercado,097b9835-d622-4bb8-935e-741207be589c,ipca-sp-1103003,1103003,afbfa3cb-0bd7-4a41-8b5d-6d70dd9e0190,1,1850,1850,2026-07-11,2026-07-11,true,true,missing_observation,missing_observation,1.000000000000
2026-07-14,2026-07-13,extra-mercado,097f778b-1044-41ad-9bb1-bfe7416faf78,ipca-sp-1111019,1111019,c80a3ba2-d2b4-4ac9-ae2b-445289c44196,1,489,489,2026-07-14,2026-07-13,false,false,,,1.000000000000
2026-07-14,2026-07-13,extra-mercado,099edcd2-c4f5-4114-97bb-e9e8f547060a,ipca-sp-1102006,1102006,91a88dd2-091f-42f1-8110-33cb1ba8771d,1,879,879,2026-07-14,2026-07-12,false,true,,missing_observation,1.000000000000
2026-07-14,2026-07-13,extra-mercado,09be12db-5e0a-427d-bce7-83b97c80079f,ipca-sp-1111009,1111009,176e414a-b685-451f-95a3-75560bfde0d5,1,2499,2499,2026-07-13,2026-07-13,true,false,missing_observation,,1.000000000000
2026-07-14,2026-07-13,extra-mercado,09de2026-590c-456c-b475-e96ffb462111,ipca-sp-1111019,1111019,6c04e770-7fbe-4ef4-9a83-bc3d6ca7cc50,1,499,499,2026-07-13,2026-07-13,true,false,missing_observation,,1.000000000000
2026-07-14,2026-07-13,extra-mercado,09ee88a5-0228-4ae2-9108-63b970ac8aeb,ipca-sp-1107094,1107094,6bc979df-c329-4b1b-9a9c-5206eefb5038,1,2645,2645,2026-07-13,2026-07-13,true,false,missing_observation,,1.000000000000
2026-07-14,2026-07-13,extra-mercado,09fb21c9-cfe9-4ae9-b782-62a8e145d87f,ipca-sp-1104023,1104023,062cba34-6dbc-4525-8610-3fdfe5b49275,1,829,829,2026-07-14,2026-07-12,false,true,,missing_observation,1.000000000000
2026-07-14,2026-07-13,extra-mercado,0a30103b-fe88-44fe-8707-73449d93f300,ipca-sp-1112019,1112019,dc78f2a6-8dbf-4158-8e2f-4bb15f88603c,1,849,849,2026-07-13,2026-07-13,true,false,missing_observation,,1.000000000000
2026-07-14,2026-07-13,extra-mercado,0a572414-1420-4389-9b1a-6c06ffb6f136,ipca-sp-1111021,1111021,a4514e44-a3d4-4541-8bd6-8a4fd8c53be4,1,1050,1050,2026-07-14,2026-07-13,false,false,,,1.000000000000
2026-07-14,2026-07-13,extra-mercado,0a70e4af-0a32-4318-9a7f-7fbacabb2f5b,ipca-sp-1102061,1102061,cc56e60e-876a-4dc5-86a6-76bd994dfe42,1,349,249,2026-07-14,2026-07-13,false,false,,,1.401606425703
2026-07-14,2026-07-13,extra-mercado,0aafad30-3193-42f5-a8a8-bfc723df1336,ipca-sp-1112019,1112019,7703d4c4-2851-48ed-a16e-d33f1b8ecc2d,1,8599,8599,2026-07-14,2026-07-13,false,false,,,1.000000000000
2026-07-14,2026-07-13,extra-mercado,0ab43770-2867-4345-b357-1ea8404f0c64,ipca-sp-1112018,1112018,5f1c7ba0-063f-43f1-8528-bb3fc89974c0,1,1129,1129,2026-07-11,2026-07-11,true,true,missing_observation,missing_observation,1.000000000000
2026-07-14,2026-07-13,extra-mercado,0ac7977e-3d8b-4805-a407-086ba42ecce3,ipca-sp-1109007,1109007,d4442ab7-dba4-4f40-b21d-9ca3190ba534,1,1450,1450,2026-07-13,2026-07-13,true,false,missing_observation,,1.000000000000
2026-07-14,2026-07-13,extra-mercado,0ad908b8-8f95-43dd-9f6a-e053c52889c7,ipca-sp-1107018,1107018,55f24595-afc7-4c34-a421-052148910b9a,1,1492,1492,2026-07-14,2026-07-13,false,false,,,1.000000000000
2026-07-14,2026-07-13,extra-mercado,0b4e8f98-6d1a-4190-bbcc-8852b4d2f510,ipca-sp-1109008,1109008,cd47766c-8f33-4303-bdd4-4b399b4f07fa,1,2290,2290,2026-07-12,2026-07-12,true,true,missing_observation,missing_observation,1.000000000000
2026-07-14,2026-07-13,extra-mercado,0b769a25-3971-472a-a6a8-fd6576e4f380,ipca-sp-1111019,1111019,66efff47-b27e-457c-a9c1-f5b33e86ea50,1,1749,1749,2026-07-14,2026-07-12,false,true,,missing_observation,1.000000000000
2026-07-14,2026-07-13,extra-mercado,0c37a558-cb7a-4fe8-a13f-fc0c3e97c2e9,ipca-sp-1112003,1112003,c40a2e86-7b11-4519-b892-fda3e03dc9e2,1,449,389,2026-07-14,2026-07-12,false,true,,missing_observation,1.154241645244
2026-07-14,2026-07-13,extra-mercado,0c6893cb-d6a9-491e-b8b8-919fa9517edd,ipca-sp-1111011,1111011,efe57fa0-7105-435f-943e-c6da49b7ecbd,1,3090,3090,2026-07-14,2026-07-12,false,true,,missing_observation,1.000000000000
2026-07-14,2026-07-13,pao-de-acucar,002f788b-8705-40f5-908a-6fed0f571307,ipca-sp-1114087,1114087,4d677e57-a403-4306-9f84-dfd60510941b,1,11990,11990,2026-07-13,2026-07-13,true,false,missing_observation,,1.000000000000
2026-07-14,2026-07-13,pao-de-acucar,00521fbb-191c-4e59-beaf-4520cac3071c,ipca-sp-1104023,1104023,33bcbbbb-2752-4e96-b73b-b810fc4dd95c,1,4399,4399,2026-07-14,2026-07-12,false,true,,missing_observation,1.000000000000
2026-07-14,2026-07-13,pao-de-acucar,007dfb1d-859c-449f-b4f6-6cea756052f8,ipca-sp-1113014,1113014,addf0f8c-1383-4d5e-a239-0350686e83f2,1,2999,2999,2026-07-14,2026-07-13,false,false,,,1.000000000000
2026-07-14,2026-07-13,pao-de-acucar,00d9c3d1-206b-4e57-aec1-7a3b11064904,ipca-sp-1116041,1116041,4cbf7e0c-b071-4337-ba97-1aa34d98e06b,1,2799,2799,2026-07-11,2026-07-11,true,true,missing_observation,missing_observation,1.000000000000
2026-07-14,2026-07-13,pao-de-acucar,0116192a-496f-46bf-b58e-b78e4a3625c3,ipca-sp-1104052,1104052,a8c492c7-3b65-47fd-be9c-a3b7f9595db0,1,2099,2099,2026-07-13,2026-07-13,true,false,missing_observation,,1.000000000000
2026-07-14,2026-07-13,pao-de-acucar,016805e5-2fda-4527-a622-9626f01408e2,ipca-sp-1107084,1107084,b836a981-bb3b-4e1a-b7b8-dc62e051a1aa,1,3774,4554,2026-07-14,2026-07-13,false,false,,,0.828722002635
2026-07-14,2026-07-13,pao-de-acucar,0191dedf-d59a-4645-ba62-44e63ece45ae,ipca-sp-1111011,1111011,d4b96487-2d6d-4846-b909-73c31a3596ed,1,5990,5990,2026-07-14,2026-07-12,false,true,,missing_observation,1.000000000000
2026-07-14,2026-07-13,pao-de-acucar,019c2a78-0f44-4b01-94b9-598afb9ffa99,ipca-sp-1104032,1104032,057b2171-4bea-46ce-8dc6-a89327002743,1,4199,4199,2026-07-14,2026-07-12,false,true,,missing_observation,1.000000000000
2026-07-14,2026-07-13,pao-de-acucar,01b91bf6-05be-4482-ad18-85a5e620e655,ipca-sp-1107084,1107084,bb6d7291-5bfb-47e1-81c5-cf77162be32b,1,8388,8388,2026-07-13,2026-07-13,true,false,missing_observation,,1.000000000000
2026-07-14,2026-07-13,pao-de-acucar,01b9226a-fc7c-479c-9057-c8660bb8b8f4,ipca-sp-1109008,1109008,31f7d472-b6bc-4582-92d6-74c4de7fca38,1,2890,2890,2026-07-14,2026-07-13,false,false,,,1.000000000000
2026-07-14,2026-07-13,pao-de-acucar,01bbe405-87ba-4f28-a003-8f3890dd0463,ipca-sp-1104032,1104032,b1e5fe7b-60e6-45fb-808c-dcbed2999ff2,1,3499,3499,2026-07-14,2026-07-13,false,false,,,1.000000000000
2026-07-14,2026-07-13,pao-de-acucar,01f15904-aba8-41ca-be31-0615f22924ea,ipca-sp-1116041,1116041,237d6230-c4c8-4e2c-adc6-4382f2ed5646,1,3479,3479,2026-07-12,2026-07-12,true,true,missing_observation,missing_observation,1.000000000000
2026-07-14,2026-07-13,pao-de-acucar,01fd89ad-fa6d-45c1-9a5e-36a17fab2d65,ipca-sp-1108075,1108075,18cf464d-0b6d-433d-ade9-36a427717259,1,3897,3897,2026-07-14,2026-07-12,false,true,,missing_observation,1.000000000000
2026-07-14,2026-07-13,pao-de-acucar,01fe24b8-7058-4d34-99db-b55bb4ec7480,ipca-sp-1111011,1111011,016b4f0d-1bc4-4419-840e-e27812219f42,1,3062,3062,2026-07-14,2026-07-13,false,false,,,1.000000000000
2026-07-14,2026-07-13,pao-de-acucar,020ab5af-c580-4faa-ba2e-8e5d9d2dda96,ipca-sp-1104032,1104032,1151cd8d-b991-4ba0-b91b-b8f5ee099600,1,4999,4999,2026-07-12,2026-07-12,true,true,missing_observation,missing_observation,1.000000000000
2026-07-14,2026-07-13,pao-de-acucar,022d31f6-c6c6-4e00-bc0f-79816a7e17f7,ipca-sp-1107018,1107018,ca4fbefc-2468-4155-be22-5889e03c426c,1,2632,2632,2026-07-14,2026-07-13,false,false,,,1.000000000000
2026-07-14,2026-07-13,pao-de-acucar,0236311a-d54e-444d-a699-17615669c38b,ipca-sp-1112003,1112003,e38f9ffb-0389-4813-9496-2876933f400a,1,2999,2249,2026-07-14,2026-07-13,false,false,,,1.333481547354
2026-07-14,2026-07-13,pao-de-acucar,02570816-33e6-42ec-aa0d-b684f72d2649,ipca-sp-1111011,1111011,afe2c588-8d5f-442f-a483-58c603d627f0,1,2598,2598,2026-07-14,2026-07-13,false,false,,,1.000000000000
2026-07-14,2026-07-13,pao-de-acucar,0296bfb7-939a-4e6c-a7b9-d97ad6477d6b,ipca-sp-1116010,1116010,af4fd995-b67a-4645-8779-e9d9d8ffe8e3,1,2999,2999,2026-07-14,2026-07-13,false,false,,,1.000000000000
2026-07-14,2026-07-13,pao-de-acucar,02eee105-76db-4fff-80c0-288a0b7783c1,ipca-sp-1116041,1116041,e0a0d73b-c662-49bb-9736-c9b1e747f537,1,499,499,2026-07-13,2026-07-13,true,false,missing_observation,,1.000000000000
2026-07-14,2026-07-13,pao-de-acucar,0337084f-c4e5-4b14-8120-9becba3166e8,ipca-sp-1101002,1101002,052936ed-7a2e-48bf-a7b3-f0f40da224d6,1,2399,2399,2026-07-14,2026-07-13,false,false,,,1.000000000000
2026-07-14,2026-07-13,pao-de-acucar,034b7844-4294-4fe0-89f1-92b8f84356e9,ipca-sp-1114087,1114087,f005fb6c-aba4-408e-93af-01daf0433cd1,1,99989,99989,2026-07-12,2026-07-12,true,true,missing_observation,missing_observation,1.000000000000
2026-07-14,2026-07-13,pao-de-acucar,03ac8aef-c9c1-4cdd-b2a8-83fdb888ffc8,ipca-sp-1107084,1107084,1a0ddf0a-01b2-464d-ac7f-89d7022d22a3,1,12585,12585,2026-07-11,2026-07-11,true,true,missing_observation,missing_observation,1.000000000000
2026-07-14,2026-07-13,pao-de-acucar,03fc2c88-ed58-4487-8b05-d020524ca7dc,ipca-sp-1107084,1107084,3475ad07-6f50-4b85-b54f-9e1d3a6227e7,1,4195,4195,2026-07-14,2026-07-12,false,true,,missing_observation,1.000000000000
2026-07-14,2026-07-13,pao-de-acucar,042126f0-fadf-489c-aac3-32f0429c87f7,ipca-sp-1112003,1112003,3e3bc812-8e4c-4de4-b3fd-9cd6d3c11e27,1,2899,2899,2026-07-14,2026-07-13,false,false,,,1.000000000000
2026-07-14,2026-07-13,pao-de-acucar,042321b4-e7fb-4bf5-94f9-dae0eacf5477,ipca-sp-1104023,1104023,e74367f4-a94e-4fc5-b9df-f7e2789c5410,1,4999,4999,2026-07-14,2026-07-12,false,true,,missing_observation,1.000000000000
2026-07-14,2026-07-13,pao-de-acucar,04304dc9-4cd4-4dd0-a217-53db386e848d,ipca-sp-1103020,1103020,26b73700-1849-41e9-a13f-dc9bec269f20,1,2190,2190,2026-07-14,2026-07-13,false,false,,,1.000000000000
2026-07-14,2026-07-13,pao-de-acucar,04351a29-5c2d-44d2-be66-e4e427796871,ipca-sp-1104052,1104052,e8edcbec-24c6-4e19-b746-18e03aa248a1,1,2499,2499,2026-07-14,2026-07-13,false,false,,,1.000000000000
2026-07-14,2026-07-13,pao-de-acucar,0452a15b-9fd2-420e-b4a7-346ffef935f8,ipca-sp-1107093,1107093,43340968-e6d7-48ad-8ab8-67ccd6fa5cf0,1,3890,4690,2026-07-14,2026-07-12,false,true,,missing_observation,0.829424307036
2026-07-14,2026-07-13,pao-de-acucar,0454f3b8-d447-4572-a572-d1c144d1b055,ipca-sp-1114087,1114087,edf1ce20-a28d-41f2-803d-276a70258470,1,23990,23990,2026-07-13,2026-07-13,true,false,missing_observation,,1.000000000000
2026-07-14,2026-07-13,pao-de-acucar,047de0c1-56b8-4ebe-a193-9761de48bb31,ipca-sp-1107018,1107018,7bc2e050-2960-4f98-95af-3a230bfc1737,1,2390,2390,2026-07-14,2026-07-13,false,false,,,1.000000000000
2026-07-14,2026-07-13,pao-de-acucar,047ec55a-f9a5-465a-ad9d-e604a3f7e3ad,ipca-sp-1114022,1114022,4b946386-6022-4e64-bf86-2db4ceebf6eb,1,3999,3999,2026-07-14,2026-07-12,false,true,,missing_observation,1.000000000000
2026-07-14,2026-07-13,pao-de-acucar,04c1540e-5ce8-4305-9e34-763b514e8b80,ipca-sp-1103003,1103003,fda88de0-dc96-49be-8d03-bbc1b1c042af,1,2490,2490,2026-07-14,2026-07-13,false,false,,,1.000000000000
2026-07-14,2026-07-13,pao-de-acucar,04e31e71-a0ef-4ce4-bfd7-40f6ae00ea0f,ipca-sp-1110044,1110044,144c36f7-2039-4d1f-ac91-4ed510de15f5,1,2699,2699,2026-07-14,2026-07-13,false,false,,,1.000000000000
2026-07-14,2026-07-13,pao-de-acucar,04e91806-b67e-4cf0-a908-10124c4ef796,ipca-sp-1101002,1101002,d3a49cb6-5593-4e33-8e4c-d2ca338236f4,1,2799,2799,2026-07-13,2026-07-13,true,false,missing_observation,,1.000000000000
2026-07-14,2026-07-13,pao-de-acucar,04fa6f9c-0654-43b4-b3b8-5dc4170d716d,ipca-sp-1110010,1110010,7b372abf-4821-42bf-8cc5-c18708994ae6,1,3990,3990,2026-07-14,2026-07-12,false,true,,missing_observation,1.000000000000
2026-07-14,2026-07-13,pao-de-acucar,050fadc2-81f6-485c-ab5e-f63003c6bf81,ipca-sp-1103028,1103028,f7a7da7a-5439-490b-9372-136af3515e37,1,2499,2499,2026-07-14,2026-07-13,false,false,,,1.000000000000
2026-07-14,2026-07-13,pao-de-acucar,0542f469-9781-4e52-917f-3c78f570dea0,ipca-sp-1102029,1102029,7fb484cd-7e13-4b4b-9be5-7fd5e3bbe96a,1,4490,4490,2026-07-14,2026-07-12,false,true,,missing_observation,1.000000000000
2026-07-14,2026-07-13,pao-de-acucar,054780fe-ba6a-45c4-9df2-5b31eb4afd70,ipca-sp-1107084,1107084,14dd8442-7e40-4d9a-a3a3-823b8f064d81,1,13485,13485,2026-07-13,2026-07-13,true,false,missing_observation,,1.000000000000
2026-07-14,2026-07-13,pao-de-acucar,05729032-9d75-4bca-b39b-e693eaacb0a2,ipca-sp-1109008,1109008,59891f7c-1736-42c1-838e-0b8b6ae69e1a,1,2990,2990,2026-07-14,2026-07-13,false,false,,,1.000000000000
2026-07-14,2026-07-13,pao-de-acucar,0631f55c-8153-4e2c-8add-d6d9e9ab6732,ipca-sp-1114087,1114087,a69fb312-1f4b-4ef3-8f77-82eb1ff7d95b,1,19990,19990,2026-07-13,2026-07-13,true,false,missing_observation,,1.000000000000
2026-07-14,2026-07-13,pao-de-acucar,068a8085-76db-488e-8f3c-a12c3563562b,ipca-sp-1107018,1107018,acc548ef-9f2b-42c5-bf78-fb46e7e09b27,1,1529,1529,2026-07-13,2026-07-13,true,false,missing_observation,,1.000000000000
2026-07-14,2026-07-13,pao-de-acucar,06d3c556-68ef-4b8c-b915-8bbb446f4260,ipca-sp-1106018,1106018,cffc3698-525b-41fb-b8ba-718650bf5174,1,2999,2999,2026-07-13,2026-07-13,true,false,missing_observation,,1.000000000000
2026-07-14,2026-07-13,pao-de-acucar,06fef651-e417-4d37-98e8-770ed80f347b,ipca-sp-1114022,1114022,d62baea2-4c78-458e-a872-6e90ef1d318a,1,2399,2399,2026-07-14,2026-07-13,false,false,,,1.000000000000
2026-07-14,2026-07-13,pao-de-acucar,07912a21-641e-45dd-8ea3-9cad6bacf469,ipca-sp-1114022,1114022,494b035c-465a-496c-b250-a52381b5f8a6,1,2499,2499,2026-07-14,2026-07-13,false,false,,,1.000000000000
2026-07-14,2026-07-13,pao-de-acucar,07bdaf56-ba3e-4cc2-b640-7b599fb05de6,ipca-sp-1109008,1109008,09a162cd-c339-4d1e-8cf2-b8812d53b995,1,2690,2690,2026-07-14,2026-07-13,false,false,,,1.000000000000
2026-07-14,2026-07-13,pao-de-acucar,07e575b5-392f-4021-9253-82322cefd650,ipca-sp-1111011,1111011,a6bfb907-bc16-46ed-be0d-7bf00d1f39b6,1,2490,2490,2026-07-14,2026-07-13,false,false,,,1.000000000000
2026-07-14,2026-07-13,pao-de-acucar,07f56022-5d57-40f0-a719-06f14d519b60,ipca-sp-1111011,1111011,53b4578d-bbcd-4e4d-8cf9-4b8246f422cf,1,6291,6291,2026-07-14,2026-07-12,false,true,,missing_observation,1.000000000000
2026-07-14,2026-07-13,pao-de-acucar,085c1b0e-951f-465a-90b3-fde1c23e42a9,ipca-sp-1116071,1116071,2dead0d5-e738-48fe-a230-3be29073be50,1,2599,2599,2026-07-14,2026-07-13,false,false,,,1.000000000000
2026-07-14,2026-07-13,pao-de-acucar,0866e4eb-0d42-4765-a45b-d71208661f07,ipca-sp-1112019,1112019,502aa2cc-b101-4538-9e46-4d265f13ca86,1,8789,8789,2026-07-13,2026-07-13,true,false,missing_observation,,1.000000000000
2026-07-14,2026-07-13,pao-de-acucar,089dfc51-6f1d-4161-8030-febdbbf500a3,ipca-sp-1114087,1114087,22a6d347-9af9-463b-98a1-24b15eb7b43e,1,16990,16990,2026-07-13,2026-07-13,true,false,missing_observation,,1.000000000000
2026-07-14,2026-07-13,pao-de-acucar,08e62cc9-5dc3-4b49-89c4-1346578830c1,ipca-sp-1115016,1115016,290a2bc8-723e-4243-bb39-4cc504ebd588,1,3699,3699,2026-07-14,2026-07-12,false,true,,missing_observation,1.000000000000
2026-07-14,2026-07-13,pao-de-acucar,08efdb2b-ff09-458e-ac4c-313d1443322c,ipca-sp-1109008,1109008,6dd77e05-566d-48a4-a757-e131fb709186,1,2890,2890,2026-07-14,2026-07-13,false,false,,,1.000000000000
2026-07-14,2026-07-13,pao-de-acucar,090e6448-da0e-46e9-be79-18174382b7a5,ipca-sp-1111011,1111011,bf292d0d-9c7b-45f5-808f-2a88b53963b7,1,3790,3790,2026-07-14,2026-07-12,false,true,,missing_observation,1.000000000000
2026-07-14,2026-07-13,pao-de-acucar,0949f121-b650-41f2-81bf-af9195987b79,ipca-sp-1111019,1111019,e5f507aa-4868-4bf1-9f0d-1a926549ecee,1,3799,3799,2026-07-14,2026-07-12,false,true,,missing_observation,1.000000000000
2026-07-14,2026-07-13,pao-de-acucar,099f05a2-03be-4bb5-95fb-916373d007b1,ipca-sp-1112003,1112003,bed5c507-2993-4c4d-806a-be64be5772d8,1,2899,2899,2026-07-14,2026-07-13,false,false,,,1.000000000000
2026-07-14,2026-07-13,pao-de-acucar,09cb93f2-66b9-4b4d-9bfe-e2ce3a61e80d,ipca-sp-1111009,1111009,283f35a6-feb1-4c5b-acb8-287423edf2f6,1,2499,2499,2026-07-14,2026-07-13,false,false,,,1.000000000000
2026-07-14,2026-07-13,pao-de-acucar,09e4fc3e-2792-412d-8e30-68937ed93614,ipca-sp-1108075,1108075,52cfe7d3-6228-48f8-8efe-ac87c6788e2b,1,2890,2890,2026-07-14,2026-07-13,false,false,,,1.000000000000
2026-07-14,2026-07-13,pao-de-acucar,0a5a04d0-d38e-4f90-af3f-ff8a95c1552b,ipca-sp-1104032,1104032,b6e64568-718f-4628-8a6d-8fb8dc767d14,1,4199,4199,2026-07-14,2026-07-12,false,true,,missing_observation,1.000000000000
2026-07-14,2026-07-13,pao-de-acucar,0a82bb1e-5574-44c2-a3f4-76185723245a,ipca-sp-1111009,1111009,71be1257-977e-4911-bef1-cebf3d1438c2,1,2599,3499,2026-07-14,2026-07-12,false,true,,missing_observation,0.742783652472
2026-07-14,2026-07-13,pao-de-acucar,0a9044dd-a9ff-4942-ad1d-13a306e48bf7,ipca-sp-1114087,1114087,9b49bd39-f786-453e-832b-f4a2907c9d7e,1,18990,18990,2026-07-13,2026-07-13,true,false,missing_observation,,1.000000000000
2026-07-14,2026-07-13,pao-de-acucar,0aa9ecc9-e80f-4e0e-ae70-f84cf4b3deab,ipca-sp-1113014,1113014,b56c31cb-4fd3-49f4-94ea-cc69c8d90ec5,1,10990,10990,2026-07-13,2026-07-13,true,false,missing_observation,,1.000000000000
2026-07-14,2026-07-13,pao-de-acucar,0ac923ca-d313-4ea3-ae2f-710cc7a52a2c,ipca-sp-1104032,1104032,8f6b2919-a3cd-4bc3-84c2-efe9f6436dcf,1,2799,2799,2026-07-14,2026-07-13,false,false,,,1.000000000000
2026-07-14,2026-07-13,pao-de-acucar,0acaef50-b95b-40c6-80e6-aa4c7348e485,ipca-sp-1111019,1111019,7f43b238-3f8f-4f18-9ded-d9593a56f8ae,1,9693,9693,2026-07-13,2026-07-13,true,false,missing_observation,,1.000000000000
2026-07-14,2026-07-13,pao-de-acucar,0b22f810-be98-42f3-8b74-74693e06eff3,ipca-sp-1114001,1114001,aaa945cc-f30a-4b06-8a75-c24b5636111d,1,4179,4179,2026-07-14,2026-07-12,false,true,,missing_observation,1.000000000000
2026-07-14,2026-07-13,pao-de-acucar,0b488407-be3d-4980-a729-27ef81595696,ipca-sp-1104023,1104023,81ea57dc-c3c4-4d4b-96ef-d4c10cb7fce8,1,2199,2199,2026-07-14,2026-07-13,false,false,,,1.000000000000
2026-07-14,2026-07-13,pao-de-acucar,0b4cf70b-ecbe-440f-a522-8204beba3362,ipca-sp-1104023,1104023,82674c29-eda6-4c3c-ad0a-459933e137a8,1,2399,2399,2026-07-14,2026-07-13,false,false,,,1.000000000000
2026-07-14,2026-07-13,pao-de-acucar,0b6ca4fd-aa49-4c0a-991d-4132899f4615,ipca-sp-1112019,1112019,18b27649-70b7-439a-a986-d39866a27dde,1,11868,11868,2026-07-13,2026-07-13,true,false,missing_observation,,1.000000000000
2026-07-14,2026-07-13,pao-de-acucar,0b79f9cb-bd73-4e6b-9df7-42d4c4bdcc09,ipca-sp-1104032,1104032,bc82f466-aeb6-4459-93b7-ea4ab67f0e38,1,3099,2290,2026-07-14,2026-07-13,false,false,,,1.353275109170
2026-07-14,2026-07-13,pao-de-acucar,0b817281-32be-4c53-b6a2-f01fb970a7c7,ipca-sp-1109007,1109007,3df8a800-945d-40be-b56d-2b322d59d6e0,1,1579,1579,2026-07-13,2026-07-13,true,false,missing_observation,,1.000000000000
2026-07-14,2026-07-13,pao-de-acucar,0b9af65b-5d4f-4715-89c8-13a36c82973c,ipca-sp-1107018,1107018,683adb2a-05ca-4975-99a4-f6539979330d,1,4995,4995,2026-07-14,2026-07-12,false,true,,missing_observation,1.000000000000
2026-07-14,2026-07-13,pao-de-acucar,0ba3ecc9-3a11-40ba-bc7f-ced082617870,ipca-sp-1114001,1114001,22b8e0ba-dc4e-4144-b23b-56e7b03c7106,1,11994,11994,2026-07-13,2026-07-13,true,false,missing_observation,,1.000000000000
2026-07-14,2026-07-13,pao-de-acucar,0c8449ce-796b-4fd1-b2c0-6c6828456c2a,ipca-sp-1114087,1114087,79b4cbd6-2467-4e3d-b61f-aebbf334db09,1,11990,11990,2026-07-13,2026-07-13,true,false,missing_observation,,1.000000000000
2026-07-14,2026-07-13,st-marche,00522a27-e5f7-4f50-8a02-9023eb4a0191,ipca-sp-1112003,1112003,c753f97f-baba-448c-980e-50b367b18aae,1,1989,1989,2026-07-13,2026-07-13,true,false,missing_observation,,1.000000000000
2026-07-14,2026-07-13,st-marche,00c3a8d9-f52e-440d-b7cd-9fb2bbb0d845,ipca-sp-1102061,1102061,d93cf8c7-9077-4c95-a5ab-e58541c2e3bb,1,319,319,2026-07-14,2026-07-13,false,false,,,1.000000000000
2026-07-14,2026-07-13,st-marche,00d66bda-5461-4416-bd6e-0145546b8df8,ipca-sp-1111004,1111004,cbfda79c-7109-4123-9c4b-fd72f2102748,1,999,999,2026-07-14,2026-07-12,false,true,,missing_observation,1.000000000000
2026-07-14,2026-07-13,st-marche,00f6e658-854a-4a6c-b655-5c6f077d9da2,ipca-sp-1106019,1106019,7195c0d6-8b0d-4dfd-8864-425f7ea34508,1,1999,1999,2026-07-13,2026-07-13,true,false,missing_observation,,1.000000000000
2026-07-14,2026-07-13,st-marche,0133abfd-b7f0-4f90-ad9f-17d898c060f0,ipca-sp-1109010,1109010,77bd3bb6-3418-4837-ad73-590726c0f157,1,7690,7690,2026-07-13,2026-07-13,true,false,unavailable,,1.000000000000
2026-07-14,2026-07-13,st-marche,014f56cf-0dc2-4c3e-8d4a-ad20127ec112,ipca-sp-1112003,1112003,bc56601d-fe43-44dd-8e88-2b1cde944cf6,1,559,559,2026-07-14,2026-07-13,false,false,,,1.000000000000
2026-07-14,2026-07-13,st-marche,01576508-53dd-4b42-809a-cf03418aebc6,ipca-sp-1114083,1114083,5c751c88-2356-4edc-9534-3dbdf9c6ee8d,1,329,329,2026-07-14,2026-07-13,false,false,,,1.000000000000
2026-07-14,2026-07-13,st-marche,016753be-92f2-4c10-93c6-558330fbf975,ipca-sp-1111011,1111011,9372a1f4-e530-42c5-92e4-645da9a77029,1,9900,9900,2026-07-14,2026-07-13,false,false,,,1.000000000000
2026-07-14,2026-07-13,st-marche,016e4960-fa51-4dab-9345-7dc354507002,ipca-sp-1116033,1116033,5110e0cd-5971-49bd-a735-bca8cebb209a,1,1649,1649,2026-07-14,2026-07-13,false,false,,,1.000000000000
2026-07-14,2026-07-13,st-marche,01c9a383-b6ee-4dc9-9ad7-35531f1dbf5d,ipca-sp-1112018,1112018,ee8c0772-cd6f-41b5-ad18-641daa1587ac,1,3929,3929,2026-07-14,2026-07-12,false,true,,missing_observation,1.000000000000
2026-07-14,2026-07-13,st-marche,025a944c-5da9-4731-84b0-3f31a7037490,ipca-sp-1114087,1114087,207ef270-3c06-44b1-a021-0c4f2cdba91c,1,7990,7990,2026-07-13,2026-07-13,true,false,missing_observation,,1.000000000000
2026-07-14,2026-07-13,st-marche,025ed87b-30dc-4e81-8d06-5e542d141b0d,ipca-sp-1109002,1109002,3304f028-3567-4b4d-876f-f3cfec67b2df,1,4699,4699,2026-07-13,2026-07-13,true,false,missing_observation,,1.000000000000
2026-07-14,2026-07-13,st-marche,028d9bc3-a54e-4eb1-a2b2-ccedc93ca39a,ipca-sp-1102029,1102029,a8669c02-6653-40d1-a624-bbbd346a9c78,1,1749,1749,2026-07-14,2026-07-12,false,true,,missing_observation,1.000000000000
2026-07-14,2026-07-13,st-marche,028f50a1-eb8c-4a79-840a-952b9aa1e0e6,ipca-sp-1114083,1114083,3c9c0d47-d08e-4da9-b385-194e33a1abc5,1,389,389,2026-07-14,2026-07-13,false,false,,,1.000000000000
2026-07-14,2026-07-13,st-marche,029aadb2-be67-45cb-a417-ceffba6d641c,ipca-sp-1114083,1114083,c452e02d-2f64-49cd-bf87-573800867bdb,1,399,399,2026-07-13,2026-07-13,true,false,missing_observation,,1.000000000000
2026-07-14,2026-07-13,st-marche,03915b6a-c624-4914-88f9-2f716da3ce77,ipca-sp-1114087,1114087,326bd068-3b61-43b0-bd29-63bd7c4ed517,1,4990,4990,2026-07-13,2026-07-13,true,false,missing_observation,,1.000000000000
2026-07-14,2026-07-13,st-marche,03f43200-ed6f-41c1-bd04-a7f91c605d53,ipca-sp-1114087,1114087,52671014-018c-448f-83a3-e3e542d9648d,1,4490,4490,2026-07-14,2026-07-13,false,false,,,1.000000000000
2026-07-14,2026-07-13,st-marche,0419aa60-79d7-4c3d-9de9-c6046af31fc7,ipca-sp-1114083,1114083,76c67d12-60c3-47f0-9733-5639f078a093,1,419,419,2026-07-14,2026-07-13,false,false,,,1.000000000000
2026-07-14,2026-07-13,st-marche,045b1511-8898-4cc8-a2cb-6626f6ea3ec2,ipca-sp-1112003,1112003,4f6c22e4-6e69-40cd-a0c4-f29710f1ec77,1,549,549,2026-07-13,2026-07-13,true,false,missing_observation,,1.000000000000
2026-07-14,2026-07-13,st-marche,0491292a-4616-4040-a53d-6cd2afe5a0a2,ipca-sp-1114087,1114087,7db1d472-8a3d-45ff-ad21-634b9a986e9c,1,85290,85290,2026-07-14,2026-07-13,false,false,,,1.000000000000
2026-07-14,2026-07-13,st-marche,0493fb9c-201d-4a19-8122-2dd1f27f2b01,ipca-sp-1114087,1114087,b3ebc74e-c027-4273-b5c6-2350984cb317,1,4490,4490,2026-07-13,2026-07-13,true,false,missing_observation,,1.000000000000
2026-07-14,2026-07-13,st-marche,04e0cbb2-6dfd-4fce-b396-97606410347f,ipca-sp-1112019,1112019,4b207797-51e3-47ee-9062-97906d27182f,1,759,759,2026-07-14,2026-07-12,false,true,,missing_observation,1.000000000000
2026-07-14,2026-07-13,st-marche,052c2147-b4b6-4457-9f32-c1152cffbbc1,ipca-sp-1112003,1112003,9342c16e-6d50-4e2a-b70f-94699905c850,1,1679,1679,2026-07-14,2026-07-13,false,false,,,1.000000000000
2026-07-14,2026-07-13,st-marche,0541c09f-5dea-4a7e-baca-d5cd46de3d14,ipca-sp-1114087,1114087,d1d1beb8-52e5-4a11-92e1-fa5e359f2493,1,36900,36900,2026-07-14,2026-07-13,false,false,,,1.000000000000
2026-07-14,2026-07-13,st-marche,054cee50-39b0-4f01-a34e-c823b534b51e,ipca-sp-1112018,1112018,c59b34e0-349b-4532-9d72-dbdd63b8ec3e,1,1799,1799,2026-07-13,2026-07-13,true,false,missing_observation,,1.000000000000
2026-07-14,2026-07-13,st-marche,05660d98-0fc1-4dd4-8429-eb7f6ccd490f,ipca-sp-1104032,1104032,44c0e214-824e-4b1a-8b94-7a368b04a0f2,1,2490,2490,2026-07-14,2026-07-13,false,false,,,1.000000000000
2026-07-14,2026-07-13,st-marche,058f62e7-948b-401e-9d50-9142fc2ce91e,ipca-sp-1112019,1112019,9118ab42-5f0d-4a24-887b-505540643e47,1,5490,5490,2026-07-14,2026-07-13,false,false,,,1.000000000000
2026-07-14,2026-07-13,st-marche,059c015f-ab83-4573-b1eb-afd9b2825444,ipca-sp-1104032,1104032,5420c747-ce81-44e7-ae5e-e96c79a739cb,1,6949,6949,2026-07-14,2026-07-13,false,false,,,1.000000000000
2026-07-14,2026-07-13,st-marche,059d6480-a69f-40ff-a9eb-e21ba2c6ab91,ipca-sp-1114087,1114087,7e67a582-4cc2-4666-aaa2-e7b5587434f0,1,13990,13990,2026-07-13,2026-07-13,true,false,missing_observation,,1.000000000000
2026-07-14,2026-07-13,st-marche,06c6d203-c70d-4548-9142-85733604b2a4,ipca-sp-1105001,1105001,0d60ee58-44d9-468c-9fa6-b11b1002c352,1,1499,1499,2026-07-13,2026-07-13,true,false,unavailable,,1.000000000000
2026-07-14,2026-07-13,st-marche,06cfd7b7-cfb7-4470-93b4-0928ab8052c4,ipca-sp-1104023,1104023,f2604f68-8ee8-49d2-8ced-6907a6891aa3,1,999,999,2026-07-14,2026-07-13,false,false,,,1.000000000000
2026-07-14,2026-07-13,st-marche,0767e079-c8f7-4beb-926c-1fcedabc5712,ipca-sp-1114083,1114083,1db756ea-8d2a-4683-acbd-54193d5109ee,1,259,259,2026-07-14,2026-07-13,false,false,,,1.000000000000
2026-07-14,2026-07-13,st-marche,07828a4f-9282-47c8-885e-95494fec6c85,ipca-sp-1112019,1112019,7fa64fd3-398b-4555-b40e-5c85b355037f,1,890,890,2026-07-14,2026-07-13,false,false,,,1.000000000000
2026-07-14,2026-07-13,st-marche,07ad3d3b-06ae-4c7e-be18-28ac707ddb30,ipca-sp-1114001,1114001,8b78da0c-1917-4c46-9743-2b853d13f0ba,1,1499,1499,2026-07-14,2026-07-13,false,false,,,1.000000000000
2026-07-14,2026-07-13,st-marche,07e5b442-5d04-47f8-834d-b168e7bf7527,ipca-sp-1114087,1114087,b1920562-2139-4d8b-95a8-af0eb8d17c86,1,6890,6890,2026-07-14,2026-07-12,false,true,,missing_observation,1.000000000000
2026-07-14,2026-07-13,st-marche,07ed0218-6ce0-4a16-b7f1-d2e103bd95aa,ipca-sp-1104032,1104032,93f6b08e-fc67-4b56-aee3-5aeb544c7a1a,1,3290,3290,2026-07-14,2026-07-12,false,true,,missing_observation,1.000000000000
2026-07-14,2026-07-13,st-marche,080878e8-5228-404d-a258-89b0e1c330da,ipca-sp-1105001,1105001,5cd8cb84-c535-4d6c-b951-cd484511c1b7,1,1299,1299,2026-07-14,2026-07-13,false,false,,,1.000000000000
2026-07-14,2026-07-13,st-marche,082ab3d5-1964-4904-a1eb-c7aaaeef87ea,ipca-sp-1116010,1116010,a4f6bbfa-884c-4ab4-8265-c8be6252edac,1,1999,1999,2026-07-14,2026-07-13,false,false,,,1.000000000000
2026-07-14,2026-07-13,st-marche,08c620e5-e17b-4acd-86be-d23fe01e544c,ipca-sp-1114087,1114087,7098302e-6791-4e89-b525-c6cbf3531338,1,12900,12900,2026-07-13,2026-07-13,true,false,missing_observation,,1.000000000000
2026-07-14,2026-07-13,st-marche,08da0522-48f9-4445-beec-064ce9122ed0,ipca-sp-1112019,1112019,7651fccf-583e-4b06-af8e-f370423c3d09,1,3590,3590,2026-07-14,2026-07-13,false,false,,,1.000000000000
2026-07-14,2026-07-13,st-marche,08e9d360-d9a5-459c-8430-34e2e150c3fd,ipca-sp-1114083,1114083,64f90684-d475-4e79-b7e4-d855961eca82,1,749,749,2026-07-14,2026-07-12,false,true,,missing_observation,1.000000000000
2026-07-14,2026-07-13,st-marche,08fc299b-c1a6-4060-b739-30f5df44db9d,ipca-sp-1104023,1104023,eef66f07-0d3c-42a7-9200-4ba22dc1ef06,1,2299,2299,2026-07-14,2026-07-13,false,false,,,1.000000000000
2026-07-14,2026-07-13,st-marche,0912e73c-8156-4592-8b3c-49fccb2466f3,ipca-sp-1104032,1104032,d4bfe349-15ef-4c2c-83a1-e52226f93a25,1,3099,3099,2026-07-14,2026-07-13,false,false,,,1.000000000000
2026-07-14,2026-07-13,st-marche,092fa07b-fad8-45b3-a5a6-3cef60fdd566,ipca-sp-1111019,1111019,a2265f03-4b9a-46f0-9dc6-0b6b081fbb5e,1,829,829,2026-07-14,2026-07-12,false,true,,missing_observation,1.000000000000
2026-07-14,2026-07-13,st-marche,09ab5955-5716-49f5-8ccf-072e8065c610,ipca-sp-1111011,1111011,67e91421-cd7a-40af-b0a8-2660f5053352,1,2689,2689,2026-07-14,2026-07-13,false,false,,,1.000000000000
2026-07-14,2026-07-13,st-marche,0a153959-72fc-489c-bfc0-53d7bdf7f712,ipca-sp-1114083,1114083,9b76388a-bf01-4c89-a9bc-cae8028ab305,1,399,399,2026-07-14,2026-07-13,false,false,,,1.000000000000
2026-07-14,2026-07-13,st-marche,0a273ab7-47a6-44f0-b1f0-a75876f0799a,ipca-sp-1109008,1109008,832cb143-bcb1-41f1-a5f1-79a6e8d554c2,1,5890,5890,2026-07-14,2026-07-13,false,false,,,1.000000000000
2026-07-14,2026-07-13,st-marche,0a332873-c7cb-4512-b90e-1e11360df27a,ipca-sp-1109010,1109010,a6ed8d5d-ac3d-42a9-abc5-513dc49f5956,1,3590,3590,2026-07-14,2026-07-13,false,false,,,1.000000000000
2026-07-14,2026-07-13,st-marche,0a45f176-6840-45eb-9a4f-8904e0c16b30,ipca-sp-1114083,1114083,56c24e3f-2627-449b-82e2-6b1e56957e15,1,269,269,2026-07-14,2026-07-13,false,false,,,1.000000000000
2026-07-14,2026-07-13,st-marche,0a5a7e3c-4e7d-44ce-9494-39c458ab7f3f,ipca-sp-1108038,1108038,f874af2d-e648-4f6d-9133-8bc56552231e,1,4990,4990,2026-07-14,2026-07-13,false,false,,,1.000000000000
2026-07-14,2026-07-13,st-marche,0a6ce406-c401-4dca-adf5-9972135709e5,ipca-sp-1104023,1104023,d2a23080-85ae-4dd8-bcf9-80f668ee8046,1,2199,2199,2026-07-13,2026-07-13,true,false,missing_observation,,1.000000000000
2026-07-14,2026-07-13,st-marche,0ae83ab7-6c74-4940-b40a-3684563e0306,ipca-sp-1108080,1108080,f62140cd-5f1e-43ae-9089-92deb90e6cd3,1,4799,4799,2026-07-14,2026-07-13,false,false,,,1.000000000000
2026-07-14,2026-07-13,st-marche,0af82a09-d3a2-4162-8884-c34a2ab9af15,ipca-sp-1104023,1104023,d646b581-45be-4aa0-8f70-4a94a8d4f424,1,1999,1999,2026-07-14,2026-07-12,false,true,,missing_observation,1.000000000000
2026-07-14,2026-07-13,st-marche,0b05a3ec-a761-43c5-b946-24d54c4afa42,ipca-sp-1104032,1104032,8e0bd052-2681-434c-ac01-f6276827f3f8,1,1890,1890,2026-07-14,2026-07-13,false,false,,,1.000000000000
2026-07-14,2026-07-13,st-marche,0b0fe35c-d512-4ea4-a941-4c492a8cf72b,ipca-sp-1114001,1114001,e65a9319-bf16-4aef-ab66-339c5ee2a73b,1,649,649,2026-07-13,2026-07-13,true,false,unavailable,,1.000000000000
2026-07-14,2026-07-13,st-marche,0b1546df-60c9-4d3c-a5c5-069c03a475aa,ipca-sp-1110010,1110010,a10dc3fe-e50d-4a2f-84a3-56eb43d873e5,1,2990,2990,2026-07-14,2026-07-13,false,false,,,1.000000000000
2026-07-14,2026-07-13,st-marche,0b998c33-9a0f-450c-9831-3bd373b79327,ipca-sp-1111019,1111019,d1fd7096-1a2c-474a-8d17-c0e5f80d737c,1,1299,1299,2026-07-13,2026-07-13,true,false,missing_observation,,1.000000000000
2026-07-14,2026-07-13,st-marche,0ba773ab-21c5-4a88-9f17-d9e49a3f12e4,ipca-sp-1111019,1111019,4b5ad24d-b10e-4335-8c71-458835c398e1,1,999,999,2026-07-13,2026-07-13,true,false,missing_observation,,1.000000000000
2026-07-14,2026-07-13,st-marche,0bf764d0-867c-4c6d-be9b-6f24f48e11ae,ipca-sp-1112003,1112003,fb4b9244-aeb1-4a19-8849-d66fd3b0f9e1,1,959,959,2026-07-13,2026-07-13,true,false,unavailable,,1.000000000000
2026-07-14,2026-07-13,st-marche,0c06ac04-b0b9-4bc1-9155-0ccc0d94946c,ipca-sp-1111004,1111004,4d93a73b-fde8-4730-9685-727d79d0dbd4,1,749,749,2026-07-14,2026-07-13,false,false,,,1.000000000000
2026-07-14,2026-07-13,st-marche,0c13aa38-36f8-4348-b720-0e53b16633a6,ipca-sp-1114087,1114087,d5ae8316-99a8-4b55-83b7-0d45b223822c,1,7990,7990,2026-07-14,2026-07-13,false,false,,,1.000000000000
2026-07-14,2026-07-13,st-marche,0c3621e7-5fc6-4485-8cfb-37d724c8b8e9,ipca-sp-1111011,1111011,7e80db37-57d9-46ea-b44f-da10ebf046ad,1,5690,5690,2026-07-14,2026-07-13,false,false,,,1.000000000000
2026-07-14,2026-07-13,st-marche,0c3ce604-3862-445b-a830-5f1c8bf6392e,ipca-sp-1114087,1114087,56cde3c9-8c2e-44a1-8e5a-8af7541df1a7,1,13990,13990,2026-07-14,2026-07-13,false,false,,,1.000000000000
2026-07-15,2026-07-14,carrefour,000bcd62-94d2-4367-92f6-5afda1165318,ipca-sp-1104032,1104032,40d19021-7990-4fe9-b15c-9a4c0daf1a5f,1,2399,2399,2026-07-13,2026-07-13,true,true,missing_observation,unavailable,1.000000000000
2026-07-15,2026-07-14,carrefour,00a6dc98-11ae-4155-808a-ad966c1355d4,ipca-sp-1112018,1112018,5f7cbd50-1447-4af9-a5bc-bc6d42b096f8,1,1778,1778,2026-07-14,2026-07-14,true,false,missing_observation,,1.000000000000
2026-07-15,2026-07-14,carrefour,00a95c3a-c8c1-4a56-ac1c-4fa59c593814,ipca-sp-1114087,1114087,51ab689a-2b48-44fe-aa00-854206a7a1c2,1,1649,1649,2026-07-15,2026-07-14,false,false,,,1.000000000000
2026-07-15,2026-07-14,carrefour,00f412e6-5800-47ed-8070-fbbcc7c3fb25,ipca-sp-1114084,1114084,c5dd0b17-060f-454a-b573-11df5ad315ca,1,429,499,2026-07-15,2026-07-14,false,false,,,0.859719438878
2026-07-15,2026-07-14,carrefour,010e690e-1eff-45db-967f-162cf03aef63,ipca-sp-1104023,1104023,dfe5c2f1-4a07-4581-8997-bcd16ac80936,1,419,489,2026-07-15,2026-07-13,false,true,,missing_observation,0.856850715746
2026-07-15,2026-07-14,carrefour,0127c9d2-c59f-47a6-b1f6-f2b8fe1e6f6d,ipca-sp-1112019,1112019,aeef562a-753d-43bd-a46d-ac3e57be3897,1,798,798,2026-07-14,2026-07-14,true,false,missing_observation,,1.000000000000
2026-07-15,2026-07-14,carrefour,013fae2d-ac0a-4fbb-8e70-b279890705e7,ipca-sp-1104023,1104023,95c2299b-63e4-4397-9ba9-4baa091a2d42,1,979,979,2026-07-15,2026-07-14,false,false,,,1.000000000000
2026-07-15,2026-07-14,carrefour,01455013-ff48-4188-a8b5-439aa52b2058,ipca-sp-1109010,1109010,78fe7f88-4f00-41b9-914b-9efc98286bb2,1,939,939,2026-07-15,2026-07-13,false,true,,missing_observation,1.000000000000
2026-07-15,2026-07-14,carrefour,016c814d-4699-4722-8213-d6616a6ba284,ipca-sp-1110010,1110010,e98b2a23-e6df-4a8d-9873-86b2a871b704,1,1529,1529,2026-07-15,2026-07-13,false,true,,missing_observation,1.000000000000
2026-07-15,2026-07-14,carrefour,016fc79b-1337-4a26-b50a-7ed676b07480,ipca-sp-1112019,1112019,bff087cf-afbb-4079-8d3b-ee6fe8fba098,1,398,398,2026-07-14,2026-07-14,true,false,missing_observation,,1.000000000000
2026-07-15,2026-07-14,carrefour,018a4c5a-4e32-4db4-9059-58509ac821ca,ipca-sp-1112003,1112003,e24d2895-386a-480b-90b7-2c6ae25a7c41,1,639,749,2026-07-15,2026-07-13,false,true,,missing_observation,0.853137516689
2026-07-15,2026-07-14,carrefour,0190842f-28be-495f-995f-e30206fb4de0,ipca-sp-1115075,1115075,c794aa6d-7397-4ef1-82ab-5d2ed27cad4d,1,959,959,2026-07-15,2026-07-14,false,false,,,1.000000000000
2026-07-15,2026-07-14,carrefour,01921125-7539-4dd1-920e-a6e7cd2470ef,ipca-sp-1116005,1116005,386e928f-ba62-4be1-96e7-bfe706365f81,1,259,259,2026-07-11,2026-07-11,true,true,missing_observation,missing_observation,1.000000000000
2026-07-15,2026-07-14,carrefour,01bdc491-f99e-43b9-99ba-4a8079eb478b,ipca-sp-1111019,1111019,e017d5d1-f666-4063-9c12-91433219257c,1,379,379,2026-07-14,2026-07-14,true,false,missing_observation,,1.000000000000
2026-07-15,2026-07-14,carrefour,01be7808-f0a2-4235-b090-0214a196c8e4,ipca-sp-1111011,1111011,4f438f5e-17d6-47d6-854c-6101f904b7e7,1,8999,8999,2026-07-14,2026-07-14,true,false,missing_observation,,1.000000000000
2026-07-15,2026-07-14,carrefour,01c54969-e7fd-4024-b330-a385762c6120,ipca-sp-1111019,1111019,bd609a88-5f59-41d0-bcb4-52b450d3b0c3,1,499,499,2026-07-14,2026-07-14,true,false,missing_observation,,1.000000000000
2026-07-15,2026-07-14,carrefour,02039a01-574b-4649-9bfd-c0797d226134,ipca-sp-1111021,1111021,30298b1f-89bf-4372-9b74-625d835b19dc,1,949,949,2026-07-15,2026-07-13,false,true,,missing_observation,1.000000000000
2026-07-15,2026-07-14,carrefour,0213068b-c411-4565-89d3-062ac96f4aa6,ipca-sp-1112003,1112003,1e8be56b-9877-438a-87d7-2c04187c678d,1,749,749,2026-07-15,2026-07-14,false,false,,,1.000000000000
2026-07-15,2026-07-14,carrefour,0228b9c1-1507-469a-a7b8-2914fd119f26,ipca-sp-1114083,1114083,05441e6f-511d-4eab-9d34-6e033de2126a,1,869,869,2026-07-15,2026-07-14,false,false,,,1.000000000000
2026-07-15,2026-07-14,carrefour,022d3de2-760f-4705-bcf7-730f37e3ede4,ipca-sp-1111019,1111019,6291f1d6-f077-4cbf-a7d9-d3b49d549fef,1,1429,1429,2026-07-14,2026-07-14,true,false,missing_observation,,1.000000000000
2026-07-15,2026-07-14,carrefour,02430e7b-f009-409c-b51f-f58a221b886e,ipca-sp-1111019,1111019,3ae5796c-d61c-4d7d-a283-c18209d94d2c,1,599,599,2026-07-14,2026-07-14,true,false,missing_observation,,1.000000000000
2026-07-15,2026-07-14,carrefour,0248316d-d6ee-4d98-a532-6763e6a5327f,ipca-sp-1108080,1108080,a27ebfe9-d558-4ae5-8d59-6fbed0e69a5e,1,4590,3490,2026-07-15,2026-07-13,false,true,,missing_observation,1.315186246418
2026-07-15,2026-07-14,carrefour,02d04519-4195-40e2-96b0-b9a15e0a698e,ipca-sp-1101002,1101002,f6473126-f968-414a-887c-f861c9b3a187,1,579,579,2026-07-15,2026-07-13,false,true,,missing_observation,1.000000000000
2026-07-15,2026-07-14,carrefour,02deeaa6-44a9-415b-85a8-f15e40689664,ipca-sp-1116010,1116010,69f1121b-45a8-4cca-8ffc-d9137da9b71a,1,929,929,2026-07-15,2026-07-13,false,true,,missing_observation,1.000000000000
2026-07-15,2026-07-14,carrefour,033a45de-f691-4807-ac24-01ff8bcd0be6,ipca-sp-1111009,1111009,d2258145-cf96-4645-87e6-3ad8c587f8a9,1,1749,1749,2026-07-14,2026-07-14,true,false,missing_observation,,1.000000000000
2026-07-15,2026-07-14,carrefour,03438fa3-c18f-4364-b021-4c0fe03ff048,ipca-sp-1114083,1114083,a1d9479e-ee42-4d85-8563-3df2a6400c2b,1,339,399,2026-07-15,2026-07-14,false,false,,,0.849624060150
2026-07-15,2026-07-14,carrefour,0350bd15-0065-433c-9b5a-02d58aef7d99,ipca-sp-1116071,1116071,897c5be3-ee18-4b61-92e3-76ef8561a42a,1,50,50,2026-07-15,2026-07-14,false,false,,,1.000000000000
2026-07-15,2026-07-14,carrefour,0373d8b9-ab11-4b41-9b93-5adb27accf76,ipca-sp-1112019,1112019,6490171f-47ae-4422-b6d7-e868fe03bbcf,1,399,399,2026-07-11,2026-07-11,true,true,missing_observation,missing_observation,1.000000000000
2026-07-15,2026-07-14,carrefour,03937c90-b6a9-4baa-b0f8-a19d9aafa0f3,ipca-sp-1112003,1112003,9d73150b-e7d1-4614-b08a-a94a7ba918b4,1,499,499,2026-07-15,2026-07-14,false,false,,,1.000000000000
2026-07-15,2026-07-14,carrefour,0398b76d-f281-4f2f-8b37-4f86c4b9453f,ipca-sp-1112018,1112018,7e238e80-e4c9-4073-9cbc-3fe57a1034eb,1,2448,2448,2026-07-11,2026-07-11,true,true,missing_observation,unavailable,1.000000000000
2026-07-15,2026-07-14,carrefour,03a4b810-5aaa-45b9-840c-2ac6bdf202f9,ipca-sp-1113013,1113013,ed9e5bb8-e95c-4d18-9f3f-41c2de713931,1,729,729,2026-07-13,2026-07-13,true,true,unavailable,missing_observation,1.000000000000
2026-07-15,2026-07-14,carrefour,03b6228b-a9ac-4f9f-9c7b-3c646be85533,ipca-sp-1114084,1114084,b1a1e458-9a2d-4fb3-8c44-efcf5824eadc,1,399,339,2026-07-15,2026-07-14,false,false,,,1.176991150442
2026-07-15,2026-07-14,carrefour,04b735c0-9e22-4383-aa5c-9565409e5a90,ipca-sp-1114087,1114087,0b3715ca-8b4c-462a-befd-b80550c2fed1,1,1599,1599,2026-07-15,2026-07-14,false,false,,,1.000000000000
2026-07-15,2026-07-14,carrefour,04d8d074-5bc7-426f-9513-c452afcb9fe1,ipca-sp-1111019,1111019,ad79fa5f-4c0a-4635-bef5-47aa4413874e,1,1999,1999,2026-07-14,2026-07-14,true,false,missing_observation,,1.000000000000
2026-07-15,2026-07-14,carrefour,04e9dad8-9c60-491d-97ed-fa99b4a44010,ipca-sp-1111019,1111019,5a4ab502-0f81-4faa-a4f8-f0849b8f8e6b,1,1999,1999,2026-07-15,2026-07-13,false,true,,missing_observation,1.000000000000
2026-07-15,2026-07-14,carrefour,050d8b96-a7c6-4eb0-86f8-5c9c2501cfa8,ipca-sp-1113040,1113040,f70ab2a2-7666-40b1-bed4-8d6567c12a26,1,819,819,2026-07-14,2026-07-14,true,false,missing_observation,,1.000000000000
2026-07-15,2026-07-14,carrefour,0536b36a-e91d-4599-a4d8-f111b906df23,ipca-sp-1103028,1103028,2beaf139-c087-4b28-993c-1640968fd9e6,1,899,899,2026-07-12,2026-07-12,true,true,unavailable,missing_observation,1.000000000000
2026-07-15,2026-07-14,carrefour,0538d7a8-d23f-4369-b1a2-f6e983cb3738,ipca-sp-1111011,1111011,f439d563-54aa-4ce4-91cf-ab702b43939c,1,699,699,2026-07-14,2026-07-14,true,false,missing_observation,,1.000000000000
2026-07-15,2026-07-14,carrefour,054e4313-890e-42f4-8789-cc72fabe1e93,ipca-sp-1105019,1105019,1ce69065-34db-4b04-91ee-77133ee7316e,1,1490,1490,2026-07-14,2026-07-14,true,false,missing_observation,,1.000000000000
2026-07-15,2026-07-14,carrefour,058c3c0b-5244-43e1-984e-66194559e016,ipca-sp-1114001,1114001,e363501c-b549-4e10-9cc9-42a85f388347,1,1890,1890,2026-07-14,2026-07-14,true,false,missing_observation,,1.000000000000
2026-07-15,2026-07-14,carrefour,05d0037b-aa98-445b-b0df-8e33af6aa1fa,ipca-sp-1104023,1104023,b4a07238-fb55-4c7d-b95e-55351e29c5de,1,749,749,2026-07-15,2026-07-13,false,true,,missing_observation,1.000000000000
2026-07-15,2026-07-14,carrefour,05eee550-baa3-4a4d-91ae-18fc6cebd110,ipca-sp-1114087,1114087,0abd1623-5726-4e86-9287-71541f29200b,1,3699,3699,2026-07-15,2026-07-14,false,false,,,1.000000000000
2026-07-15,2026-07-14,carrefour,05fb6b51-6a83-4996-bf91-895edea6ee1a,ipca-sp-1104023,1104023,5ff99cc4-f6a4-4d13-be0e-f88a19a9977e,1,979,979,2026-07-15,2026-07-14,false,false,,,1.000000000000
2026-07-15,2026-07-14,carrefour,060f6ad5-2d38-4ede-8fc6-0cc83fdc595d,ipca-sp-1107018,1107018,9295ebb2-036f-4541-abcc-11fe3aa72780,1,989,989,2026-07-15,2026-07-13,false,true,,missing_observation,1.000000000000
2026-07-15,2026-07-14,carrefour,0622492c-54c0-4695-890b-dfc7b78c3f65,ipca-sp-1106017,1106017,b856a3fa-05aa-49ae-9940-976eaae9d827,1,899,899,2026-07-15,2026-07-13,false,true,,missing_observation,1.000000000000
2026-07-15,2026-07-14,carrefour,0656ca4c-f540-467e-9294-74965981042e,ipca-sp-1112018,1112018,993188ac-f843-46aa-8c1d-5cd62c858803,1,1299,1299,2026-07-11,2026-07-11,true,true,missing_observation,unavailable,1.000000000000
2026-07-15,2026-07-14,carrefour,067e865b-822e-4834-866f-363f61da757b,ipca-sp-1111019,1111019,e8805419-f00d-4450-80a6-a2ac178cb6a4,1,629,499,2026-07-15,2026-07-14,false,false,,,1.260521042084
2026-07-15,2026-07-14,carrefour,06daff0f-876d-4f28-b2f8-1d9f1d30d79b,ipca-sp-1112003,1112003,3c6366dd-cad3-4a30-825d-6274808ae0cc,1,699,699,2026-07-11,2026-07-11,true,true,missing_observation,missing_observation,1.000000000000
2026-07-15,2026-07-14,carrefour,06e943ab-d833-4bd1-817f-a9b9a3e7f64c,ipca-sp-1114001,1114001,4d650ca6-3489-415e-bcf9-7639f743bf24,1,259,259,2026-07-14,2026-07-14,true,false,missing_observation,,1.000000000000
2026-07-15,2026-07-14,carrefour,070acdc0-2006-402b-a5db-6217e90bb277,ipca-sp-1104032,1104032,105615d1-886c-4180-81e4-e7e8cb44b5a1,1,2999,2999,2026-07-14,2026-07-14,true,false,missing_observation,,1.000000000000
2026-07-15,2026-07-14,carrefour,07101626-9d5f-48d1-830e-1ebb39c31629,ipca-sp-1104023,1104023,65a895a9-fc6b-4974-8d06-7f75364a9e24,1,979,979,2026-07-15,2026-07-14,false,false,,,1.000000000000
2026-07-15,2026-07-14,carrefour,07175bfa-c6fb-4a73-b991-007da78f5cd8,ipca-sp-1110010,1110010,e3c46f61-7de6-4dfb-8944-70ee4b722280,1,2950,2990,2026-07-15,2026-07-13,false,true,,missing_observation,0.986622073579
2026-07-15,2026-07-14,carrefour,0744509e-f978-4bf2-bdcc-cb95ead5c3ea,ipca-sp-1112003,1112003,e48e8dd3-2f84-4608-b8b4-feb2ff68111d,1,299,299,2026-07-15,2026-07-14,false,false,,,1.000000000000
2026-07-15,2026-07-14,carrefour,07606c0d-94a8-4857-bc61-e4c7ba6fab35,ipca-sp-1114090,1114090,274bbce6-7546-485f-a59c-e18b13300871,1,99,99,2026-07-15,2026-07-14,false,false,,,1.000000000000
2026-07-15,2026-07-14,carrefour,0791fd5a-c9f5-4081-8ea3-b349fa739e18,ipca-sp-1114084,1114084,2bdca4a1-05ff-44ae-8662-bddc0fb0f805,1,315,315,2026-07-15,2026-07-14,false,false,,,1.000000000000
2026-07-15,2026-07-14,carrefour,07c3d504-7c26-4939-9c89-fa5bfbd1d982,ipca-sp-1102061,1102061,fbde95dc-4b22-40be-aeb7-a3a3ce9a949f,1,189,189,2026-07-15,2026-07-13,false,true,,missing_observation,1.000000000000
2026-07-15,2026-07-14,carrefour,0898711a-58e1-432f-9042-7bad786e8de6,ipca-sp-1104023,1104023,12bed1a9-80db-411b-9923-aeb4df28325f,1,1199,1199,2026-07-15,2026-07-13,false,true,,missing_observation,1.000000000000
2026-07-15,2026-07-14,carrefour,08b6c105-828e-46de-b56e-e80451fc8312,ipca-sp-1114001,1114001,81a8e37d-b19c-45cf-8286-d1580986b819,1,1690,1690,2026-07-15,2026-07-14,false,false,,,1.000000000000
2026-07-15,2026-07-14,carrefour,08b900cb-0887-42fa-926a-1ba66c9adda9,ipca-sp-1112018,1112018,2e0f04c3-fb1c-4659-99ff-d5df2b0776ac,1,1359,1359,2026-07-14,2026-07-14,true,false,missing_observation,,1.000000000000
2026-07-15,2026-07-14,carrefour,08bc9431-11e5-4e73-8615-f438294c5d58,ipca-sp-1102006,1102006,2668fc81-fce0-4156-bc1f-147489007b77,1,499,499,2026-07-15,2026-07-14,false,false,,,1.000000000000
2026-07-15,2026-07-14,carrefour,08d1dbd8-68a8-4e39-802c-30a88b4e81d1,ipca-sp-1104023,1104023,346845f9-43aa-4833-8d71-1e10d3a6bc2a,1,879,879,2026-07-15,2026-07-14,false,false,,,1.000000000000
2026-07-15,2026-07-14,carrefour,08ec3e8d-94fc-4be0-939b-1c7b8432f5a8,ipca-sp-1114087,1114087,d4132fd6-c67b-42aa-a972-c3cda224874d,1,3699,3699,2026-07-15,2026-07-14,false,false,,,1.000000000000
2026-07-15,2026-07-14,carrefour,09589db4-7cb7-4eb5-8807-fa27d8fa8955,ipca-sp-1114001,1114001,797343d9-e4cc-4132-b2cc-2cb6b7fa213f,1,239,239,2026-07-15,2026-07-14,false,false,,,1.000000000000
2026-07-15,2026-07-14,carrefour,096f8279-2fcb-4f60-aaec-276dadd9a948,ipca-sp-1112003,1112003,d18ec60a-c00e-4c9f-8ffa-077c925eb681,1,349,439,2026-07-15,2026-07-13,false,true,,missing_observation,0.794988610478
2026-07-15,2026-07-14,carrefour,09a6e6f4-b3f4-4c44-a8fe-e8acd51fac35,ipca-sp-1103028,1103028,a1236cb6-2040-4429-86ec-bcd2730d2c36,1,2289,2689,2026-07-15,2026-07-13,false,true,,missing_observation,0.851245816289
2026-07-15,2026-07-14,carrefour,09bd126b-f091-4451-881a-0ccf745cb4a2,ipca-sp-1111011,1111011,0545aa84-421b-41a1-a44d-14adcb4069a7,1,849,849,2026-07-14,2026-07-14,true,false,missing_observation,,1.000000000000
2026-07-15,2026-07-14,carrefour,0a15ca95-117e-4c4c-89d1-a5ac9093b95b,ipca-sp-1103003,1103003,e2bf22f9-16f4-450c-85ac-50184bfafb18,1,3408,3408,2026-07-11,2026-07-11,true,true,missing_observation,missing_observation,1.000000000000
2026-07-15,2026-07-14,carrefour,0a6e46c9-7753-4952-99d2-471c461b2d05,ipca-sp-1114083,1114083,9e9462ea-4953-45f5-bd72-ed053a284c51,1,189,149,2026-07-15,2026-07-14,false,false,,,1.268456375839
2026-07-15,2026-07-14,carrefour,0b3fb271-0bad-461e-96e9-81fa0523fb1f,ipca-sp-1115057,1115057,dc2da394-8954-427b-b5f4-32dba461f2b6,1,829,829,2026-07-15,2026-07-14,false,false,,,1.000000000000
2026-07-15,2026-07-14,carrefour,0b59fcb4-4708-4db1-90df-cd246cd0ad98,ipca-sp-1114090,1114090,4791e478-f6c7-41ed-afd3-6296f8cf9f24,1,99,99,2026-07-15,2026-07-14,false,false,,,1.000000000000
2026-07-15,2026-07-14,carrefour,0bc15d81-69a0-4bb7-9bb7-09481f249045,ipca-sp-1110010,1110010,e6de7aea-c1ad-4f25-9b45-293228a66a2d,1,1099,1089,2026-07-15,2026-07-12,false,true,,missing_observation,1.009182736455
2026-07-15,2026-07-14,carrefour,0bf6c3e4-918d-4468-938f-0f89a35c4625,ipca-sp-1114001,1114001,4ff6033b-d09b-4c48-9f34-a59af2818dad,1,1499,1499,2026-07-15,2026-07-14,false,false,,,1.000000000000
2026-07-15,2026-07-14,carrefour,0c1ad335-5e5e-40ea-80f7-c96939290cd4,ipca-sp-1104023,1104023,7398051d-c322-42bd-8440-8244b11675c9,1,499,499,2026-07-15,2026-07-14,false,false,,,1.000000000000
2026-07-15,2026-07-14,carrefour,0c2386af-0d68-4087-98e1-76a500f1ccfb,ipca-sp-1102006,1102006,ba1d30a8-4d8a-4d71-a044-51db2a395611,1,999,999,2026-07-15,2026-07-14,false,false,,,1.000000000000
2026-07-15,2026-07-14,carrefour,0c818bab-1341-4fe6-b771-107c85a3ff77,ipca-sp-1110010,1110010,869cab55-dd54-42c2-b445-d622ee1a6725,1,1490,1450,2026-07-15,2026-07-13,false,true,,missing_observation,1.027586206897
2026-07-15,2026-07-14,extra-mercado,003661ae-ec34-49c0-8dc4-685715191607,ipca-sp-1115057,1115057,39af085b-14be-4476-8d90-4327e1883258,1,1049,1049,2026-07-15,2026-07-14,false,false,,,1.000000000000
2026-07-15,2026-07-14,extra-mercado,00583db0-ccde-4547-b148-6501cfb72e82,ipca-sp-1112003,1112003,d3696083-e84c-448b-83cf-1dc836543867,1,339,339,2026-07-14,2026-07-14,true,false,missing_observation,,1.000000000000
2026-07-15,2026-07-14,extra-mercado,005ce635-cf48-43f7-b56a-def252c01da0,ipca-sp-1115075,1115075,00e10050-44f1-4954-99e2-b6098e10beec,1,1299,1299,2026-07-15,2026-07-13,false,true,,missing_observation,1.000000000000
2026-07-15,2026-07-14,extra-mercado,00ce918f-1dff-48f3-8345-dc746ac1a335,ipca-sp-1104023,1104023,a61e6b59-d3d7-4a46-988d-19806580b0d3,1,299,299,2026-07-15,2026-07-14,false,false,,,1.000000000000
2026-07-15,2026-07-14,extra-mercado,01037aac-0a23-4d63-80be-bd84c5faf8d6,ipca-sp-1104023,1104023,a3180eda-8c0d-403c-aa28-f04ccad26554,1,599,1099,2026-07-15,2026-07-14,false,false,,,0.545040946315
2026-07-15,2026-07-14,extra-mercado,01169273-a2b4-4e07-87a0-d73e3e9525c5,ipca-sp-1113040,1113040,68159997-3c69-4774-a36b-675e03ecc68a,1,999,999,2026-07-12,2026-07-12,true,true,missing_observation,missing_observation,1.000000000000
2026-07-15,2026-07-14,extra-mercado,0149a288-4af1-4750-80bd-d33642e363d9,ipca-sp-1112018,1112018,2b3dd5df-492d-47ed-b019-82f90d9d05ae,1,1039,1039,2026-07-13,2026-07-13,true,true,missing_observation,missing_observation,1.000000000000
2026-07-15,2026-07-14,extra-mercado,01534c4a-fcdb-409d-a2f2-902b0272c8e0,ipca-sp-1114022,1114022,d59c01c8-bd1f-4a10-b187-20f9777e6c12,1,2499,3399,2026-07-15,2026-07-13,false,true,,missing_observation,0.735216240071
2026-07-15,2026-07-14,extra-mercado,01813a59-a240-46e0-9060-dd169daef59e,ipca-sp-1107018,1107018,2a5ed3d2-74d1-4544-aef2-a2611ef95458,1,2090,2090,2026-07-15,2026-07-14,false,false,,,1.000000000000
2026-07-15,2026-07-14,extra-mercado,02016470-762e-41ae-9a65-02881d2d322d,ipca-sp-1112003,1112003,7e1f13c7-4d3a-4c20-ae2b-22adcb48d4c4,1,199,199,2026-07-15,2026-07-13,false,true,,missing_observation,1.000000000000
2026-07-15,2026-07-14,extra-mercado,021824a1-fe48-48f1-ad3e-856753eb1762,ipca-sp-1111019,1111019,9d2ff46d-5ba9-4b3c-8ef1-9c99bdd16bed,1,899,899,2026-07-15,2026-07-14,false,false,,,1.000000000000
2026-07-15,2026-07-14,extra-mercado,02196195-d10e-41c6-8018-616731f5184f,ipca-sp-1112003,1112003,f96626fb-5fcd-4ad3-bc1c-3ad755ee24f9,1,499,499,2026-07-14,2026-07-14,true,false,missing_observation,,1.000000000000
2026-07-15,2026-07-14,extra-mercado,022d038b-a475-4d26-adfb-db352197a590,ipca-sp-1103028,1103028,874223b4-afa7-40cf-8095-cd6737205b29,1,649,649,2026-07-15,2026-07-11,false,true,,missing_observation,1.000000000000
2026-07-15,2026-07-14,extra-mercado,024474c9-f132-450f-bb41-54a3f58305b9,ipca-sp-1111011,1111011,5228efe8-d2d9-46f0-9f92-7c363c214176,1,1390,1390,2026-07-15,2026-07-13,false,true,,missing_observation,1.000000000000
2026-07-15,2026-07-14,extra-mercado,02612274-5385-4bb1-bcf4-84741670a5ed,ipca-sp-1116005,1116005,d14b68b2-407d-4c71-a768-26b8f2d4d8a5,1,2299,2299,2026-07-15,2026-07-14,false,false,,,1.000000000000
2026-07-15,2026-07-14,extra-mercado,02be7fc3-b139-49bb-8bc1-1d91a469e866,ipca-sp-1116071,1116071,a67d6668-5e98-4344-af16-ad1db54fb899,1,679,679,2026-07-14,2026-07-14,true,false,missing_observation,,1.000000000000
2026-07-15,2026-07-14,extra-mercado,032bbe1e-1a30-4ecb-bee4-d82cae47fdf6,ipca-sp-1114084,1114084,d870221b-5e8f-4a8d-9786-c9bd641935f2,1,978,978,2026-07-14,2026-07-14,true,false,missing_observation,,1.000000000000
2026-07-15,2026-07-14,extra-mercado,032f59d3-efcc-4bdf-bf95-7b3a261ccfed,ipca-sp-1112018,1112018,b153ed9f-24d9-479c-8296-ba31b502144b,1,849,929,2026-07-15,2026-07-13,false,true,,missing_observation,0.913885898816
2026-07-15,2026-07-14,extra-mercado,035bda36-9766-47fc-81a2-4700d214a0e6,ipca-sp-1104023,1104023,dc7e5ad7-1651-4301-9200-94f2519c979f,1,899,899,2026-07-15,2026-07-14,false,false,,,1.000000000000
2026-07-15,2026-07-14,extra-mercado,036ebaba-9d56-4421-8830-8b9e2d982251,ipca-sp-1102006,1102006,2b854582-b55d-483c-b40a-6a87a5ed0400,1,399,399,2026-07-15,2026-07-14,false,false,,,1.000000000000
2026-07-15,2026-07-14,extra-mercado,03773828-d0ca-4940-a3cd-19d34bb6b9f3,ipca-sp-1110009,1110009,d056e21e-4b2b-4789-aea2-0ce15ef0c6dd,1,5496,5496,2026-07-15,2026-07-14,false,false,,,1.000000000000
2026-07-15,2026-07-14,extra-mercado,03c19109-a74d-4783-ba0d-638ca00ebed4,ipca-sp-1105012,1105012,7e440d0c-eae2-467a-ad5c-9961445ebfbd,1,1799,1799,2026-07-15,2026-07-13,false,true,,missing_observation,1.000000000000
2026-07-15,2026-07-14,extra-mercado,03d86dba-175f-4ff9-8a1f-b9c9b29dcef6,ipca-sp-1111019,1111019,54124836-1349-4c3f-be94-7bdc944a2f26,1,829,829,2026-07-15,2026-07-14,false,false,,,1.000000000000
2026-07-15,2026-07-14,extra-mercado,03e45f4d-8914-42b4-b166-ea49e20de4b1,ipca-sp-1103044,1103044,5ce875e2-999c-40f1-b214-64dc2bca6a16,1,899,899,2026-07-14,2026-07-14,true,false,missing_observation,,1.000000000000
2026-07-15,2026-07-14,extra-mercado,040b979e-41ff-4af1-9df2-c82165432f07,ipca-sp-1116005,1116005,eb573bd4-bd6e-42ef-8693-045644047b10,1,1849,1849,2026-07-15,2026-07-13,false,true,,missing_observation,1.000000000000
2026-07-15,2026-07-14,extra-mercado,044ec551-9c41-4604-b9f2-ffb81663c67d,ipca-sp-1113013,1113013,2947300f-3671-4870-a145-6d49a70fee1f,1,779,779,2026-07-15,2026-07-14,false,false,,,1.000000000000
2026-07-15,2026-07-14,extra-mercado,051b7650-ab48-48a3-b447-4558f296762b,ipca-sp-1110010,1110010,7bfcb8cf-e422-4807-842b-20ffd044fded,1,2390,2390,2026-07-14,2026-07-14,true,false,missing_observation,,1.000000000000
2026-07-15,2026-07-14,extra-mercado,05b9b382-0cbb-47fa-8041-b1d9197736ad,ipca-sp-1111019,1111019,849860b4-5e11-4cd1-82cc-f1510d300469,1,949,949,2026-07-15,2026-07-13,false,true,,missing_observation,1.000000000000
2026-07-15,2026-07-14,extra-mercado,05fb9222-69e9-4909-b248-fe5642f6047f,ipca-sp-1115016,1115016,368bdb47-ebbe-47f4-abf0-dbe793468880,1,2899,2899,2026-07-15,2026-07-14,false,false,,,1.000000000000
2026-07-15,2026-07-14,extra-mercado,064ae9a8-63df-4bcd-8c6d-d05c84f23442,ipca-sp-1107095,1107095,34422277-b5dc-41f2-a20d-f0f96ab1b344,1,2214,2694,2026-07-15,2026-07-14,false,false,,,0.821826280624
2026-07-15,2026-07-14,extra-mercado,06638acf-d5b5-45cc-a79b-87d3a479d1ad,ipca-sp-1114001,1114001,0013d211-01f3-4b62-9063-bede34e08151,1,2199,2199,2026-07-14,2026-07-14,true,false,missing_observation,,1.000000000000
2026-07-15,2026-07-14,extra-mercado,067cae27-9859-4a77-be16-3e7dfe460979,ipca-sp-1111019,1111019,09bb0d4b-1083-4984-8c9f-475cb79fb422,1,379,379,2026-07-15,2026-07-14,false,false,,,1.000000000000
2026-07-15,2026-07-14,extra-mercado,0684a9d3-b9c4-4276-bec3-0b8e7b2c4ef8,ipca-sp-1104023,1104023,f8d72931-3aa2-4dce-b3c5-2507ac4f4604,1,799,799,2026-07-14,2026-07-14,true,false,missing_observation,,1.000000000000
2026-07-15,2026-07-14,extra-mercado,06c7dca2-9750-4319-95ee-b927b4249923,ipca-sp-1112018,1112018,cffa458f-b4c3-44e7-941b-06d67e250fab,1,1499,1499,2026-07-14,2026-07-14,true,false,missing_observation,,1.000000000000
2026-07-15,2026-07-14,extra-mercado,06edac41-bdec-4990-8bdb-9a24246144bc,ipca-sp-1104023,1104023,ff8be7bd-d1b1-4bd5-aa43-12a7732b722d,1,1149,1149,2026-07-15,2026-07-13,false,true,,missing_observation,1.000000000000
2026-07-15,2026-07-14,extra-mercado,0713139b-0947-4cab-94ed-a78cbbc4e90b,ipca-sp-1114083,1114083,391bac2b-fc61-4247-8797-4fbbd8c7ad57,1,179,179,2026-07-14,2026-07-14,true,false,missing_observation,,1.000000000000
2026-07-15,2026-07-14,extra-mercado,071b4123-63c7-4c63-bcdb-1e6601f6992e,ipca-sp-1112003,1112003,de4a59b6-2686-41cc-ab4a-f873b8d71722,1,345,345,2026-07-15,2026-07-14,false,false,,,1.000000000000
2026-07-15,2026-07-14,extra-mercado,07252e95-858a-42af-9fdf-21209edc5115,ipca-sp-1102006,1102006,35b20945-ccb9-433b-8d4b-5ca7fa9b84bd,1,669,669,2026-07-15,2026-07-14,false,false,,,1.000000000000
2026-07-15,2026-07-14,extra-mercado,0755b821-b71d-4470-9333-8d03966f670b,ipca-sp-1112018,1112018,5a52f0c4-f8d2-4757-9d41-65e8f5a0cc66,1,1149,1149,2026-07-13,2026-07-13,true,true,missing_observation,missing_observation,1.000000000000
2026-07-15,2026-07-14,extra-mercado,079c5819-b315-4efb-8052-90745be8458b,ipca-sp-1114083,1114083,48813a8d-c0cd-4d2a-9e70-2bd86d553c9e,1,1049,1049,2026-07-14,2026-07-14,true,false,missing_observation,,1.000000000000
2026-07-15,2026-07-14,extra-mercado,0809d1ef-6cd7-4ee4-9334-245d306c9b09,ipca-sp-1114083,1114083,c5fa3152-5427-44ba-81eb-547834ca7801,1,309,309,2026-07-14,2026-07-14,true,false,missing_observation,,1.000000000000
2026-07-15,2026-07-14,extra-mercado,08134ecf-bef0-4776-b1ec-f14ef3645413,ipca-sp-1111019,1111019,9159f4fb-6a15-4f02-928c-ec32d81ceb9b,1,999,999,2026-07-15,2026-07-14,false,false,,,1.000000000000
2026-07-15,2026-07-14,extra-mercado,08202e10-7249-4e7e-a879-855855b6ac6a,ipca-sp-1111011,1111011,1899c57c-884d-4dba-8138-76cc0915b29d,1,2390,2140,2026-07-15,2026-07-13,false,true,,missing_observation,1.116822429907
2026-07-15,2026-07-14,extra-mercado,0831447a-7f40-467a-9e68-8333e166ab0c,ipca-sp-1111019,1111019,0a019f44-fb43-47fa-a657-864925613c64,1,329,329,2026-07-14,2026-07-14,true,false,missing_observation,,1.000000000000
2026-07-15,2026-07-14,extra-mercado,0884eb56-6faf-48b5-8c1b-9938dd39a706,ipca-sp-1116010,1116010,fb578530-d761-442d-bc5f-99a93b2a40b4,1,1490,1490,2026-07-15,2026-07-14,false,false,,,1.000000000000
2026-07-15,2026-07-14,extra-mercado,08d3e2bf-7074-4f60-9c8d-56cec36c21a5,ipca-sp-1114084,1114084,bba00f23-2cb8-44e2-bdac-fd3da379eb98,1,359,359,2026-07-14,2026-07-14,true,false,missing_observation,,1.000000000000
2026-07-15,2026-07-14,extra-mercado,0921cd34-0886-4a27-ada7-626620dbc05d,ipca-sp-1111019,1111019,c83627a3-ac2c-47e4-86f3-19144a0072ac,1,1849,1849,2026-07-15,2026-07-14,false,false,,,1.000000000000
2026-07-15,2026-07-14,extra-mercado,097b9835-d622-4bb8-935e-741207be589c,ipca-sp-1103003,1103003,afbfa3cb-0bd7-4a41-8b5d-6d70dd9e0190,1,1850,1850,2026-07-11,2026-07-11,true,true,missing_observation,missing_observation,1.000000000000
2026-07-15,2026-07-14,extra-mercado,097f778b-1044-41ad-9bb1-bfe7416faf78,ipca-sp-1111019,1111019,c80a3ba2-d2b4-4ac9-ae2b-445289c44196,1,489,489,2026-07-15,2026-07-14,false,false,,,1.000000000000
2026-07-15,2026-07-14,extra-mercado,099edcd2-c4f5-4114-97bb-e9e8f547060a,ipca-sp-1102006,1102006,91a88dd2-091f-42f1-8110-33cb1ba8771d,1,879,879,2026-07-15,2026-07-14,false,false,,,1.000000000000
2026-07-15,2026-07-14,extra-mercado,09be12db-5e0a-427d-bce7-83b97c80079f,ipca-sp-1111009,1111009,176e414a-b685-451f-95a3-75560bfde0d5,1,1999,2499,2026-07-15,2026-07-13,false,true,,missing_observation,0.799919967987
2026-07-15,2026-07-14,extra-mercado,09de2026-590c-456c-b475-e96ffb462111,ipca-sp-1111019,1111019,6c04e770-7fbe-4ef4-9a83-bc3d6ca7cc50,1,499,499,2026-07-15,2026-07-13,false,true,,missing_observation,1.000000000000
2026-07-15,2026-07-14,extra-mercado,09ee88a5-0228-4ae2-9108-63b970ac8aeb,ipca-sp-1107094,1107094,6bc979df-c329-4b1b-9a9c-5206eefb5038,1,2645,2645,2026-07-15,2026-07-13,false,true,,missing_observation,1.000000000000
2026-07-15,2026-07-14,extra-mercado,09fb21c9-cfe9-4ae9-b782-62a8e145d87f,ipca-sp-1104023,1104023,062cba34-6dbc-4525-8610-3fdfe5b49275,1,829,829,2026-07-15,2026-07-14,false,false,,,1.000000000000
2026-07-15,2026-07-14,extra-mercado,0a30103b-fe88-44fe-8707-73449d93f300,ipca-sp-1112019,1112019,dc78f2a6-8dbf-4158-8e2f-4bb15f88603c,1,849,849,2026-07-15,2026-07-13,false,true,,missing_observation,1.000000000000
2026-07-15,2026-07-14,extra-mercado,0a572414-1420-4389-9b1a-6c06ffb6f136,ipca-sp-1111021,1111021,a4514e44-a3d4-4541-8bd6-8a4fd8c53be4,1,1050,1050,2026-07-15,2026-07-14,false,false,,,1.000000000000
2026-07-15,2026-07-14,extra-mercado,0a70e4af-0a32-4318-9a7f-7fbacabb2f5b,ipca-sp-1102061,1102061,cc56e60e-876a-4dc5-86a6-76bd994dfe42,1,349,349,2026-07-15,2026-07-14,false,false,,,1.000000000000
2026-07-15,2026-07-14,extra-mercado,0aafad30-3193-42f5-a8a8-bfc723df1336,ipca-sp-1112019,1112019,7703d4c4-2851-48ed-a16e-d33f1b8ecc2d,1,8599,8599,2026-07-15,2026-07-14,false,false,,,1.000000000000
2026-07-15,2026-07-14,extra-mercado,0ab43770-2867-4345-b357-1ea8404f0c64,ipca-sp-1112018,1112018,5f1c7ba0-063f-43f1-8528-bb3fc89974c0,1,1129,1129,2026-07-11,2026-07-11,true,true,missing_observation,missing_observation,1.000000000000
2026-07-15,2026-07-14,extra-mercado,0ac7977e-3d8b-4805-a407-086ba42ecce3,ipca-sp-1109007,1109007,d4442ab7-dba4-4f40-b21d-9ca3190ba534,1,1450,1450,2026-07-13,2026-07-13,true,true,missing_observation,missing_observation,1.000000000000
2026-07-15,2026-07-14,extra-mercado,0ad908b8-8f95-43dd-9f6a-e053c52889c7,ipca-sp-1107018,1107018,55f24595-afc7-4c34-a421-052148910b9a,1,1492,1492,2026-07-15,2026-07-14,false,false,,,1.000000000000
2026-07-15,2026-07-14,extra-mercado,0b4e8f98-6d1a-4190-bbcc-8852b4d2f510,ipca-sp-1109008,1109008,cd47766c-8f33-4303-bdd4-4b399b4f07fa,1,2290,2290,2026-07-12,2026-07-12,true,true,missing_observation,missing_observation,1.000000000000
2026-07-15,2026-07-14,extra-mercado,0b769a25-3971-472a-a6a8-fd6576e4f380,ipca-sp-1111019,1111019,66efff47-b27e-457c-a9c1-f5b33e86ea50,1,1749,1749,2026-07-15,2026-07-14,false,false,,,1.000000000000
2026-07-15,2026-07-14,extra-mercado,0c37a558-cb7a-4fe8-a13f-fc0c3e97c2e9,ipca-sp-1112003,1112003,c40a2e86-7b11-4519-b892-fda3e03dc9e2,1,479,449,2026-07-15,2026-07-14,false,false,,,1.066815144766
2026-07-15,2026-07-14,extra-mercado,0c6893cb-d6a9-491e-b8b8-919fa9517edd,ipca-sp-1111011,1111011,efe57fa0-7105-435f-943e-c6da49b7ecbd,1,3090,3090,2026-07-15,2026-07-14,false,false,,,1.000000000000
2026-07-15,2026-07-14,pao-de-acucar,002f788b-8705-40f5-908a-6fed0f571307,ipca-sp-1114087,1114087,4d677e57-a403-4306-9f84-dfd60510941b,1,11990,11990,2026-07-15,2026-07-13,false,true,,missing_observation,1.000000000000
2026-07-15,2026-07-14,pao-de-acucar,00521fbb-191c-4e59-beaf-4520cac3071c,ipca-sp-1104023,1104023,33bcbbbb-2752-4e96-b73b-b810fc4dd95c,1,4399,4399,2026-07-15,2026-07-14,false,false,,,1.000000000000
2026-07-15,2026-07-14,pao-de-acucar,007dfb1d-859c-449f-b4f6-6cea756052f8,ipca-sp-1113014,1113014,addf0f8c-1383-4d5e-a239-0350686e83f2,1,2499,2999,2026-07-15,2026-07-14,false,false,,,0.833277759253
2026-07-15,2026-07-14,pao-de-acucar,00d9c3d1-206b-4e57-aec1-7a3b11064904,ipca-sp-1116041,1116041,4cbf7e0c-b071-4337-ba97-1aa34d98e06b,1,2799,2799,2026-07-11,2026-07-11,true,true,missing_observation,missing_observation,1.000000000000
2026-07-15,2026-07-14,pao-de-acucar,0116192a-496f-46bf-b58e-b78e4a3625c3,ipca-sp-1104052,1104052,a8c492c7-3b65-47fd-be9c-a3b7f9595db0,1,999,2099,2026-07-15,2026-07-13,false,true,,missing_observation,0.475940924250
2026-07-15,2026-07-14,pao-de-acucar,016805e5-2fda-4527-a622-9626f01408e2,ipca-sp-1107084,1107084,b836a981-bb3b-4e1a-b7b8-dc62e051a1aa,1,3774,3774,2026-07-15,2026-07-14,false,false,,,1.000000000000
2026-07-15,2026-07-14,pao-de-acucar,0191dedf-d59a-4645-ba62-44e63ece45ae,ipca-sp-1111011,1111011,d4b96487-2d6d-4846-b909-73c31a3596ed,1,5990,5990,2026-07-15,2026-07-14,false,false,,,1.000000000000
2026-07-15,2026-07-14,pao-de-acucar,019c2a78-0f44-4b01-94b9-598afb9ffa99,ipca-sp-1104032,1104032,057b2171-4bea-46ce-8dc6-a89327002743,1,4199,4199,2026-07-15,2026-07-14,false,false,,,1.000000000000
2026-07-15,2026-07-14,pao-de-acucar,01b91bf6-05be-4482-ad18-85a5e620e655,ipca-sp-1107084,1107084,bb6d7291-5bfb-47e1-81c5-cf77162be32b,1,8388,8388,2026-07-15,2026-07-13,false,true,,missing_observation,1.000000000000
2026-07-15,2026-07-14,pao-de-acucar,01b9226a-fc7c-479c-9057-c8660bb8b8f4,ipca-sp-1109008,1109008,31f7d472-b6bc-4582-92d6-74c4de7fca38,1,2890,2890,2026-07-15,2026-07-14,false,false,,,1.000000000000
2026-07-15,2026-07-14,pao-de-acucar,01bbe405-87ba-4f28-a003-8f3890dd0463,ipca-sp-1104032,1104032,b1e5fe7b-60e6-45fb-808c-dcbed2999ff2,1,3499,3499,2026-07-15,2026-07-14,false,false,,,1.000000000000
2026-07-15,2026-07-14,pao-de-acucar,01f15904-aba8-41ca-be31-0615f22924ea,ipca-sp-1116041,1116041,237d6230-c4c8-4e2c-adc6-4382f2ed5646,1,3479,3479,2026-07-12,2026-07-12,true,true,missing_observation,missing_observation,1.000000000000
2026-07-15,2026-07-14,pao-de-acucar,01fd89ad-fa6d-45c1-9a5e-36a17fab2d65,ipca-sp-1108075,1108075,18cf464d-0b6d-433d-ade9-36a427717259,1,3897,3897,2026-07-15,2026-07-14,false,false,,,1.000000000000
2026-07-15,2026-07-14,pao-de-acucar,01fe24b8-7058-4d34-99db-b55bb4ec7480,ipca-sp-1111011,1111011,016b4f0d-1bc4-4419-840e-e27812219f42,1,3062,3062,2026-07-15,2026-07-14,false,false,,,1.000000000000
2026-07-15,2026-07-14,pao-de-acucar,020ab5af-c580-4faa-ba2e-8e5d9d2dda96,ipca-sp-1104032,1104032,1151cd8d-b991-4ba0-b91b-b8f5ee099600,1,4999,4999,2026-07-12,2026-07-12,true,true,missing_observation,missing_observation,1.000000000000
2026-07-15,2026-07-14,pao-de-acucar,022d31f6-c6c6-4e00-bc0f-79816a7e17f7,ipca-sp-1107018,1107018,ca4fbefc-2468-4155-be22-5889e03c426c,1,2632,2632,2026-07-14,2026-07-14,true,false,missing_observation,,1.000000000000
2026-07-15,2026-07-14,pao-de-acucar,0236311a-d54e-444d-a699-17615669c38b,ipca-sp-1112003,1112003,e38f9ffb-0389-4813-9496-2876933f400a,1,2999,2999,2026-07-14,2026-07-14,true,false,missing_observation,,1.000000000000
2026-07-15,2026-07-14,pao-de-acucar,02570816-33e6-42ec-aa0d-b684f72d2649,ipca-sp-1111011,1111011,afe2c588-8d5f-442f-a483-58c603d627f0,1,2598,2598,2026-07-14,2026-07-14,true,false,missing_observation,,1.000000000000
2026-07-15,2026-07-14,pao-de-acucar,0296bfb7-939a-4e6c-a7b9-d97ad6477d6b,ipca-sp-1116010,1116010,af4fd995-b67a-4645-8779-e9d9d8ffe8e3,1,2999,2999,2026-07-15,2026-07-14,false,false,,,1.000000000000
2026-07-15,2026-07-14,pao-de-acucar,02eee105-76db-4fff-80c0-288a0b7783c1,ipca-sp-1116041,1116041,e0a0d73b-c662-49bb-9736-c9b1e747f537,1,499,499,2026-07-15,2026-07-13,false,true,,missing_observation,1.000000000000
2026-07-15,2026-07-14,pao-de-acucar,0337084f-c4e5-4b14-8120-9becba3166e8,ipca-sp-1101002,1101002,052936ed-7a2e-48bf-a7b3-f0f40da224d6,1,2399,2399,2026-07-14,2026-07-14,true,false,missing_observation,,1.000000000000
2026-07-15,2026-07-14,pao-de-acucar,034b7844-4294-4fe0-89f1-92b8f84356e9,ipca-sp-1114087,1114087,f005fb6c-aba4-408e-93af-01daf0433cd1,1,114990,99989,2026-07-15,2026-07-12,false,true,,missing_observation,1.150026502915
2026-07-15,2026-07-14,pao-de-acucar,03ac8aef-c9c1-4cdd-b2a8-83fdb888ffc8,ipca-sp-1107084,1107084,1a0ddf0a-01b2-464d-ac7f-89d7022d22a3,1,12585,12585,2026-07-11,2026-07-11,true,true,missing_observation,missing_observation,1.000000000000
2026-07-15,2026-07-14,pao-de-acucar,03fc2c88-ed58-4487-8b05-d020524ca7dc,ipca-sp-1107084,1107084,3475ad07-6f50-4b85-b54f-9e1d3a6227e7,1,4195,4195,2026-07-15,2026-07-14,false,false,,,1.000000000000
2026-07-15,2026-07-14,pao-de-acucar,042126f0-fadf-489c-aac3-32f0429c87f7,ipca-sp-1112003,1112003,3e3bc812-8e4c-4de4-b3fd-9cd6d3c11e27,1,2899,2899,2026-07-15,2026-07-14,false,false,,,1.000000000000
2026-07-15,2026-07-14,pao-de-acucar,042321b4-e7fb-4bf5-94f9-dae0eacf5477,ipca-sp-1104023,1104023,e74367f4-a94e-4fc5-b9df-f7e2789c5410,1,4999,4999,2026-07-15,2026-07-14,false,false,,,1.000000000000
2026-07-15,2026-07-14,pao-de-acucar,04304dc9-4cd4-4dd0-a217-53db386e848d,ipca-sp-1103020,1103020,26b73700-1849-41e9-a13f-dc9bec269f20,1,2190,2190,2026-07-14,2026-07-14,true,false,missing_observation,,1.000000000000
2026-07-15,2026-07-14,pao-de-acucar,04351a29-5c2d-44d2-be66-e4e427796871,ipca-sp-1104052,1104052,e8edcbec-24c6-4e19-b746-18e03aa248a1,1,2499,2499,2026-07-14,2026-07-14,true,false,missing_observation,,1.000000000000
2026-07-15,2026-07-14,pao-de-acucar,0452a15b-9fd2-420e-b4a7-346ffef935f8,ipca-sp-1107093,1107093,43340968-e6d7-48ad-8ab8-67ccd6fa5cf0,1,3890,3890,2026-07-15,2026-07-14,false,false,,,1.000000000000
2026-07-15,2026-07-14,pao-de-acucar,0454f3b8-d447-4572-a572-d1c144d1b055,ipca-sp-1114087,1114087,edf1ce20-a28d-41f2-803d-276a70258470,1,23990,23990,2026-07-15,2026-07-13,false,true,,missing_observation,1.000000000000
2026-07-15,2026-07-14,pao-de-acucar,047de0c1-56b8-4ebe-a193-9761de48bb31,ipca-sp-1107018,1107018,7bc2e050-2960-4f98-95af-3a230bfc1737,1,2390,2390,2026-07-14,2026-07-14,true,false,missing_observation,,1.000000000000
2026-07-15,2026-07-14,pao-de-acucar,047ec55a-f9a5-465a-ad9d-e604a3f7e3ad,ipca-sp-1114022,1114022,4b946386-6022-4e64-bf86-2db4ceebf6eb,1,3999,3999,2026-07-15,2026-07-14,false,false,,,1.000000000000
2026-07-15,2026-07-14,pao-de-acucar,04c1540e-5ce8-4305-9e34-763b514e8b80,ipca-sp-1103003,1103003,fda88de0-dc96-49be-8d03-bbc1b1c042af,1,2490,2490,2026-07-14,2026-07-14,true,false,missing_observation,,1.000000000000
2026-07-15,2026-07-14,pao-de-acucar,04e31e71-a0ef-4ce4-bfd7-40f6ae00ea0f,ipca-sp-1110044,1110044,144c36f7-2039-4d1f-ac91-4ed510de15f5,1,2699,2699,2026-07-14,2026-07-14,true,false,missing_observation,,1.000000000000
2026-07-15,2026-07-14,pao-de-acucar,04e91806-b67e-4cf0-a908-10124c4ef796,ipca-sp-1101002,1101002,d3a49cb6-5593-4e33-8e4c-d2ca338236f4,1,2799,2799,2026-07-15,2026-07-13,false,true,,missing_observation,1.000000000000
2026-07-15,2026-07-14,pao-de-acucar,04fa6f9c-0654-43b4-b3b8-5dc4170d716d,ipca-sp-1110010,1110010,7b372abf-4821-42bf-8cc5-c18708994ae6,1,3990,3990,2026-07-15,2026-07-14,false,false,,,1.000000000000
2026-07-15,2026-07-14,pao-de-acucar,050fadc2-81f6-485c-ab5e-f63003c6bf81,ipca-sp-1103028,1103028,f7a7da7a-5439-490b-9372-136af3515e37,1,2499,2499,2026-07-14,2026-07-14,true,false,missing_observation,,1.000000000000
2026-07-15,2026-07-14,pao-de-acucar,0542f469-9781-4e52-917f-3c78f570dea0,ipca-sp-1102029,1102029,7fb484cd-7e13-4b4b-9be5-7fd5e3bbe96a,1,4490,4490,2026-07-15,2026-07-14,false,false,,,1.000000000000
2026-07-15,2026-07-14,pao-de-acucar,054780fe-ba6a-45c4-9df2-5b31eb4afd70,ipca-sp-1107084,1107084,14dd8442-7e40-4d9a-a3a3-823b8f064d81,1,13485,13485,2026-07-15,2026-07-13,false,true,,missing_observation,1.000000000000
2026-07-15,2026-07-14,pao-de-acucar,05729032-9d75-4bca-b39b-e693eaacb0a2,ipca-sp-1109008,1109008,59891f7c-1736-42c1-838e-0b8b6ae69e1a,1,2990,2990,2026-07-15,2026-07-14,false,false,,,1.000000000000
2026-07-15,2026-07-14,pao-de-acucar,0631f55c-8153-4e2c-8add-d6d9e9ab6732,ipca-sp-1114087,1114087,a69fb312-1f4b-4ef3-8f77-82eb1ff7d95b,1,19990,19990,2026-07-15,2026-07-13,false,true,,missing_observation,1.000000000000
2026-07-15,2026-07-14,pao-de-acucar,068a8085-76db-488e-8f3c-a12c3563562b,ipca-sp-1107018,1107018,acc548ef-9f2b-42c5-bf78-fb46e7e09b27,1,1529,1529,2026-07-15,2026-07-13,false,true,,missing_observation,1.000000000000
2026-07-15,2026-07-14,pao-de-acucar,06d3c556-68ef-4b8c-b915-8bbb446f4260,ipca-sp-1106018,1106018,cffc3698-525b-41fb-b8ba-718650bf5174,1,2999,2999,2026-07-13,2026-07-13,true,true,missing_observation,missing_observation,1.000000000000
2026-07-15,2026-07-14,pao-de-acucar,06fef651-e417-4d37-98e8-770ed80f347b,ipca-sp-1114022,1114022,d62baea2-4c78-458e-a872-6e90ef1d318a,1,2399,2399,2026-07-14,2026-07-14,true,false,missing_observation,,1.000000000000
2026-07-15,2026-07-14,pao-de-acucar,07912a21-641e-45dd-8ea3-9cad6bacf469,ipca-sp-1114022,1114022,494b035c-465a-496c-b250-a52381b5f8a6,1,2499,2499,2026-07-14,2026-07-14,true,false,missing_observation,,1.000000000000
2026-07-15,2026-07-14,pao-de-acucar,07bdaf56-ba3e-4cc2-b640-7b599fb05de6,ipca-sp-1109008,1109008,09a162cd-c339-4d1e-8cf2-b8812d53b995,1,2690,2690,2026-07-14,2026-07-14,true,false,missing_observation,,1.000000000000
2026-07-15,2026-07-14,pao-de-acucar,07e575b5-392f-4021-9253-82322cefd650,ipca-sp-1111011,1111011,a6bfb907-bc16-46ed-be0d-7bf00d1f39b6,1,2490,2490,2026-07-14,2026-07-14,true,false,missing_observation,,1.000000000000
2026-07-15,2026-07-14,pao-de-acucar,07f56022-5d57-40f0-a719-06f14d519b60,ipca-sp-1111011,1111011,53b4578d-bbcd-4e4d-8cf9-4b8246f422cf,1,6291,6291,2026-07-15,2026-07-14,false,false,,,1.000000000000
2026-07-15,2026-07-14,pao-de-acucar,085c1b0e-951f-465a-90b3-fde1c23e42a9,ipca-sp-1116071,1116071,2dead0d5-e738-48fe-a230-3be29073be50,1,2599,2599,2026-07-14,2026-07-14,true,false,missing_observation,,1.000000000000
2026-07-15,2026-07-14,pao-de-acucar,0866e4eb-0d42-4765-a45b-d71208661f07,ipca-sp-1112019,1112019,502aa2cc-b101-4538-9e46-4d265f13ca86,1,8789,8789,2026-07-15,2026-07-13,false,true,,missing_observation,1.000000000000
2026-07-15,2026-07-14,pao-de-acucar,089dfc51-6f1d-4161-8030-febdbbf500a3,ipca-sp-1114087,1114087,22a6d347-9af9-463b-98a1-24b15eb7b43e,1,16990,16990,2026-07-15,2026-07-13,false,true,,missing_observation,1.000000000000
2026-07-15,2026-07-14,pao-de-acucar,08e62cc9-5dc3-4b49-89c4-1346578830c1,ipca-sp-1115016,1115016,290a2bc8-723e-4243-bb39-4cc504ebd588,1,3699,3699,2026-07-15,2026-07-14,false,false,,,1.000000000000
2026-07-15,2026-07-14,pao-de-acucar,08efdb2b-ff09-458e-ac4c-313d1443322c,ipca-sp-1109008,1109008,6dd77e05-566d-48a4-a757-e131fb709186,1,2890,2890,2026-07-15,2026-07-14,false,false,,,1.000000000000
2026-07-15,2026-07-14,pao-de-acucar,090e6448-da0e-46e9-be79-18174382b7a5,ipca-sp-1111011,1111011,bf292d0d-9c7b-45f5-808f-2a88b53963b7,1,3790,3790,2026-07-15,2026-07-14,false,false,,,1.000000000000
2026-07-15,2026-07-14,pao-de-acucar,0949f121-b650-41f2-81bf-af9195987b79,ipca-sp-1111019,1111019,e5f507aa-4868-4bf1-9f0d-1a926549ecee,1,3799,3799,2026-07-15,2026-07-14,false,false,,,1.000000000000
2026-07-15,2026-07-14,pao-de-acucar,099f05a2-03be-4bb5-95fb-916373d007b1,ipca-sp-1112003,1112003,bed5c507-2993-4c4d-806a-be64be5772d8,1,2899,2899,2026-07-15,2026-07-14,false,false,,,1.000000000000
2026-07-15,2026-07-14,pao-de-acucar,09cb93f2-66b9-4b4d-9bfe-e2ce3a61e80d,ipca-sp-1111009,1111009,283f35a6-feb1-4c5b-acb8-287423edf2f6,1,2499,2499,2026-07-14,2026-07-14,true,false,missing_observation,,1.000000000000
2026-07-15,2026-07-14,pao-de-acucar,09e4fc3e-2792-412d-8e30-68937ed93614,ipca-sp-1108075,1108075,52cfe7d3-6228-48f8-8efe-ac87c6788e2b,1,2890,2890,2026-07-15,2026-07-14,false,false,,,1.000000000000
2026-07-15,2026-07-14,pao-de-acucar,0a5a04d0-d38e-4f90-af3f-ff8a95c1552b,ipca-sp-1104032,1104032,b6e64568-718f-4628-8a6d-8fb8dc767d14,1,4199,4199,2026-07-15,2026-07-14,false,false,,,1.000000000000
2026-07-15,2026-07-14,pao-de-acucar,0a82bb1e-5574-44c2-a3f4-76185723245a,ipca-sp-1111009,1111009,71be1257-977e-4911-bef1-cebf3d1438c2,1,3499,2599,2026-07-15,2026-07-14,false,false,,,1.346287033474
2026-07-15,2026-07-14,pao-de-acucar,0a9044dd-a9ff-4942-ad1d-13a306e48bf7,ipca-sp-1114087,1114087,9b49bd39-f786-453e-832b-f4a2907c9d7e,1,18990,18990,2026-07-15,2026-07-13,false,true,,missing_observation,1.000000000000
2026-07-15,2026-07-14,pao-de-acucar,0aa9ecc9-e80f-4e0e-ae70-f84cf4b3deab,ipca-sp-1113014,1113014,b56c31cb-4fd3-49f4-94ea-cc69c8d90ec5,1,10990,10990,2026-07-15,2026-07-13,false,true,,missing_observation,1.000000000000
2026-07-15,2026-07-14,pao-de-acucar,0ac923ca-d313-4ea3-ae2f-710cc7a52a2c,ipca-sp-1104032,1104032,8f6b2919-a3cd-4bc3-84c2-efe9f6436dcf,1,2799,2799,2026-07-14,2026-07-14,true,false,missing_observation,,1.000000000000
2026-07-15,2026-07-14,pao-de-acucar,0acaef50-b95b-40c6-80e6-aa4c7348e485,ipca-sp-1111019,1111019,7f43b238-3f8f-4f18-9ded-d9593a56f8ae,1,9693,9693,2026-07-15,2026-07-13,false,true,,missing_observation,1.000000000000
2026-07-15,2026-07-14,pao-de-acucar,0b22f810-be98-42f3-8b74-74693e06eff3,ipca-sp-1114001,1114001,aaa945cc-f30a-4b06-8a75-c24b5636111d,1,4179,4179,2026-07-15,2026-07-14,false,false,,,1.000000000000
2026-07-15,2026-07-14,pao-de-acucar,0b488407-be3d-4980-a729-27ef81595696,ipca-sp-1104023,1104023,81ea57dc-c3c4-4d4b-96ef-d4c10cb7fce8,1,2199,2199,2026-07-14,2026-07-14,true,false,missing_observation,,1.000000000000
2026-07-15,2026-07-14,pao-de-acucar,0b4cf70b-ecbe-440f-a522-8204beba3362,ipca-sp-1104023,1104023,82674c29-eda6-4c3c-ad0a-459933e137a8,1,2399,2399,2026-07-14,2026-07-14,true,false,missing_observation,,1.000000000000
2026-07-15,2026-07-14,pao-de-acucar,0b6ca4fd-aa49-4c0a-991d-4132899f4615,ipca-sp-1112019,1112019,18b27649-70b7-439a-a986-d39866a27dde,1,11868,11868,2026-07-15,2026-07-13,false,true,,missing_observation,1.000000000000
2026-07-15,2026-07-14,pao-de-acucar,0b79f9cb-bd73-4e6b-9df7-42d4c4bdcc09,ipca-sp-1104032,1104032,bc82f466-aeb6-4459-93b7-ea4ab67f0e38,1,3099,3099,2026-07-14,2026-07-14,true,false,missing_observation,,1.000000000000
2026-07-15,2026-07-14,pao-de-acucar,0b817281-32be-4c53-b6a2-f01fb970a7c7,ipca-sp-1109007,1109007,3df8a800-945d-40be-b56d-2b322d59d6e0,1,1579,1579,2026-07-15,2026-07-13,false,true,,missing_observation,1.000000000000
2026-07-15,2026-07-14,pao-de-acucar,0b9af65b-5d4f-4715-89c8-13a36c82973c,ipca-sp-1107018,1107018,683adb2a-05ca-4975-99a4-f6539979330d,1,4995,4995,2026-07-15,2026-07-14,false,false,,,1.000000000000
2026-07-15,2026-07-14,pao-de-acucar,0ba3ecc9-3a11-40ba-bc7f-ced082617870,ipca-sp-1114001,1114001,22b8e0ba-dc4e-4144-b23b-56e7b03c7106,1,11994,11994,2026-07-15,2026-07-13,false,true,,missing_observation,1.000000000000
2026-07-15,2026-07-14,pao-de-acucar,0c8449ce-796b-4fd1-b2c0-6c6828456c2a,ipca-sp-1114087,1114087,79b4cbd6-2467-4e3d-b61f-aebbf334db09,1,11990,11990,2026-07-15,2026-07-13,false,true,,missing_observation,1.000000000000
2026-07-15,2026-07-14,st-marche,00522a27-e5f7-4f50-8a02-9023eb4a0191,ipca-sp-1112003,1112003,c753f97f-baba-448c-980e-50b367b18aae,1,1989,1989,2026-07-15,2026-07-13,false,true,,missing_observation,1.000000000000
2026-07-15,2026-07-14,st-marche,00c3a8d9-f52e-440d-b7cd-9fb2bbb0d845,ipca-sp-1102061,1102061,d93cf8c7-9077-4c95-a5ab-e58541c2e3bb,1,319,319,2026-07-14,2026-07-14,true,false,missing_observation,,1.000000000000
2026-07-15,2026-07-14,st-marche,00d66bda-5461-4416-bd6e-0145546b8df8,ipca-sp-1111004,1111004,cbfda79c-7109-4123-9c4b-fd72f2102748,1,999,999,2026-07-15,2026-07-14,false,false,,,1.000000000000
2026-07-15,2026-07-14,st-marche,00f6e658-854a-4a6c-b655-5c6f077d9da2,ipca-sp-1106019,1106019,7195c0d6-8b0d-4dfd-8864-425f7ea34508,1,1999,1999,2026-07-15,2026-07-13,false,true,,missing_observation,1.000000000000
2026-07-15,2026-07-14,st-marche,0133abfd-b7f0-4f90-ad9f-17d898c060f0,ipca-sp-1109010,1109010,77bd3bb6-3418-4837-ad73-590726c0f157,1,7690,7690,2026-07-13,2026-07-13,true,true,unavailable,unavailable,1.000000000000
2026-07-15,2026-07-14,st-marche,014f56cf-0dc2-4c3e-8d4a-ad20127ec112,ipca-sp-1112003,1112003,bc56601d-fe43-44dd-8e88-2b1cde944cf6,1,559,559,2026-07-15,2026-07-14,false,false,,,1.000000000000
2026-07-15,2026-07-14,st-marche,01576508-53dd-4b42-809a-cf03418aebc6,ipca-sp-1114083,1114083,5c751c88-2356-4edc-9534-3dbdf9c6ee8d,1,329,329,2026-07-14,2026-07-14,true,false,missing_observation,,1.000000000000
2026-07-15,2026-07-14,st-marche,016753be-92f2-4c10-93c6-558330fbf975,ipca-sp-1111011,1111011,9372a1f4-e530-42c5-92e4-645da9a77029,1,9900,9900,2026-07-15,2026-07-14,false,false,,,1.000000000000
2026-07-15,2026-07-14,st-marche,016e4960-fa51-4dab-9345-7dc354507002,ipca-sp-1116033,1116033,5110e0cd-5971-49bd-a735-bca8cebb209a,1,1649,1649,2026-07-15,2026-07-14,false,false,,,1.000000000000
2026-07-15,2026-07-14,st-marche,01c9a383-b6ee-4dc9-9ad7-35531f1dbf5d,ipca-sp-1112018,1112018,ee8c0772-cd6f-41b5-ad18-641daa1587ac,1,3929,3929,2026-07-15,2026-07-14,false,false,,,1.000000000000
2026-07-15,2026-07-14,st-marche,025a944c-5da9-4731-84b0-3f31a7037490,ipca-sp-1114087,1114087,207ef270-3c06-44b1-a021-0c4f2cdba91c,1,7990,7990,2026-07-15,2026-07-13,false,true,,missing_observation,1.000000000000
2026-07-15,2026-07-14,st-marche,025ed87b-30dc-4e81-8d06-5e542d141b0d,ipca-sp-1109002,1109002,3304f028-3567-4b4d-876f-f3cfec67b2df,1,4699,4699,2026-07-15,2026-07-13,false,true,,missing_observation,1.000000000000
2026-07-15,2026-07-14,st-marche,028d9bc3-a54e-4eb1-a2b2-ccedc93ca39a,ipca-sp-1102029,1102029,a8669c02-6653-40d1-a624-bbbd346a9c78,1,1749,1749,2026-07-15,2026-07-14,false,false,,,1.000000000000
2026-07-15,2026-07-14,st-marche,028f50a1-eb8c-4a79-840a-952b9aa1e0e6,ipca-sp-1114083,1114083,3c9c0d47-d08e-4da9-b385-194e33a1abc5,1,389,389,2026-07-15,2026-07-14,false,false,,,1.000000000000
2026-07-15,2026-07-14,st-marche,029aadb2-be67-45cb-a417-ceffba6d641c,ipca-sp-1114083,1114083,c452e02d-2f64-49cd-bf87-573800867bdb,1,399,399,2026-07-15,2026-07-13,false,true,,missing_observation,1.000000000000
2026-07-15,2026-07-14,st-marche,03915b6a-c624-4914-88f9-2f716da3ce77,ipca-sp-1114087,1114087,326bd068-3b61-43b0-bd29-63bd7c4ed517,1,4990,4990,2026-07-15,2026-07-13,false,true,,missing_observation,1.000000000000
2026-07-15,2026-07-14,st-marche,03f43200-ed6f-41c1-bd04-a7f91c605d53,ipca-sp-1114087,1114087,52671014-018c-448f-83a3-e3e542d9648d,1,4490,4490,2026-07-14,2026-07-14,true,false,missing_observation,,1.000000000000
2026-07-15,2026-07-14,st-marche,0419aa60-79d7-4c3d-9de9-c6046af31fc7,ipca-sp-1114083,1114083,76c67d12-60c3-47f0-9733-5639f078a093,1,419,419,2026-07-14,2026-07-14,true,false,missing_observation,,1.000000000000
2026-07-15,2026-07-14,st-marche,045b1511-8898-4cc8-a2cb-6626f6ea3ec2,ipca-sp-1112003,1112003,4f6c22e4-6e69-40cd-a0c4-f29710f1ec77,1,549,549,2026-07-15,2026-07-13,false,true,,missing_observation,1.000000000000
2026-07-15,2026-07-14,st-marche,0491292a-4616-4040-a53d-6cd2afe5a0a2,ipca-sp-1114087,1114087,7db1d472-8a3d-45ff-ad21-634b9a986e9c,1,85290,85290,2026-07-15,2026-07-14,false,false,,,1.000000000000
2026-07-15,2026-07-14,st-marche,0493fb9c-201d-4a19-8122-2dd1f27f2b01,ipca-sp-1114087,1114087,b3ebc74e-c027-4273-b5c6-2350984cb317,1,4490,4490,2026-07-15,2026-07-13,false,true,,missing_observation,1.000000000000
2026-07-15,2026-07-14,st-marche,04e0cbb2-6dfd-4fce-b396-97606410347f,ipca-sp-1112019,1112019,4b207797-51e3-47ee-9062-97906d27182f,1,759,759,2026-07-15,2026-07-14,false,false,,,1.000000000000
2026-07-15,2026-07-14,st-marche,052c2147-b4b6-4457-9f32-c1152cffbbc1,ipca-sp-1112003,1112003,9342c16e-6d50-4e2a-b70f-94699905c850,1,1679,1679,2026-07-15,2026-07-14,false,false,,,1.000000000000
2026-07-15,2026-07-14,st-marche,0541c09f-5dea-4a7e-baca-d5cd46de3d14,ipca-sp-1114087,1114087,d1d1beb8-52e5-4a11-92e1-fa5e359f2493,1,59500,36900,2026-07-15,2026-07-14,false,false,,,1.612466124661
2026-07-15,2026-07-14,st-marche,054cee50-39b0-4f01-a34e-c823b534b51e,ipca-sp-1112018,1112018,c59b34e0-349b-4532-9d72-dbdd63b8ec3e,1,1799,1799,2026-07-15,2026-07-13,false,true,,missing_observation,1.000000000000
2026-07-15,2026-07-14,st-marche,05660d98-0fc1-4dd4-8429-eb7f6ccd490f,ipca-sp-1104032,1104032,44c0e214-824e-4b1a-8b94-7a368b04a0f2,1,2490,2490,2026-07-15,2026-07-14,false,false,,,1.000000000000
2026-07-15,2026-07-14,st-marche,057d8397-ca9e-46a4-8450-4d23639da537,ipca-sp-1112018,1112018,a56de9cf-2a0c-438d-b6d2-51b95055c538,1,1590,1590,2026-07-15,2026-07-14,false,false,,,1.000000000000
2026-07-15,2026-07-14,st-marche,058f62e7-948b-401e-9d50-9142fc2ce91e,ipca-sp-1112019,1112019,9118ab42-5f0d-4a24-887b-505540643e47,1,5490,5490,2026-07-14,2026-07-14,true,false,missing_observation,,1.000000000000
2026-07-15,2026-07-14,st-marche,059c015f-ab83-4573-b1eb-afd9b2825444,ipca-sp-1104032,1104032,5420c747-ce81-44e7-ae5e-e96c79a739cb,1,6949,6949,2026-07-15,2026-07-14,false,false,,,1.000000000000
2026-07-15,2026-07-14,st-marche,059d6480-a69f-40ff-a9eb-e21ba2c6ab91,ipca-sp-1114087,1114087,7e67a582-4cc2-4666-aaa2-e7b5587434f0,1,13990,13990,2026-07-15,2026-07-13,false,true,,missing_observation,1.000000000000
2026-07-15,2026-07-14,st-marche,05e245b0-2ae5-44c0-a4e1-a66d72360af3,ipca-sp-1102006,1102006,07fa4d92-7ba0-4bd0-9a5d-5fddf16aac0b,1,4290,4290,2026-07-15,2026-07-14,false,false,,,1.000000000000
2026-07-15,2026-07-14,st-marche,0623178f-1e3a-47d9-8444-dd6a49ae98c8,ipca-sp-1102029,1102029,1f6200fc-0060-4efc-8d52-8433c1b0c1bd,1,4290,4290,2026-07-15,2026-07-14,false,false,,,1.000000000000
2026-07-15,2026-07-14,st-marche,06c6d203-c70d-4548-9142-85733604b2a4,ipca-sp-1105001,1105001,0d60ee58-44d9-468c-9fa6-b11b1002c352,1,1499,1499,2026-07-13,2026-07-13,true,true,unavailable,unavailable,1.000000000000
2026-07-15,2026-07-14,st-marche,06cfd7b7-cfb7-4470-93b4-0928ab8052c4,ipca-sp-1104023,1104023,f2604f68-8ee8-49d2-8ced-6907a6891aa3,1,999,999,2026-07-15,2026-07-14,false,false,,,1.000000000000
2026-07-15,2026-07-14,st-marche,0767e079-c8f7-4beb-926c-1fcedabc5712,ipca-sp-1114083,1114083,1db756ea-8d2a-4683-acbd-54193d5109ee,1,259,259,2026-07-14,2026-07-14,true,false,missing_observation,,1.000000000000
2026-07-15,2026-07-14,st-marche,07828a4f-9282-47c8-885e-95494fec6c85,ipca-sp-1112019,1112019,7fa64fd3-398b-4555-b40e-5c85b355037f,1,890,890,2026-07-15,2026-07-14,false,false,,,1.000000000000
2026-07-15,2026-07-14,st-marche,07ad3d3b-06ae-4c7e-be18-28ac707ddb30,ipca-sp-1114001,1114001,8b78da0c-1917-4c46-9743-2b853d13f0ba,1,1799,1499,2026-07-15,2026-07-14,false,false,,,1.200133422282
2026-07-15,2026-07-14,st-marche,07e5b442-5d04-47f8-834d-b168e7bf7527,ipca-sp-1114087,1114087,b1920562-2139-4d8b-95a8-af0eb8d17c86,1,6890,6890,2026-07-15,2026-07-14,false,false,,,1.000000000000
2026-07-15,2026-07-14,st-marche,07ed0218-6ce0-4a16-b7f1-d2e103bd95aa,ipca-sp-1104032,1104032,93f6b08e-fc67-4b56-aee3-5aeb544c7a1a,1,3290,3290,2026-07-15,2026-07-14,false,false,,,1.000000000000
2026-07-15,2026-07-14,st-marche,080878e8-5228-404d-a258-89b0e1c330da,ipca-sp-1105001,1105001,5cd8cb84-c535-4d6c-b951-cd484511c1b7,1,1299,1299,2026-07-15,2026-07-14,false,false,,,1.000000000000
2026-07-15,2026-07-14,st-marche,082ab3d5-1964-4904-a1eb-c7aaaeef87ea,ipca-sp-1116010,1116010,a4f6bbfa-884c-4ab4-8265-c8be6252edac,1,1999,1999,2026-07-15,2026-07-14,false,false,,,1.000000000000
2026-07-15,2026-07-14,st-marche,08c620e5-e17b-4acd-86be-d23fe01e544c,ipca-sp-1114087,1114087,7098302e-6791-4e89-b525-c6cbf3531338,1,12900,12900,2026-07-15,2026-07-13,false,true,,missing_observation,1.000000000000
2026-07-15,2026-07-14,st-marche,08da0522-48f9-4445-beec-064ce9122ed0,ipca-sp-1112019,1112019,7651fccf-583e-4b06-af8e-f370423c3d09,1,3590,3590,2026-07-15,2026-07-14,false,false,,,1.000000000000
2026-07-15,2026-07-14,st-marche,08e9d360-d9a5-459c-8430-34e2e150c3fd,ipca-sp-1114083,1114083,64f90684-d475-4e79-b7e4-d855961eca82,1,749,749,2026-07-15,2026-07-14,false,false,,,1.000000000000
2026-07-15,2026-07-14,st-marche,08fc299b-c1a6-4060-b739-30f5df44db9d,ipca-sp-1104023,1104023,eef66f07-0d3c-42a7-9200-4ba22dc1ef06,1,2299,2299,2026-07-14,2026-07-14,true,false,missing_observation,,1.000000000000
2026-07-15,2026-07-14,st-marche,09109fa0-2083-4700-a60a-578bab494972,ipca-sp-1112019,1112019,c5fda391-bc83-4c6d-99ed-49c1cfbb4247,1,329,339,2026-07-15,2026-07-14,false,false,,,0.970501474926
2026-07-15,2026-07-14,st-marche,0912e73c-8156-4592-8b3c-49fccb2466f3,ipca-sp-1104032,1104032,d4bfe349-15ef-4c2c-83a1-e52226f93a25,1,3099,3099,2026-07-15,2026-07-14,false,false,,,1.000000000000
2026-07-15,2026-07-14,st-marche,092fa07b-fad8-45b3-a5a6-3cef60fdd566,ipca-sp-1111019,1111019,a2265f03-4b9a-46f0-9dc6-0b6b081fbb5e,1,829,829,2026-07-15,2026-07-14,false,false,,,1.000000000000
2026-07-15,2026-07-14,st-marche,09ab5955-5716-49f5-8ccf-072e8065c610,ipca-sp-1111011,1111011,67e91421-cd7a-40af-b0a8-2660f5053352,1,2990,2689,2026-07-15,2026-07-14,false,false,,,1.111937523243
2026-07-15,2026-07-14,st-marche,0a153959-72fc-489c-bfc0-53d7bdf7f712,ipca-sp-1114083,1114083,9b76388a-bf01-4c89-a9bc-cae8028ab305,1,399,399,2026-07-15,2026-07-14,false,false,,,1.000000000000
2026-07-15,2026-07-14,st-marche,0a273ab7-47a6-44f0-b1f0-a75876f0799a,ipca-sp-1109008,1109008,832cb143-bcb1-41f1-a5f1-79a6e8d554c2,1,5890,5890,2026-07-15,2026-07-14,false,false,,,1.000000000000
2026-07-15,2026-07-14,st-marche,0a332873-c7cb-4512-b90e-1e11360df27a,ipca-sp-1109010,1109010,a6ed8d5d-ac3d-42a9-abc5-513dc49f5956,1,3590,3590,2026-07-14,2026-07-14,true,false,missing_observation,,1.000000000000
2026-07-15,2026-07-14,st-marche,0a45f176-6840-45eb-9a4f-8904e0c16b30,ipca-sp-1114083,1114083,56c24e3f-2627-449b-82e2-6b1e56957e15,1,309,269,2026-07-15,2026-07-14,false,false,,,1.148698884758
2026-07-15,2026-07-14,st-marche,0a5a7e3c-4e7d-44ce-9494-39c458ab7f3f,ipca-sp-1108038,1108038,f874af2d-e648-4f6d-9133-8bc56552231e,1,4990,4990,2026-07-14,2026-07-14,true,false,missing_observation,,1.000000000000
2026-07-15,2026-07-14,st-marche,0a6ce406-c401-4dca-adf5-9972135709e5,ipca-sp-1104023,1104023,d2a23080-85ae-4dd8-bcf9-80f668ee8046,1,2199,2199,2026-07-15,2026-07-13,false,true,,missing_observation,1.000000000000
2026-07-15,2026-07-14,st-marche,0ae83ab7-6c74-4940-b40a-3684563e0306,ipca-sp-1108080,1108080,f62140cd-5f1e-43ae-9089-92deb90e6cd3,1,4799,4799,2026-07-14,2026-07-14,true,false,missing_observation,,1.000000000000
2026-07-15,2026-07-14,st-marche,0af82a09-d3a2-4162-8884-c34a2ab9af15,ipca-sp-1104023,1104023,d646b581-45be-4aa0-8f70-4a94a8d4f424,1,1999,1999,2026-07-15,2026-07-14,false,false,,,1.000000000000
2026-07-15,2026-07-14,st-marche,0b05a3ec-a761-43c5-b946-24d54c4afa42,ipca-sp-1104032,1104032,8e0bd052-2681-434c-ac01-f6276827f3f8,1,1890,1890,2026-07-15,2026-07-14,false,false,,,1.000000000000
2026-07-15,2026-07-14,st-marche,0b0fe35c-d512-4ea4-a941-4c492a8cf72b,ipca-sp-1114001,1114001,e65a9319-bf16-4aef-ab66-339c5ee2a73b,1,649,649,2026-07-13,2026-07-13,true,true,unavailable,unavailable,1.000000000000
2026-07-15,2026-07-14,st-marche,0b1546df-60c9-4d3c-a5c5-069c03a475aa,ipca-sp-1110010,1110010,a10dc3fe-e50d-4a2f-84a3-56eb43d873e5,1,2990,2990,2026-07-14,2026-07-14,true,false,missing_observation,,1.000000000000
2026-07-15,2026-07-14,st-marche,0b998c33-9a0f-450c-9831-3bd373b79327,ipca-sp-1111019,1111019,d1fd7096-1a2c-474a-8d17-c0e5f80d737c,1,1299,1299,2026-07-15,2026-07-13,false,true,,missing_observation,1.000000000000
2026-07-15,2026-07-14,st-marche,0ba773ab-21c5-4a88-9f17-d9e49a3f12e4,ipca-sp-1111019,1111019,4b5ad24d-b10e-4335-8c71-458835c398e1,1,999,999,2026-07-15,2026-07-13,false,true,,missing_observation,1.000000000000
2026-07-15,2026-07-14,st-marche,0bab9066-2e65-471b-b757-131736871bcc,ipca-sp-1102029,1102029,80819a4f-c71c-458a-bcd1-f7bb8081a815,1,4890,4890,2026-07-15,2026-07-14,false,false,,,1.000000000000
2026-07-15,2026-07-14,st-marche,0bf764d0-867c-4c6d-be9b-6f24f48e11ae,ipca-sp-1112003,1112003,fb4b9244-aeb1-4a19-8849-d66fd3b0f9e1,1,959,959,2026-07-13,2026-07-13,true,true,unavailable,unavailable,1.000000000000
2026-07-15,2026-07-14,st-marche,0c06ac04-b0b9-4bc1-9155-0ccc0d94946c,ipca-sp-1111004,1111004,4d93a73b-fde8-4730-9685-727d79d0dbd4,1,749,749,2026-07-15,2026-07-14,false,false,,,1.000000000000
2026-07-15,2026-07-14,st-marche,0c13aa38-36f8-4348-b720-0e53b16633a6,ipca-sp-1114087,1114087,d5ae8316-99a8-4b55-83b7-0d45b223822c,1,7990,7990,2026-07-14,2026-07-14,true,false,missing_observation,,1.000000000000
2026-07-15,2026-07-14,st-marche,0c3621e7-5fc6-4485-8cfb-37d724c8b8e9,ipca-sp-1111011,1111011,7e80db37-57d9-46ea-b44f-da10ebf046ad,1,5690,5690,2026-07-14,2026-07-14,true,false,missing_observation,,1.000000000000
2026-07-15,2026-07-14,st-marche,0c3ce604-3862-445b-a830-5f1c8bf6392e,ipca-sp-1114087,1114087,56cde3c9-8c2e-44a1-8e5a-8af7541df1a7,1,13990,13990,2026-07-14,2026-07-14,true,false,missing_observation,,1.000000000000
2026-07-16,2026-07-15,extra-mercado,003661ae-ec34-49c0-8dc4-685715191607,ipca-sp-1115057,1115057,39af085b-14be-4476-8d90-4327e1883258,1,1049,1049,2026-07-16,2026-07-15,false,false,,,1.000000000000
2026-07-16,2026-07-15,extra-mercado,00583db0-ccde-4547-b148-6501cfb72e82,ipca-sp-1112003,1112003,d3696083-e84c-448b-83cf-1dc836543867,1,339,339,2026-07-16,2026-07-14,false,true,,missing_observation,1.000000000000
2026-07-16,2026-07-15,extra-mercado,005ce635-cf48-43f7-b56a-def252c01da0,ipca-sp-1115075,1115075,00e10050-44f1-4954-99e2-b6098e10beec,1,1299,1299,2026-07-16,2026-07-15,false,false,,,1.000000000000
2026-07-16,2026-07-15,extra-mercado,00ce918f-1dff-48f3-8345-dc746ac1a335,ipca-sp-1104023,1104023,a61e6b59-d3d7-4a46-988d-19806580b0d3,1,299,299,2026-07-15,2026-07-15,true,false,missing_observation,,1.000000000000
2026-07-16,2026-07-15,extra-mercado,01037aac-0a23-4d63-80be-bd84c5faf8d6,ipca-sp-1104023,1104023,a3180eda-8c0d-403c-aa28-f04ccad26554,1,1099,599,2026-07-16,2026-07-15,false,false,,,1.834724540902
2026-07-16,2026-07-15,extra-mercado,01169273-a2b4-4e07-87a0-d73e3e9525c5,ipca-sp-1113040,1113040,68159997-3c69-4774-a36b-675e03ecc68a,1,999,999,2026-07-12,2026-07-12,true,true,missing_observation,missing_observation,1.000000000000
2026-07-16,2026-07-15,extra-mercado,0149a288-4af1-4750-80bd-d33642e363d9,ipca-sp-1112018,1112018,2b3dd5df-492d-47ed-b019-82f90d9d05ae,1,1039,1039,2026-07-13,2026-07-13,true,true,missing_observation,missing_observation,1.000000000000
2026-07-16,2026-07-15,extra-mercado,01534c4a-fcdb-409d-a2f2-902b0272c8e0,ipca-sp-1114022,1114022,d59c01c8-bd1f-4a10-b187-20f9777e6c12,1,2499,2499,2026-07-16,2026-07-15,false,false,,,1.000000000000
2026-07-16,2026-07-15,extra-mercado,01813a59-a240-46e0-9060-dd169daef59e,ipca-sp-1107018,1107018,2a5ed3d2-74d1-4544-aef2-a2611ef95458,1,2090,2090,2026-07-16,2026-07-15,false,false,,,1.000000000000
2026-07-16,2026-07-15,extra-mercado,02016470-762e-41ae-9a65-02881d2d322d,ipca-sp-1112003,1112003,7e1f13c7-4d3a-4c20-ae2b-22adcb48d4c4,1,199,199,2026-07-16,2026-07-15,false,false,,,1.000000000000
2026-07-16,2026-07-15,extra-mercado,021824a1-fe48-48f1-ad3e-856753eb1762,ipca-sp-1111019,1111019,9d2ff46d-5ba9-4b3c-8ef1-9c99bdd16bed,1,899,899,2026-07-16,2026-07-15,false,false,,,1.000000000000
2026-07-16,2026-07-15,extra-mercado,02196195-d10e-41c6-8018-616731f5184f,ipca-sp-1112003,1112003,f96626fb-5fcd-4ad3-bc1c-3ad755ee24f9,1,499,499,2026-07-14,2026-07-14,true,true,missing_observation,missing_observation,1.000000000000
2026-07-16,2026-07-15,extra-mercado,022d038b-a475-4d26-adfb-db352197a590,ipca-sp-1103028,1103028,874223b4-afa7-40cf-8095-cd6737205b29,1,649,649,2026-07-16,2026-07-15,false,false,,,1.000000000000
2026-07-16,2026-07-15,extra-mercado,024474c9-f132-450f-bb41-54a3f58305b9,ipca-sp-1111011,1111011,5228efe8-d2d9-46f0-9f92-7c363c214176,1,1390,1390,2026-07-16,2026-07-15,false,false,,,1.000000000000
2026-07-16,2026-07-15,extra-mercado,02612274-5385-4bb1-bcf4-84741670a5ed,ipca-sp-1116005,1116005,d14b68b2-407d-4c71-a768-26b8f2d4d8a5,1,2299,2299,2026-07-16,2026-07-15,false,false,,,1.000000000000
2026-07-16,2026-07-15,extra-mercado,02be7fc3-b139-49bb-8bc1-1d91a469e866,ipca-sp-1116071,1116071,a67d6668-5e98-4344-af16-ad1db54fb899,1,679,679,2026-07-16,2026-07-14,false,true,,missing_observation,1.000000000000
2026-07-16,2026-07-15,extra-mercado,032bbe1e-1a30-4ecb-bee4-d82cae47fdf6,ipca-sp-1114084,1114084,d870221b-5e8f-4a8d-9786-c9bd641935f2,1,978,978,2026-07-16,2026-07-14,false,true,,missing_observation,1.000000000000
2026-07-16,2026-07-15,extra-mercado,032f59d3-efcc-4bdf-bf95-7b3a261ccfed,ipca-sp-1112018,1112018,b153ed9f-24d9-479c-8296-ba31b502144b,1,849,849,2026-07-16,2026-07-15,false,false,,,1.000000000000
2026-07-16,2026-07-15,extra-mercado,035bda36-9766-47fc-81a2-4700d214a0e6,ipca-sp-1104023,1104023,dc7e5ad7-1651-4301-9200-94f2519c979f,1,899,899,2026-07-16,2026-07-15,false,false,,,1.000000000000
2026-07-16,2026-07-15,extra-mercado,036ebaba-9d56-4421-8830-8b9e2d982251,ipca-sp-1102006,1102006,2b854582-b55d-483c-b40a-6a87a5ed0400,1,399,399,2026-07-15,2026-07-15,true,false,missing_observation,,1.000000000000
2026-07-16,2026-07-15,extra-mercado,03773828-d0ca-4940-a3cd-19d34bb6b9f3,ipca-sp-1110009,1110009,d056e21e-4b2b-4789-aea2-0ce15ef0c6dd,1,5496,5496,2026-07-15,2026-07-15,true,false,missing_observation,,1.000000000000
2026-07-16,2026-07-15,extra-mercado,03c19109-a74d-4783-ba0d-638ca00ebed4,ipca-sp-1105012,1105012,7e440d0c-eae2-467a-ad5c-9961445ebfbd,1,1799,1799,2026-07-16,2026-07-15,false,false,,,1.000000000000
2026-07-16,2026-07-15,extra-mercado,03d86dba-175f-4ff9-8a1f-b9c9b29dcef6,ipca-sp-1111019,1111019,54124836-1349-4c3f-be94-7bdc944a2f26,1,829,829,2026-07-16,2026-07-15,false,false,,,1.000000000000
2026-07-16,2026-07-15,extra-mercado,03e45f4d-8914-42b4-b166-ea49e20de4b1,ipca-sp-1103044,1103044,5ce875e2-999c-40f1-b214-64dc2bca6a16,1,899,899,2026-07-14,2026-07-14,true,true,missing_observation,missing_observation,1.000000000000
2026-07-16,2026-07-15,extra-mercado,040b979e-41ff-4af1-9df2-c82165432f07,ipca-sp-1116005,1116005,eb573bd4-bd6e-42ef-8693-045644047b10,1,1849,1849,2026-07-16,2026-07-15,false,false,,,1.000000000000
2026-07-16,2026-07-15,extra-mercado,044ec551-9c41-4604-b9f2-ffb81663c67d,ipca-sp-1113013,1113013,2947300f-3671-4870-a145-6d49a70fee1f,1,779,779,2026-07-16,2026-07-15,false,false,,,1.000000000000
2026-07-16,2026-07-15,extra-mercado,051b7650-ab48-48a3-b447-4558f296762b,ipca-sp-1110010,1110010,7bfcb8cf-e422-4807-842b-20ffd044fded,1,2390,2390,2026-07-16,2026-07-14,false,true,,missing_observation,1.000000000000
2026-07-16,2026-07-15,extra-mercado,05b9b382-0cbb-47fa-8041-b1d9197736ad,ipca-sp-1111019,1111019,849860b4-5e11-4cd1-82cc-f1510d300469,1,949,949,2026-07-16,2026-07-15,false,false,,,1.000000000000
2026-07-16,2026-07-15,extra-mercado,05fb9222-69e9-4909-b248-fe5642f6047f,ipca-sp-1115016,1115016,368bdb47-ebbe-47f4-abf0-dbe793468880,1,2899,2899,2026-07-15,2026-07-15,true,false,missing_observation,,1.000000000000
2026-07-16,2026-07-15,extra-mercado,064ae9a8-63df-4bcd-8c6d-d05c84f23442,ipca-sp-1107095,1107095,34422277-b5dc-41f2-a20d-f0f96ab1b344,1,2214,2214,2026-07-16,2026-07-15,false,false,,,1.000000000000
2026-07-16,2026-07-15,extra-mercado,06638acf-d5b5-45cc-a79b-87d3a479d1ad,ipca-sp-1114001,1114001,0013d211-01f3-4b62-9063-bede34e08151,1,2199,2199,2026-07-14,2026-07-14,true,true,missing_observation,missing_observation,1.000000000000
2026-07-16,2026-07-15,extra-mercado,067cae27-9859-4a77-be16-3e7dfe460979,ipca-sp-1111019,1111019,09bb0d4b-1083-4984-8c9f-475cb79fb422,1,379,379,2026-07-16,2026-07-15,false,false,,,1.000000000000
2026-07-16,2026-07-15,extra-mercado,0684a9d3-b9c4-4276-bec3-0b8e7b2c4ef8,ipca-sp-1104023,1104023,f8d72931-3aa2-4dce-b3c5-2507ac4f4604,1,699,799,2026-07-16,2026-07-14,false,true,,missing_observation,0.874843554443
2026-07-16,2026-07-15,extra-mercado,06c7dca2-9750-4319-95ee-b927b4249923,ipca-sp-1112018,1112018,cffa458f-b4c3-44e7-941b-06d67e250fab,1,1499,1499,2026-07-14,2026-07-14,true,true,missing_observation,missing_observation,1.000000000000
2026-07-16,2026-07-15,extra-mercado,06edac41-bdec-4990-8bdb-9a24246144bc,ipca-sp-1104023,1104023,ff8be7bd-d1b1-4bd5-aa43-12a7732b722d,1,1149,1149,2026-07-16,2026-07-15,false,false,,,1.000000000000
2026-07-16,2026-07-15,extra-mercado,0713139b-0947-4cab-94ed-a78cbbc4e90b,ipca-sp-1114083,1114083,391bac2b-fc61-4247-8797-4fbbd8c7ad57,1,179,179,2026-07-16,2026-07-14,false,true,,missing_observation,1.000000000000
2026-07-16,2026-07-15,extra-mercado,071b4123-63c7-4c63-bcdb-1e6601f6992e,ipca-sp-1112003,1112003,de4a59b6-2686-41cc-ab4a-f873b8d71722,1,345,345,2026-07-16,2026-07-15,false,false,,,1.000000000000
2026-07-16,2026-07-15,extra-mercado,07252e95-858a-42af-9fdf-21209edc5115,ipca-sp-1102006,1102006,35b20945-ccb9-433b-8d4b-5ca7fa9b84bd,1,669,669,2026-07-16,2026-07-15,false,false,,,1.000000000000
2026-07-16,2026-07-15,extra-mercado,0755b821-b71d-4470-9333-8d03966f670b,ipca-sp-1112018,1112018,5a52f0c4-f8d2-4757-9d41-65e8f5a0cc66,1,1149,1149,2026-07-13,2026-07-13,true,true,missing_observation,missing_observation,1.000000000000
2026-07-16,2026-07-15,extra-mercado,079c5819-b315-4efb-8052-90745be8458b,ipca-sp-1114083,1114083,48813a8d-c0cd-4d2a-9e70-2bd86d553c9e,1,1049,1049,2026-07-16,2026-07-14,false,true,,missing_observation,1.000000000000
2026-07-16,2026-07-15,extra-mercado,0809d1ef-6cd7-4ee4-9334-245d306c9b09,ipca-sp-1114083,1114083,c5fa3152-5427-44ba-81eb-547834ca7801,1,309,309,2026-07-16,2026-07-14,false,true,,missing_observation,1.000000000000
2026-07-16,2026-07-15,extra-mercado,08134ecf-bef0-4776-b1ec-f14ef3645413,ipca-sp-1111019,1111019,9159f4fb-6a15-4f02-928c-ec32d81ceb9b,1,999,999,2026-07-15,2026-07-15,true,false,missing_observation,,1.000000000000
2026-07-16,2026-07-15,extra-mercado,08202e10-7249-4e7e-a879-855855b6ac6a,ipca-sp-1111011,1111011,1899c57c-884d-4dba-8138-76cc0915b29d,1,2390,2390,2026-07-16,2026-07-15,false,false,,,1.000000000000
2026-07-16,2026-07-15,extra-mercado,0831447a-7f40-467a-9e68-8333e166ab0c,ipca-sp-1111019,1111019,0a019f44-fb43-47fa-a657-864925613c64,1,329,329,2026-07-16,2026-07-14,false,true,,missing_observation,1.000000000000
2026-07-16,2026-07-15,extra-mercado,0884eb56-6faf-48b5-8c1b-9938dd39a706,ipca-sp-1116010,1116010,fb578530-d761-442d-bc5f-99a93b2a40b4,1,1490,1490,2026-07-16,2026-07-15,false,false,,,1.000000000000
2026-07-16,2026-07-15,extra-mercado,08d3e2bf-7074-4f60-9c8d-56cec36c21a5,ipca-sp-1114084,1114084,bba00f23-2cb8-44e2-bdac-fd3da379eb98,1,359,359,2026-07-16,2026-07-14,false,true,,missing_observation,1.000000000000
2026-07-16,2026-07-15,extra-mercado,0921cd34-0886-4a27-ada7-626620dbc05d,ipca-sp-1111019,1111019,c83627a3-ac2c-47e4-86f3-19144a0072ac,1,1849,1849,2026-07-16,2026-07-15,false,false,,,1.000000000000
2026-07-16,2026-07-15,extra-mercado,097b9835-d622-4bb8-935e-741207be589c,ipca-sp-1103003,1103003,afbfa3cb-0bd7-4a41-8b5d-6d70dd9e0190,1,1850,1850,2026-07-11,2026-07-11,true,true,missing_observation,missing_observation,1.000000000000
2026-07-16,2026-07-15,extra-mercado,097f778b-1044-41ad-9bb1-bfe7416faf78,ipca-sp-1111019,1111019,c80a3ba2-d2b4-4ac9-ae2b-445289c44196,1,489,489,2026-07-15,2026-07-15,true,false,missing_observation,,1.000000000000
2026-07-16,2026-07-15,extra-mercado,099edcd2-c4f5-4114-97bb-e9e8f547060a,ipca-sp-1102006,1102006,91a88dd2-091f-42f1-8110-33cb1ba8771d,1,879,879,2026-07-16,2026-07-15,false,false,,,1.000000000000
2026-07-16,2026-07-15,extra-mercado,09be12db-5e0a-427d-bce7-83b97c80079f,ipca-sp-1111009,1111009,176e414a-b685-451f-95a3-75560bfde0d5,1,1999,1999,2026-07-16,2026-07-15,false,false,,,1.000000000000
2026-07-16,2026-07-15,extra-mercado,09de2026-590c-456c-b475-e96ffb462111,ipca-sp-1111019,1111019,6c04e770-7fbe-4ef4-9a83-bc3d6ca7cc50,1,499,499,2026-07-16,2026-07-15,false,false,,,1.000000000000
2026-07-16,2026-07-15,extra-mercado,09ee88a5-0228-4ae2-9108-63b970ac8aeb,ipca-sp-1107094,1107094,6bc979df-c329-4b1b-9a9c-5206eefb5038,1,2645,2645,2026-07-16,2026-07-15,false,false,,,1.000000000000
2026-07-16,2026-07-15,extra-mercado,09fb21c9-cfe9-4ae9-b782-62a8e145d87f,ipca-sp-1104023,1104023,062cba34-6dbc-4525-8610-3fdfe5b49275,1,829,829,2026-07-16,2026-07-15,false,false,,,1.000000000000
2026-07-16,2026-07-15,extra-mercado,0a30103b-fe88-44fe-8707-73449d93f300,ipca-sp-1112019,1112019,dc78f2a6-8dbf-4158-8e2f-4bb15f88603c,1,849,849,2026-07-16,2026-07-15,false,false,,,1.000000000000
2026-07-16,2026-07-15,extra-mercado,0a572414-1420-4389-9b1a-6c06ffb6f136,ipca-sp-1111021,1111021,a4514e44-a3d4-4541-8bd6-8a4fd8c53be4,1,1050,1050,2026-07-16,2026-07-15,false,false,,,1.000000000000
2026-07-16,2026-07-15,extra-mercado,0a70e4af-0a32-4318-9a7f-7fbacabb2f5b,ipca-sp-1102061,1102061,cc56e60e-876a-4dc5-86a6-76bd994dfe42,1,349,349,2026-07-16,2026-07-15,false,false,,,1.000000000000
2026-07-16,2026-07-15,extra-mercado,0aafad30-3193-42f5-a8a8-bfc723df1336,ipca-sp-1112019,1112019,7703d4c4-2851-48ed-a16e-d33f1b8ecc2d,1,8599,8599,2026-07-15,2026-07-15,true,false,missing_observation,,1.000000000000
2026-07-16,2026-07-15,extra-mercado,0ab43770-2867-4345-b357-1ea8404f0c64,ipca-sp-1112018,1112018,5f1c7ba0-063f-43f1-8528-bb3fc89974c0,1,1129,1129,2026-07-11,2026-07-11,true,true,missing_observation,missing_observation,1.000000000000
2026-07-16,2026-07-15,extra-mercado,0ac7977e-3d8b-4805-a407-086ba42ecce3,ipca-sp-1109007,1109007,d4442ab7-dba4-4f40-b21d-9ca3190ba534,1,1450,1450,2026-07-13,2026-07-13,true,true,missing_observation,missing_observation,1.000000000000
2026-07-16,2026-07-15,extra-mercado,0ad908b8-8f95-43dd-9f6a-e053c52889c7,ipca-sp-1107018,1107018,55f24595-afc7-4c34-a421-052148910b9a,1,1492,1492,2026-07-16,2026-07-15,false,false,,,1.000000000000
2026-07-16,2026-07-15,extra-mercado,0b4e8f98-6d1a-4190-bbcc-8852b4d2f510,ipca-sp-1109008,1109008,cd47766c-8f33-4303-bdd4-4b399b4f07fa,1,2290,2290,2026-07-12,2026-07-12,true,true,missing_observation,missing_observation,1.000000000000
2026-07-16,2026-07-15,extra-mercado,0b769a25-3971-472a-a6a8-fd6576e4f380,ipca-sp-1111019,1111019,66efff47-b27e-457c-a9c1-f5b33e86ea50,1,1749,1749,2026-07-16,2026-07-15,false,false,,,1.000000000000
2026-07-16,2026-07-15,extra-mercado,0c37a558-cb7a-4fe8-a13f-fc0c3e97c2e9,ipca-sp-1112003,1112003,c40a2e86-7b11-4519-b892-fda3e03dc9e2,1,479,479,2026-07-16,2026-07-15,false,false,,,1.000000000000
2026-07-16,2026-07-15,extra-mercado,0c6893cb-d6a9-491e-b8b8-919fa9517edd,ipca-sp-1111011,1111011,efe57fa0-7105-435f-943e-c6da49b7ecbd,1,3090,3090,2026-07-16,2026-07-15,false,false,,,1.000000000000
2026-07-16,2026-07-15,pao-de-acucar,002f788b-8705-40f5-908a-6fed0f571307,ipca-sp-1114087,1114087,4d677e57-a403-4306-9f84-dfd60510941b,1,11990,11990,2026-07-16,2026-07-15,false,false,,,1.000000000000
2026-07-16,2026-07-15,pao-de-acucar,00521fbb-191c-4e59-beaf-4520cac3071c,ipca-sp-1104023,1104023,33bcbbbb-2752-4e96-b73b-b810fc4dd95c,1,4399,4399,2026-07-16,2026-07-15,false,false,,,1.000000000000
2026-07-16,2026-07-15,pao-de-acucar,007dfb1d-859c-449f-b4f6-6cea756052f8,ipca-sp-1113014,1113014,addf0f8c-1383-4d5e-a239-0350686e83f2,1,2499,2499,2026-07-15,2026-07-15,true,false,missing_observation,,1.000000000000
2026-07-16,2026-07-15,pao-de-acucar,00d9c3d1-206b-4e57-aec1-7a3b11064904,ipca-sp-1116041,1116041,4cbf7e0c-b071-4337-ba97-1aa34d98e06b,1,2799,2799,2026-07-11,2026-07-11,true,true,missing_observation,missing_observation,1.000000000000
2026-07-16,2026-07-15,pao-de-acucar,0116192a-496f-46bf-b58e-b78e4a3625c3,ipca-sp-1104052,1104052,a8c492c7-3b65-47fd-be9c-a3b7f9595db0,1,1949,999,2026-07-16,2026-07-15,false,false,,,1.950950950951
2026-07-16,2026-07-15,pao-de-acucar,016805e5-2fda-4527-a622-9626f01408e2,ipca-sp-1107084,1107084,b836a981-bb3b-4e1a-b7b8-dc62e051a1aa,1,3774,3774,2026-07-15,2026-07-15,true,false,missing_observation,,1.000000000000
2026-07-16,2026-07-15,pao-de-acucar,0191dedf-d59a-4645-ba62-44e63ece45ae,ipca-sp-1111011,1111011,d4b96487-2d6d-4846-b909-73c31a3596ed,1,5990,5990,2026-07-16,2026-07-15,false,false,,,1.000000000000
2026-07-16,2026-07-15,pao-de-acucar,019c2a78-0f44-4b01-94b9-598afb9ffa99,ipca-sp-1104032,1104032,057b2171-4bea-46ce-8dc6-a89327002743,1,4199,4199,2026-07-16,2026-07-15,false,false,,,1.000000000000
2026-07-16,2026-07-15,pao-de-acucar,01b91bf6-05be-4482-ad18-85a5e620e655,ipca-sp-1107084,1107084,bb6d7291-5bfb-47e1-81c5-cf77162be32b,1,8388,8388,2026-07-16,2026-07-15,false,false,,,1.000000000000
2026-07-16,2026-07-15,pao-de-acucar,01b9226a-fc7c-479c-9057-c8660bb8b8f4,ipca-sp-1109008,1109008,31f7d472-b6bc-4582-92d6-74c4de7fca38,1,2890,2890,2026-07-15,2026-07-15,true,false,missing_observation,,1.000000000000
2026-07-16,2026-07-15,pao-de-acucar,01bbe405-87ba-4f28-a003-8f3890dd0463,ipca-sp-1104032,1104032,b1e5fe7b-60e6-45fb-808c-dcbed2999ff2,1,3499,3499,2026-07-15,2026-07-15,true,false,missing_observation,,1.000000000000
2026-07-16,2026-07-15,pao-de-acucar,01f15904-aba8-41ca-be31-0615f22924ea,ipca-sp-1116041,1116041,237d6230-c4c8-4e2c-adc6-4382f2ed5646,1,3479,3479,2026-07-12,2026-07-12,true,true,missing_observation,missing_observation,1.000000000000
2026-07-16,2026-07-15,pao-de-acucar,01fd89ad-fa6d-45c1-9a5e-36a17fab2d65,ipca-sp-1108075,1108075,18cf464d-0b6d-433d-ade9-36a427717259,1,3897,3897,2026-07-15,2026-07-15,true,false,missing_observation,,1.000000000000
2026-07-16,2026-07-15,pao-de-acucar,01fe24b8-7058-4d34-99db-b55bb4ec7480,ipca-sp-1111011,1111011,016b4f0d-1bc4-4419-840e-e27812219f42,1,3062,3062,2026-07-15,2026-07-15,true,false,missing_observation,,1.000000000000
2026-07-16,2026-07-15,pao-de-acucar,020ab5af-c580-4faa-ba2e-8e5d9d2dda96,ipca-sp-1104032,1104032,1151cd8d-b991-4ba0-b91b-b8f5ee099600,1,4999,4999,2026-07-12,2026-07-12,true,true,missing_observation,missing_observation,1.000000000000
2026-07-16,2026-07-15,pao-de-acucar,022d31f6-c6c6-4e00-bc0f-79816a7e17f7,ipca-sp-1107018,1107018,ca4fbefc-2468-4155-be22-5889e03c426c,1,2632,2632,2026-07-16,2026-07-14,false,true,,missing_observation,1.000000000000
2026-07-16,2026-07-15,pao-de-acucar,0236311a-d54e-444d-a699-17615669c38b,ipca-sp-1112003,1112003,e38f9ffb-0389-4813-9496-2876933f400a,1,2999,2999,2026-07-16,2026-07-14,false,true,,missing_observation,1.000000000000
2026-07-16,2026-07-15,pao-de-acucar,02570816-33e6-42ec-aa0d-b684f72d2649,ipca-sp-1111011,1111011,afe2c588-8d5f-442f-a483-58c603d627f0,1,2598,2598,2026-07-16,2026-07-14,false,true,,missing_observation,1.000000000000
2026-07-16,2026-07-15,pao-de-acucar,0296bfb7-939a-4e6c-a7b9-d97ad6477d6b,ipca-sp-1116010,1116010,af4fd995-b67a-4645-8779-e9d9d8ffe8e3,1,2999,2999,2026-07-15,2026-07-15,true,false,missing_observation,,1.000000000000
2026-07-16,2026-07-15,pao-de-acucar,02eee105-76db-4fff-80c0-288a0b7783c1,ipca-sp-1116041,1116041,e0a0d73b-c662-49bb-9736-c9b1e747f537,1,499,499,2026-07-16,2026-07-15,false,false,,,1.000000000000
2026-07-16,2026-07-15,pao-de-acucar,0337084f-c4e5-4b14-8120-9becba3166e8,ipca-sp-1101002,1101002,052936ed-7a2e-48bf-a7b3-f0f40da224d6,1,2399,2399,2026-07-16,2026-07-14,false,true,,missing_observation,1.000000000000
2026-07-16,2026-07-15,pao-de-acucar,034b7844-4294-4fe0-89f1-92b8f84356e9,ipca-sp-1114087,1114087,f005fb6c-aba4-408e-93af-01daf0433cd1,1,114990,114990,2026-07-16,2026-07-15,false,false,,,1.000000000000
2026-07-16,2026-07-15,pao-de-acucar,03ac8aef-c9c1-4cdd-b2a8-83fdb888ffc8,ipca-sp-1107084,1107084,1a0ddf0a-01b2-464d-ac7f-89d7022d22a3,1,12585,12585,2026-07-16,2026-07-11,false,true,,missing_observation,1.000000000000
2026-07-16,2026-07-15,pao-de-acucar,03fc2c88-ed58-4487-8b05-d020524ca7dc,ipca-sp-1107084,1107084,3475ad07-6f50-4b85-b54f-9e1d3a6227e7,1,4195,4195,2026-07-16,2026-07-15,false,false,,,1.000000000000
2026-07-16,2026-07-15,pao-de-acucar,042126f0-fadf-489c-aac3-32f0429c87f7,ipca-sp-1112003,1112003,3e3bc812-8e4c-4de4-b3fd-9cd6d3c11e27,1,2899,2899,2026-07-15,2026-07-15,true,false,missing_observation,,1.000000000000
2026-07-16,2026-07-15,pao-de-acucar,042321b4-e7fb-4bf5-94f9-dae0eacf5477,ipca-sp-1104023,1104023,e74367f4-a94e-4fc5-b9df-f7e2789c5410,1,4999,4999,2026-07-16,2026-07-15,false,false,,,1.000000000000
2026-07-16,2026-07-15,pao-de-acucar,04304dc9-4cd4-4dd0-a217-53db386e848d,ipca-sp-1103020,1103020,26b73700-1849-41e9-a13f-dc9bec269f20,1,2190,2190,2026-07-16,2026-07-14,false,true,,missing_observation,1.000000000000
2026-07-16,2026-07-15,pao-de-acucar,04351a29-5c2d-44d2-be66-e4e427796871,ipca-sp-1104052,1104052,e8edcbec-24c6-4e19-b746-18e03aa248a1,1,2469,2499,2026-07-16,2026-07-14,false,true,,missing_observation,0.987995198079
2026-07-16,2026-07-15,pao-de-acucar,0452a15b-9fd2-420e-b4a7-346ffef935f8,ipca-sp-1107093,1107093,43340968-e6d7-48ad-8ab8-67ccd6fa5cf0,1,3890,3890,2026-07-15,2026-07-15,true,false,missing_observation,,1.000000000000
2026-07-16,2026-07-15,pao-de-acucar,0454f3b8-d447-4572-a572-d1c144d1b055,ipca-sp-1114087,1114087,edf1ce20-a28d-41f2-803d-276a70258470,1,23990,23990,2026-07-16,2026-07-15,false,false,,,1.000000000000
2026-07-16,2026-07-15,pao-de-acucar,047de0c1-56b8-4ebe-a193-9761de48bb31,ipca-sp-1107018,1107018,7bc2e050-2960-4f98-95af-3a230bfc1737,1,2390,2390,2026-07-16,2026-07-14,false,true,,missing_observation,1.000000000000
2026-07-16,2026-07-15,pao-de-acucar,047ec55a-f9a5-465a-ad9d-e604a3f7e3ad,ipca-sp-1114022,1114022,4b946386-6022-4e64-bf86-2db4ceebf6eb,1,3999,3999,2026-07-15,2026-07-15,true,false,missing_observation,,1.000000000000
2026-07-16,2026-07-15,pao-de-acucar,04c1540e-5ce8-4305-9e34-763b514e8b80,ipca-sp-1103003,1103003,fda88de0-dc96-49be-8d03-bbc1b1c042af,1,2490,2490,2026-07-16,2026-07-14,false,true,,missing_observation,1.000000000000
2026-07-16,2026-07-15,pao-de-acucar,04e31e71-a0ef-4ce4-bfd7-40f6ae00ea0f,ipca-sp-1110044,1110044,144c36f7-2039-4d1f-ac91-4ed510de15f5,1,2699,2699,2026-07-16,2026-07-14,false,true,,missing_observation,1.000000000000
2026-07-16,2026-07-15,pao-de-acucar,04e91806-b67e-4cf0-a908-10124c4ef796,ipca-sp-1101002,1101002,d3a49cb6-5593-4e33-8e4c-d2ca338236f4,1,2699,2799,2026-07-16,2026-07-15,false,false,,,0.964272954627
2026-07-16,2026-07-15,pao-de-acucar,04fa6f9c-0654-43b4-b3b8-5dc4170d716d,ipca-sp-1110010,1110010,7b372abf-4821-42bf-8cc5-c18708994ae6,1,3990,3990,2026-07-15,2026-07-15,true,false,missing_observation,,1.000000000000
2026-07-16,2026-07-15,pao-de-acucar,050fadc2-81f6-485c-ab5e-f63003c6bf81,ipca-sp-1103028,1103028,f7a7da7a-5439-490b-9372-136af3515e37,1,2499,2499,2026-07-16,2026-07-14,false,true,,missing_observation,1.000000000000
2026-07-16,2026-07-15,pao-de-acucar,0542f469-9781-4e52-917f-3c78f570dea0,ipca-sp-1102029,1102029,7fb484cd-7e13-4b4b-9be5-7fd5e3bbe96a,1,4490,4490,2026-07-16,2026-07-15,false,false,,,1.000000000000
2026-07-16,2026-07-15,pao-de-acucar,054780fe-ba6a-45c4-9df2-5b31eb4afd70,ipca-sp-1107084,1107084,14dd8442-7e40-4d9a-a3a3-823b8f064d81,1,13485,13485,2026-07-16,2026-07-15,false,false,,,1.000000000000
2026-07-16,2026-07-15,pao-de-acucar,05729032-9d75-4bca-b39b-e693eaacb0a2,ipca-sp-1109008,1109008,59891f7c-1736-42c1-838e-0b8b6ae69e1a,1,2990,2990,2026-07-15,2026-07-15,true,false,missing_observation,,1.000000000000
2026-07-16,2026-07-15,pao-de-acucar,0631f55c-8153-4e2c-8add-d6d9e9ab6732,ipca-sp-1114087,1114087,a69fb312-1f4b-4ef3-8f77-82eb1ff7d95b,1,19990,19990,2026-07-16,2026-07-15,false,false,,,1.000000000000
2026-07-16,2026-07-15,pao-de-acucar,068a8085-76db-488e-8f3c-a12c3563562b,ipca-sp-1107018,1107018,acc548ef-9f2b-42c5-bf78-fb46e7e09b27,1,1529,1529,2026-07-16,2026-07-15,false,false,,,1.000000000000
2026-07-16,2026-07-15,pao-de-acucar,06d3c556-68ef-4b8c-b915-8bbb446f4260,ipca-sp-1106018,1106018,cffc3698-525b-41fb-b8ba-718650bf5174,1,2999,2999,2026-07-13,2026-07-13,true,true,missing_observation,missing_observation,1.000000000000
2026-07-16,2026-07-15,pao-de-acucar,06fef651-e417-4d37-98e8-770ed80f347b,ipca-sp-1114022,1114022,d62baea2-4c78-458e-a872-6e90ef1d318a,1,2399,2399,2026-07-16,2026-07-14,false,true,,missing_observation,1.000000000000
2026-07-16,2026-07-15,pao-de-acucar,07912a21-641e-45dd-8ea3-9cad6bacf469,ipca-sp-1114022,1114022,494b035c-465a-496c-b250-a52381b5f8a6,1,2499,2499,2026-07-16,2026-07-14,false,true,,missing_observation,1.000000000000
2026-07-16,2026-07-15,pao-de-acucar,07bdaf56-ba3e-4cc2-b640-7b599fb05de6,ipca-sp-1109008,1109008,09a162cd-c339-4d1e-8cf2-b8812d53b995,1,2690,2690,2026-07-16,2026-07-14,false,true,,missing_observation,1.000000000000
2026-07-16,2026-07-15,pao-de-acucar,07e575b5-392f-4021-9253-82322cefd650,ipca-sp-1111011,1111011,a6bfb907-bc16-46ed-be0d-7bf00d1f39b6,1,2490,2490,2026-07-16,2026-07-14,false,true,,missing_observation,1.000000000000
2026-07-16,2026-07-15,pao-de-acucar,07f56022-5d57-40f0-a719-06f14d519b60,ipca-sp-1111011,1111011,53b4578d-bbcd-4e4d-8cf9-4b8246f422cf,1,6291,6291,2026-07-16,2026-07-15,false,false,,,1.000000000000
2026-07-16,2026-07-15,pao-de-acucar,085c1b0e-951f-465a-90b3-fde1c23e42a9,ipca-sp-1116071,1116071,2dead0d5-e738-48fe-a230-3be29073be50,1,2599,2599,2026-07-14,2026-07-14,true,true,missing_observation,missing_observation,1.000000000000
2026-07-16,2026-07-15,pao-de-acucar,0866e4eb-0d42-4765-a45b-d71208661f07,ipca-sp-1112019,1112019,502aa2cc-b101-4538-9e46-4d265f13ca86,1,8789,8789,2026-07-16,2026-07-15,false,false,,,1.000000000000
2026-07-16,2026-07-15,pao-de-acucar,089dfc51-6f1d-4161-8030-febdbbf500a3,ipca-sp-1114087,1114087,22a6d347-9af9-463b-98a1-24b15eb7b43e,1,16990,16990,2026-07-16,2026-07-15,false,false,,,1.000000000000
2026-07-16,2026-07-15,pao-de-acucar,08e62cc9-5dc3-4b49-89c4-1346578830c1,ipca-sp-1115016,1115016,290a2bc8-723e-4243-bb39-4cc504ebd588,1,3699,3699,2026-07-15,2026-07-15,true,false,missing_observation,,1.000000000000
2026-07-16,2026-07-15,pao-de-acucar,08efdb2b-ff09-458e-ac4c-313d1443322c,ipca-sp-1109008,1109008,6dd77e05-566d-48a4-a757-e131fb709186,1,2890,2890,2026-07-15,2026-07-15,true,false,missing_observation,,1.000000000000
2026-07-16,2026-07-15,pao-de-acucar,090e6448-da0e-46e9-be79-18174382b7a5,ipca-sp-1111011,1111011,bf292d0d-9c7b-45f5-808f-2a88b53963b7,1,3790,3790,2026-07-15,2026-07-15,true,false,missing_observation,,1.000000000000
2026-07-16,2026-07-15,pao-de-acucar,0949f121-b650-41f2-81bf-af9195987b79,ipca-sp-1111019,1111019,e5f507aa-4868-4bf1-9f0d-1a926549ecee,1,3799,3799,2026-07-15,2026-07-15,true,false,missing_observation,,1.000000000000
2026-07-16,2026-07-15,pao-de-acucar,099f05a2-03be-4bb5-95fb-916373d007b1,ipca-sp-1112003,1112003,bed5c507-2993-4c4d-806a-be64be5772d8,1,2899,2899,2026-07-15,2026-07-15,true,false,missing_observation,,1.000000000000
2026-07-16,2026-07-15,pao-de-acucar,09cb93f2-66b9-4b4d-9bfe-e2ce3a61e80d,ipca-sp-1111009,1111009,283f35a6-feb1-4c5b-acb8-287423edf2f6,1,1999,2499,2026-07-16,2026-07-14,false,true,,missing_observation,0.799919967987
2026-07-16,2026-07-15,pao-de-acucar,09e4fc3e-2792-412d-8e30-68937ed93614,ipca-sp-1108075,1108075,52cfe7d3-6228-48f8-8efe-ac87c6788e2b,1,2890,2890,2026-07-15,2026-07-15,true,false,missing_observation,,1.000000000000
2026-07-16,2026-07-15,pao-de-acucar,0a5a04d0-d38e-4f90-af3f-ff8a95c1552b,ipca-sp-1104032,1104032,b6e64568-718f-4628-8a6d-8fb8dc767d14,1,4199,4199,2026-07-16,2026-07-15,false,false,,,1.000000000000
2026-07-16,2026-07-15,pao-de-acucar,0a82bb1e-5574-44c2-a3f4-76185723245a,ipca-sp-1111009,1111009,71be1257-977e-4911-bef1-cebf3d1438c2,1,3499,3499,2026-07-15,2026-07-15,true,false,missing_observation,,1.000000000000
2026-07-16,2026-07-15,pao-de-acucar,0a9044dd-a9ff-4942-ad1d-13a306e48bf7,ipca-sp-1114087,1114087,9b49bd39-f786-453e-832b-f4a2907c9d7e,1,18990,18990,2026-07-16,2026-07-15,false,false,,,1.000000000000
2026-07-16,2026-07-15,pao-de-acucar,0aa9ecc9-e80f-4e0e-ae70-f84cf4b3deab,ipca-sp-1113014,1113014,b56c31cb-4fd3-49f4-94ea-cc69c8d90ec5,1,10990,10990,2026-07-16,2026-07-15,false,false,,,1.000000000000
2026-07-16,2026-07-15,pao-de-acucar,0ac923ca-d313-4ea3-ae2f-710cc7a52a2c,ipca-sp-1104032,1104032,8f6b2919-a3cd-4bc3-84c2-efe9f6436dcf,1,2799,2799,2026-07-16,2026-07-14,false,true,,missing_observation,1.000000000000
2026-07-16,2026-07-15,pao-de-acucar,0acaef50-b95b-40c6-80e6-aa4c7348e485,ipca-sp-1111019,1111019,7f43b238-3f8f-4f18-9ded-d9593a56f8ae,1,9693,9693,2026-07-16,2026-07-15,false,false,,,1.000000000000
2026-07-16,2026-07-15,pao-de-acucar,0b22f810-be98-42f3-8b74-74693e06eff3,ipca-sp-1114001,1114001,aaa945cc-f30a-4b06-8a75-c24b5636111d,1,4179,4179,2026-07-16,2026-07-15,false,false,,,1.000000000000
2026-07-16,2026-07-15,pao-de-acucar,0b488407-be3d-4980-a729-27ef81595696,ipca-sp-1104023,1104023,81ea57dc-c3c4-4d4b-96ef-d4c10cb7fce8,1,2199,2199,2026-07-16,2026-07-14,false,true,,missing_observation,1.000000000000
2026-07-16,2026-07-15,pao-de-acucar,0b4cf70b-ecbe-440f-a522-8204beba3362,ipca-sp-1104023,1104023,82674c29-eda6-4c3c-ad0a-459933e137a8,1,2399,2399,2026-07-16,2026-07-14,false,true,,missing_observation,1.000000000000
2026-07-16,2026-07-15,pao-de-acucar,0b6ca4fd-aa49-4c0a-991d-4132899f4615,ipca-sp-1112019,1112019,18b27649-70b7-439a-a986-d39866a27dde,1,11868,11868,2026-07-16,2026-07-15,false,false,,,1.000000000000
2026-07-16,2026-07-15,pao-de-acucar,0b79f9cb-bd73-4e6b-9df7-42d4c4bdcc09,ipca-sp-1104032,1104032,bc82f466-aeb6-4459-93b7-ea4ab67f0e38,1,2190,3099,2026-07-16,2026-07-14,false,true,,missing_observation,0.706679574056
2026-07-16,2026-07-15,pao-de-acucar,0b817281-32be-4c53-b6a2-f01fb970a7c7,ipca-sp-1109007,1109007,3df8a800-945d-40be-b56d-2b322d59d6e0,1,1579,1579,2026-07-16,2026-07-15,false,false,,,1.000000000000
2026-07-16,2026-07-15,pao-de-acucar,0b9af65b-5d4f-4715-89c8-13a36c82973c,ipca-sp-1107018,1107018,683adb2a-05ca-4975-99a4-f6539979330d,1,4995,4995,2026-07-16,2026-07-15,false,false,,,1.000000000000
2026-07-16,2026-07-15,pao-de-acucar,0ba3ecc9-3a11-40ba-bc7f-ced082617870,ipca-sp-1114001,1114001,22b8e0ba-dc4e-4144-b23b-56e7b03c7106,1,11994,11994,2026-07-16,2026-07-15,false,false,,,1.000000000000
2026-07-16,2026-07-15,pao-de-acucar,0c8449ce-796b-4fd1-b2c0-6c6828456c2a,ipca-sp-1114087,1114087,79b4cbd6-2467-4e3d-b61f-aebbf334db09,1,11990,11990,2026-07-16,2026-07-15,false,false,,,1.000000000000
2026-07-16,2026-07-15,st-marche,00522a27-e5f7-4f50-8a02-9023eb4a0191,ipca-sp-1112003,1112003,c753f97f-baba-448c-980e-50b367b18aae,1,1989,1989,2026-07-16,2026-07-15,false,false,,,1.000000000000
2026-07-16,2026-07-15,st-marche,00c3a8d9-f52e-440d-b7cd-9fb2bbb0d845,ipca-sp-1102061,1102061,d93cf8c7-9077-4c95-a5ab-e58541c2e3bb,1,319,319,2026-07-16,2026-07-14,false,true,,missing_observation,1.000000000000
2026-07-16,2026-07-15,st-marche,00d66bda-5461-4416-bd6e-0145546b8df8,ipca-sp-1111004,1111004,cbfda79c-7109-4123-9c4b-fd72f2102748,1,999,999,2026-07-16,2026-07-15,false,false,,,1.000000000000
2026-07-16,2026-07-15,st-marche,00f6e658-854a-4a6c-b655-5c6f077d9da2,ipca-sp-1106019,1106019,7195c0d6-8b0d-4dfd-8864-425f7ea34508,1,1999,1999,2026-07-16,2026-07-15,false,false,,,1.000000000000
2026-07-16,2026-07-15,st-marche,0133abfd-b7f0-4f90-ad9f-17d898c060f0,ipca-sp-1109010,1109010,77bd3bb6-3418-4837-ad73-590726c0f157,1,7690,7690,2026-07-13,2026-07-13,true,true,unavailable,unavailable,1.000000000000
2026-07-16,2026-07-15,st-marche,014f56cf-0dc2-4c3e-8d4a-ad20127ec112,ipca-sp-1112003,1112003,bc56601d-fe43-44dd-8e88-2b1cde944cf6,1,559,559,2026-07-16,2026-07-15,false,false,,,1.000000000000
2026-07-16,2026-07-15,st-marche,01576508-53dd-4b42-809a-cf03418aebc6,ipca-sp-1114083,1114083,5c751c88-2356-4edc-9534-3dbdf9c6ee8d,1,329,329,2026-07-16,2026-07-14,false,true,,missing_observation,1.000000000000
2026-07-16,2026-07-15,st-marche,016753be-92f2-4c10-93c6-558330fbf975,ipca-sp-1111011,1111011,9372a1f4-e530-42c5-92e4-645da9a77029,1,9900,9900,2026-07-15,2026-07-15,true,false,missing_observation,,1.000000000000
2026-07-16,2026-07-15,st-marche,016e4960-fa51-4dab-9345-7dc354507002,ipca-sp-1116033,1116033,5110e0cd-5971-49bd-a735-bca8cebb209a,1,1649,1649,2026-07-16,2026-07-15,false,false,,,1.000000000000
2026-07-16,2026-07-15,st-marche,01c9a383-b6ee-4dc9-9ad7-35531f1dbf5d,ipca-sp-1112018,1112018,ee8c0772-cd6f-41b5-ad18-641daa1587ac,1,3929,3929,2026-07-16,2026-07-15,false,false,,,1.000000000000
2026-07-16,2026-07-15,st-marche,025a944c-5da9-4731-84b0-3f31a7037490,ipca-sp-1114087,1114087,207ef270-3c06-44b1-a021-0c4f2cdba91c,1,7990,7990,2026-07-16,2026-07-15,false,false,,,1.000000000000
2026-07-16,2026-07-15,st-marche,025ed87b-30dc-4e81-8d06-5e542d141b0d,ipca-sp-1109002,1109002,3304f028-3567-4b4d-876f-f3cfec67b2df,1,4699,4699,2026-07-16,2026-07-15,false,false,,,1.000000000000
2026-07-16,2026-07-15,st-marche,028d9bc3-a54e-4eb1-a2b2-ccedc93ca39a,ipca-sp-1102029,1102029,a8669c02-6653-40d1-a624-bbbd346a9c78,1,1749,1749,2026-07-16,2026-07-15,false,false,,,1.000000000000
2026-07-16,2026-07-15,st-marche,028f50a1-eb8c-4a79-840a-952b9aa1e0e6,ipca-sp-1114083,1114083,3c9c0d47-d08e-4da9-b385-194e33a1abc5,1,389,389,2026-07-15,2026-07-15,true,false,missing_observation,,1.000000000000
2026-07-16,2026-07-15,st-marche,029aadb2-be67-45cb-a417-ceffba6d641c,ipca-sp-1114083,1114083,c452e02d-2f64-49cd-bf87-573800867bdb,1,399,399,2026-07-16,2026-07-15,false,false,,,1.000000000000
2026-07-16,2026-07-15,st-marche,03915b6a-c624-4914-88f9-2f716da3ce77,ipca-sp-1114087,1114087,326bd068-3b61-43b0-bd29-63bd7c4ed517,1,4990,4990,2026-07-16,2026-07-15,false,false,,,1.000000000000
2026-07-16,2026-07-15,st-marche,03f43200-ed6f-41c1-bd04-a7f91c605d53,ipca-sp-1114087,1114087,52671014-018c-448f-83a3-e3e542d9648d,1,4490,4490,2026-07-16,2026-07-14,false,true,,missing_observation,1.000000000000
2026-07-16,2026-07-15,st-marche,0419aa60-79d7-4c3d-9de9-c6046af31fc7,ipca-sp-1114083,1114083,76c67d12-60c3-47f0-9733-5639f078a093,1,419,419,2026-07-16,2026-07-14,false,true,,missing_observation,1.000000000000
2026-07-16,2026-07-15,st-marche,045b1511-8898-4cc8-a2cb-6626f6ea3ec2,ipca-sp-1112003,1112003,4f6c22e4-6e69-40cd-a0c4-f29710f1ec77,1,549,549,2026-07-16,2026-07-15,false,false,,,1.000000000000
2026-07-16,2026-07-15,st-marche,0491292a-4616-4040-a53d-6cd2afe5a0a2,ipca-sp-1114087,1114087,7db1d472-8a3d-45ff-ad21-634b9a986e9c,1,85290,85290,2026-07-16,2026-07-15,false,false,,,1.000000000000
2026-07-16,2026-07-15,st-marche,0493fb9c-201d-4a19-8122-2dd1f27f2b01,ipca-sp-1114087,1114087,b3ebc74e-c027-4273-b5c6-2350984cb317,1,4490,4490,2026-07-16,2026-07-15,false,false,,,1.000000000000
2026-07-16,2026-07-15,st-marche,04e0cbb2-6dfd-4fce-b396-97606410347f,ipca-sp-1112019,1112019,4b207797-51e3-47ee-9062-97906d27182f,1,759,759,2026-07-16,2026-07-15,false,false,,,1.000000000000
2026-07-16,2026-07-15,st-marche,052c2147-b4b6-4457-9f32-c1152cffbbc1,ipca-sp-1112003,1112003,9342c16e-6d50-4e2a-b70f-94699905c850,1,1679,1679,2026-07-16,2026-07-15,false,false,,,1.000000000000
2026-07-16,2026-07-15,st-marche,0541c09f-5dea-4a7e-baca-d5cd46de3d14,ipca-sp-1114087,1114087,d1d1beb8-52e5-4a11-92e1-fa5e359f2493,1,59500,59500,2026-07-15,2026-07-15,true,false,missing_observation,,1.000000000000
2026-07-16,2026-07-15,st-marche,054cee50-39b0-4f01-a34e-c823b534b51e,ipca-sp-1112018,1112018,c59b34e0-349b-4532-9d72-dbdd63b8ec3e,1,1799,1799,2026-07-16,2026-07-15,false,false,,,1.000000000000
2026-07-16,2026-07-15,st-marche,05660d98-0fc1-4dd4-8429-eb7f6ccd490f,ipca-sp-1104032,1104032,44c0e214-824e-4b1a-8b94-7a368b04a0f2,1,2490,2490,2026-07-15,2026-07-15,true,false,missing_observation,,1.000000000000
2026-07-16,2026-07-15,st-marche,057d8397-ca9e-46a4-8450-4d23639da537,ipca-sp-1112018,1112018,a56de9cf-2a0c-438d-b6d2-51b95055c538,1,1590,1590,2026-07-15,2026-07-15,true,false,missing_observation,,1.000000000000
2026-07-16,2026-07-15,st-marche,058f62e7-948b-401e-9d50-9142fc2ce91e,ipca-sp-1112019,1112019,9118ab42-5f0d-4a24-887b-505540643e47,1,5490,5490,2026-07-16,2026-07-14,false,true,,missing_observation,1.000000000000
2026-07-16,2026-07-15,st-marche,059c015f-ab83-4573-b1eb-afd9b2825444,ipca-sp-1104032,1104032,5420c747-ce81-44e7-ae5e-e96c79a739cb,1,6949,6949,2026-07-16,2026-07-15,false,false,,,1.000000000000
2026-07-16,2026-07-15,st-marche,059d6480-a69f-40ff-a9eb-e21ba2c6ab91,ipca-sp-1114087,1114087,7e67a582-4cc2-4666-aaa2-e7b5587434f0,1,13990,13990,2026-07-16,2026-07-15,false,false,,,1.000000000000
2026-07-16,2026-07-15,st-marche,05e245b0-2ae5-44c0-a4e1-a66d72360af3,ipca-sp-1102006,1102006,07fa4d92-7ba0-4bd0-9a5d-5fddf16aac0b,1,4290,4290,2026-07-15,2026-07-15,true,false,missing_observation,,1.000000000000
2026-07-16,2026-07-15,st-marche,0623178f-1e3a-47d9-8444-dd6a49ae98c8,ipca-sp-1102029,1102029,1f6200fc-0060-4efc-8d52-8433c1b0c1bd,1,4290,4290,2026-07-15,2026-07-15,true,false,missing_observation,,1.000000000000
2026-07-16,2026-07-15,st-marche,0637adf2-77d6-47c8-a13a-fd50d50a03bf,ipca-sp-1109008,1109008,409e786b-38f7-418d-b3ec-e5eae3111e3d,1,1790,1790,2026-07-15,2026-07-15,true,false,missing_observation,,1.000000000000
2026-07-16,2026-07-15,st-marche,06c6d203-c70d-4548-9142-85733604b2a4,ipca-sp-1105001,1105001,0d60ee58-44d9-468c-9fa6-b11b1002c352,1,1499,1499,2026-07-13,2026-07-13,true,true,unavailable,unavailable,1.000000000000
2026-07-16,2026-07-15,st-marche,06cfd7b7-cfb7-4470-93b4-0928ab8052c4,ipca-sp-1104023,1104023,f2604f68-8ee8-49d2-8ced-6907a6891aa3,1,999,999,2026-07-16,2026-07-15,false,false,,,1.000000000000
2026-07-16,2026-07-15,st-marche,0767e079-c8f7-4beb-926c-1fcedabc5712,ipca-sp-1114083,1114083,1db756ea-8d2a-4683-acbd-54193d5109ee,1,259,259,2026-07-16,2026-07-14,false,true,,missing_observation,1.000000000000
2026-07-16,2026-07-15,st-marche,07828a4f-9282-47c8-885e-95494fec6c85,ipca-sp-1112019,1112019,7fa64fd3-398b-4555-b40e-5c85b355037f,1,890,890,2026-07-16,2026-07-15,false,false,,,1.000000000000
2026-07-16,2026-07-15,st-marche,07ad3d3b-06ae-4c7e-be18-28ac707ddb30,ipca-sp-1114001,1114001,8b78da0c-1917-4c46-9743-2b853d13f0ba,1,1799,1799,2026-07-16,2026-07-15,false,false,,,1.000000000000
2026-07-16,2026-07-15,st-marche,07e5b442-5d04-47f8-834d-b168e7bf7527,ipca-sp-1114087,1114087,b1920562-2139-4d8b-95a8-af0eb8d17c86,1,6890,6890,2026-07-16,2026-07-15,false,false,,,1.000000000000
2026-07-16,2026-07-15,st-marche,07ed0218-6ce0-4a16-b7f1-d2e103bd95aa,ipca-sp-1104032,1104032,93f6b08e-fc67-4b56-aee3-5aeb544c7a1a,1,3290,3290,2026-07-16,2026-07-15,false,false,,,1.000000000000
2026-07-16,2026-07-15,st-marche,080878e8-5228-404d-a258-89b0e1c330da,ipca-sp-1105001,1105001,5cd8cb84-c535-4d6c-b951-cd484511c1b7,1,1299,1299,2026-07-15,2026-07-15,true,false,missing_observation,,1.000000000000
2026-07-16,2026-07-15,st-marche,082ab3d5-1964-4904-a1eb-c7aaaeef87ea,ipca-sp-1116010,1116010,a4f6bbfa-884c-4ab4-8265-c8be6252edac,1,1999,1999,2026-07-15,2026-07-15,true,false,missing_observation,,1.000000000000
2026-07-16,2026-07-15,st-marche,08c620e5-e17b-4acd-86be-d23fe01e544c,ipca-sp-1114087,1114087,7098302e-6791-4e89-b525-c6cbf3531338,1,12900,12900,2026-07-16,2026-07-15,false,false,,,1.000000000000
2026-07-16,2026-07-15,st-marche,08da0522-48f9-4445-beec-064ce9122ed0,ipca-sp-1112019,1112019,7651fccf-583e-4b06-af8e-f370423c3d09,1,3590,3590,2026-07-16,2026-07-15,false,false,,,1.000000000000
2026-07-16,2026-07-15,st-marche,08e9d360-d9a5-459c-8430-34e2e150c3fd,ipca-sp-1114083,1114083,64f90684-d475-4e79-b7e4-d855961eca82,1,749,749,2026-07-16,2026-07-15,false,false,,,1.000000000000
2026-07-16,2026-07-15,st-marche,08fc299b-c1a6-4060-b739-30f5df44db9d,ipca-sp-1104023,1104023,eef66f07-0d3c-42a7-9200-4ba22dc1ef06,1,2299,2299,2026-07-16,2026-07-14,false,true,,missing_observation,1.000000000000
2026-07-16,2026-07-15,st-marche,09109fa0-2083-4700-a60a-578bab494972,ipca-sp-1112019,1112019,c5fda391-bc83-4c6d-99ed-49c1cfbb4247,1,329,329,2026-07-15,2026-07-15,true,false,missing_observation,,1.000000000000
2026-07-16,2026-07-15,st-marche,0912e73c-8156-4592-8b3c-49fccb2466f3,ipca-sp-1104032,1104032,d4bfe349-15ef-4c2c-83a1-e52226f93a25,1,3099,3099,2026-07-15,2026-07-15,true,false,missing_observation,,1.000000000000
2026-07-16,2026-07-15,st-marche,092fa07b-fad8-45b3-a5a6-3cef60fdd566,ipca-sp-1111019,1111019,a2265f03-4b9a-46f0-9dc6-0b6b081fbb5e,1,829,829,2026-07-16,2026-07-15,false,false,,,1.000000000000
2026-07-16,2026-07-15,st-marche,09ab5955-5716-49f5-8ccf-072e8065c610,ipca-sp-1111011,1111011,67e91421-cd7a-40af-b0a8-2660f5053352,1,2990,2990,2026-07-16,2026-07-15,false,false,,,1.000000000000
2026-07-16,2026-07-15,st-marche,0a153959-72fc-489c-bfc0-53d7bdf7f712,ipca-sp-1114083,1114083,9b76388a-bf01-4c89-a9bc-cae8028ab305,1,399,399,2026-07-15,2026-07-15,true,false,missing_observation,,1.000000000000
2026-07-16,2026-07-15,st-marche,0a273ab7-47a6-44f0-b1f0-a75876f0799a,ipca-sp-1109008,1109008,832cb143-bcb1-41f1-a5f1-79a6e8d554c2,1,5890,5890,2026-07-15,2026-07-15,true,false,missing_observation,,1.000000000000
2026-07-16,2026-07-15,st-marche,0a332873-c7cb-4512-b90e-1e11360df27a,ipca-sp-1109010,1109010,a6ed8d5d-ac3d-42a9-abc5-513dc49f5956,1,3590,3590,2026-07-16,2026-07-14,false,true,,missing_observation,1.000000000000
2026-07-16,2026-07-15,st-marche,0a45f176-6840-45eb-9a4f-8904e0c16b30,ipca-sp-1114083,1114083,56c24e3f-2627-449b-82e2-6b1e56957e15,1,309,309,2026-07-15,2026-07-15,true,false,missing_observation,,1.000000000000
2026-07-16,2026-07-15,st-marche,0a5a7e3c-4e7d-44ce-9494-39c458ab7f3f,ipca-sp-1108038,1108038,f874af2d-e648-4f6d-9133-8bc56552231e,1,4990,4990,2026-07-16,2026-07-14,false,true,,missing_observation,1.000000000000
2026-07-16,2026-07-15,st-marche,0a6ce406-c401-4dca-adf5-9972135709e5,ipca-sp-1104023,1104023,d2a23080-85ae-4dd8-bcf9-80f668ee8046,1,2199,2199,2026-07-16,2026-07-15,false,false,,,1.000000000000
2026-07-16,2026-07-15,st-marche,0ae83ab7-6c74-4940-b40a-3684563e0306,ipca-sp-1108080,1108080,f62140cd-5f1e-43ae-9089-92deb90e6cd3,1,4799,4799,2026-07-16,2026-07-14,false,true,,missing_observation,1.000000000000
2026-07-16,2026-07-15,st-marche,0af82a09-d3a2-4162-8884-c34a2ab9af15,ipca-sp-1104023,1104023,d646b581-45be-4aa0-8f70-4a94a8d4f424,1,1999,1999,2026-07-16,2026-07-15,false,false,,,1.000000000000
2026-07-16,2026-07-15,st-marche,0b05a3ec-a761-43c5-b946-24d54c4afa42,ipca-sp-1104032,1104032,8e0bd052-2681-434c-ac01-f6276827f3f8,1,1890,1890,2026-07-16,2026-07-15,false,false,,,1.000000000000
2026-07-16,2026-07-15,st-marche,0b0fe35c-d512-4ea4-a941-4c492a8cf72b,ipca-sp-1114001,1114001,e65a9319-bf16-4aef-ab66-339c5ee2a73b,1,649,649,2026-07-13,2026-07-13,true,true,missing_observation,unavailable,1.000000000000
2026-07-16,2026-07-15,st-marche,0b1546df-60c9-4d3c-a5c5-069c03a475aa,ipca-sp-1110010,1110010,a10dc3fe-e50d-4a2f-84a3-56eb43d873e5,1,2990,2990,2026-07-16,2026-07-14,false,true,,missing_observation,1.000000000000
2026-07-16,2026-07-15,st-marche,0b998c33-9a0f-450c-9831-3bd373b79327,ipca-sp-1111019,1111019,d1fd7096-1a2c-474a-8d17-c0e5f80d737c,1,1599,1299,2026-07-16,2026-07-15,false,false,,,1.230946882217
2026-07-16,2026-07-15,st-marche,0ba773ab-21c5-4a88-9f17-d9e49a3f12e4,ipca-sp-1111019,1111019,4b5ad24d-b10e-4335-8c71-458835c398e1,1,799,999,2026-07-16,2026-07-15,false,false,,,0.799799799800
2026-07-16,2026-07-15,st-marche,0bab9066-2e65-471b-b757-131736871bcc,ipca-sp-1102029,1102029,80819a4f-c71c-458a-bcd1-f7bb8081a815,1,4890,4890,2026-07-16,2026-07-15,false,false,,,1.000000000000
2026-07-16,2026-07-15,st-marche,0bf764d0-867c-4c6d-be9b-6f24f48e11ae,ipca-sp-1112003,1112003,fb4b9244-aeb1-4a19-8849-d66fd3b0f9e1,1,959,959,2026-07-13,2026-07-13,true,true,unavailable,unavailable,1.000000000000
2026-07-16,2026-07-15,st-marche,0c06ac04-b0b9-4bc1-9155-0ccc0d94946c,ipca-sp-1111004,1111004,4d93a73b-fde8-4730-9685-727d79d0dbd4,1,749,749,2026-07-16,2026-07-15,false,false,,,1.000000000000
2026-07-16,2026-07-15,st-marche,0c13aa38-36f8-4348-b720-0e53b16633a6,ipca-sp-1114087,1114087,d5ae8316-99a8-4b55-83b7-0d45b223822c,1,7990,7990,2026-07-16,2026-07-14,false,true,,missing_observation,1.000000000000
2026-07-16,2026-07-15,st-marche,0c3621e7-5fc6-4485-8cfb-37d724c8b8e9,ipca-sp-1111011,1111011,7e80db37-57d9-46ea-b44f-da10ebf046ad,1,5690,5690,2026-07-16,2026-07-14,false,true,,missing_observation,1.000000000000
2026-07-16,2026-07-15,st-marche,0c3ce604-3862-445b-a830-5f1c8bf6392e,ipca-sp-1114087,1114087,56cde3c9-8c2e-44a1-8e5a-8af7541df1a7,1,13990,13990,2026-07-16,2026-07-14,false,true,,missing_observation,1.000000000000
