date,previous_date,retailer_id,retailer_name,ipca_item_id,ipca_code,relative,product_pair_count
2026-07-11,2026-07-10,extra-mercado,Extra Mercado,ipca-sp-1101002,1101002,1.000000000000,5
2026-07-11,2026-07-10,pao-de-acucar,Pão de Açúcar,ipca-sp-1101002,1101002,1.000000000000,8
2026-07-11,2026-07-10,extra-mercado,Extra Mercado,ipca-sp-1116071,1116071,1.000000000000,2
2026-07-12,2026-07-11,carrefour,Carrefour Mercado,ipca-sp-1101002,1101002,0.973296516298,7
2026-07-12,2026-07-11,extra-mercado,Extra Mercado,ipca-sp-1101002,1101002,1.000000000000,5
2026-07-12,2026-07-11,pao-de-acucar,Pão de Açúcar,ipca-sp-1101002,1101002,1.000000000000,8
2026-07-12,2026-07-11,carrefour,Carrefour Mercado,ipca-sp-1101073,1101073,1.062578222778,1
2026-07-12,2026-07-11,extra-mercado,Extra Mercado,ipca-sp-1101073,1101073,1.000000000000,1
2026-07-12,2026-07-11,carrefour,Carrefour Mercado,ipca-sp-1102006,1102006,0.928867887958,13
2026-07-12,2026-07-11,extra-mercado,Extra Mercado,ipca-sp-1102006,1102006,1.000000000000,8
2026-07-12,2026-07-11,pao-de-acucar,Pão de Açúcar,ipca-sp-1102006,1102006,1.000000000000,3
2026-07-12,2026-07-11,st-marche,St Marché,ipca-sp-1102006,1102006,1.000000000000,3
2026-07-12,2026-07-11,carrefour,Carrefour Mercado,ipca-sp-1102012,1102012,0.954441913440,1
2026-07-12,2026-07-11,carrefour,Carrefour Mercado,ipca-sp-1102023,1102023,0.845581712020,2
2026-07-12,2026-07-11,carrefour,Carrefour Mercado,ipca-sp-1102029,1102029,1.000000000000,6
2026-07-12,2026-07-11,extra-mercado,Extra Mercado,ipca-sp-1102029,1102029,1.000000000000,9
2026-07-12,2026-07-11,pao-de-acucar,Pão de Açúcar,ipca-sp-1102029,1102029,1.000000000000,4
2026-07-12,2026-07-11,st-marche,St Marché,ipca-sp-1102029,1102029,1.000000000000,9
2026-07-12,2026-07-11,carrefour,Carrefour Mercado,ipca-sp-1102061,1102061,0.941831725261,3
2026-07-12,2026-07-11,extra-mercado,Extra Mercado,ipca-sp-1102061,1102061,1.000000000000,6
2026-07-12,2026-07-11,pao-de-acucar,Pão de Açúcar,ipca-sp-1102061,1102061,1.000000000000,1
2026-07-12,2026-07-11,st-marche,St Marché,ipca-sp-1102061,1102061,1.000000000000,2
2026-07-12,2026-07-11,carrefour,Carrefour Mercado,ipca-sp-1103003,1103003,1.000000000000,1
2026-07-12,2026-07-11,extra-mercado,Extra Mercado,ipca-sp-1103003,1103003,1.000000000000,5
2026-07-12,2026-07-11,pao-de-acucar,Pão de Açúcar,ipca-sp-1103003,1103003,1.000000000000,3
2026-07-12,2026-07-11,st-marche,St Marché,ipca-sp-1103003,1103003,1.000000000000,1
2026-07-12,2026-07-11,st-marche,St Marché,ipca-sp-1103020,1103020,1.000000000000,1
2026-07-12,2026-07-11,extra-mercado,Extra Mercado,ipca-sp-1103026,1103026,1.000000000000,1
2026-07-12,2026-07-11,st-marche,St Marché,ipca-sp-1103026,1103026,1.000000000000,1
2026-07-12,2026-07-11,extra-mercado,Extra Mercado,ipca-sp-1103028,1103028,1.000000000000,1
2026-07-12,2026-07-11,pao-de-acucar,Pão de Açúcar,ipca-sp-1103028,1103028,1.000000000000,1
2026-07-12,2026-07-11,extra-mercado,Extra Mercado,ipca-sp-1103043,1103043,1.000000000000,1
2026-07-12,2026-07-11,st-marche,St Marché,ipca-sp-1103043,1103043,1.000000000000,3
2026-07-12,2026-07-11,extra-mercado,Extra Mercado,ipca-sp-1103044,1103044,1.000000000000,1
2026-07-12,2026-07-11,carrefour,Carrefour Mercado,ipca-sp-1104003,1104003,0.937304075235,1
2026-07-12,2026-07-11,carrefour,Carrefour Mercado,ipca-sp-1104023,1104023,0.936168161823,9
2026-07-12,2026-07-11,extra-mercado,Extra Mercado,ipca-sp-1104023,1104023,1.000000000000,29
2026-07-12,2026-07-11,pao-de-acucar,Pão de Açúcar,ipca-sp-1104023,1104023,1.000000000000,16
2026-07-12,2026-07-11,st-marche,St Marché,ipca-sp-1104023,1104023,1.000000000000,5
2026-07-12,2026-07-11,carrefour,Carrefour Mercado,ipca-sp-1104032,1104032,1.000000000000,5
2026-07-12,2026-07-11,extra-mercado,Extra Mercado,ipca-sp-1104032,1104032,1.000000000000,6
2026-07-12,2026-07-11,pao-de-acucar,Pão de Açúcar,ipca-sp-1104032,1104032,1.004246267724,25
2026-07-12,2026-07-11,st-marche,St Marché,ipca-sp-1104032,1104032,1.000000000000,23
2026-07-12,2026-07-11,carrefour,Carrefour Mercado,ipca-sp-1104052,1104052,0.798224852071,1
2026-07-12,2026-07-11,extra-mercado,Extra Mercado,ipca-sp-1104052,1104052,1.000000000000,4
2026-07-12,2026-07-11,pao-de-acucar,Pão de Açúcar,ipca-sp-1104052,1104052,1.000000000000,4
2026-07-12,2026-07-11,st-marche,St Marché,ipca-sp-1104052,1104052,1.000000000000,2
2026-07-12,2026-07-11,st-marche,St Marché,ipca-sp-1105001,1105001,1.000000000000,1
2026-07-12,2026-07-11,extra-mercado,Extra Mercado,ipca-sp-1105010,1105010,1.000000000000,1
2026-07-12,2026-07-11,extra-mercado,Extra Mercado,ipca-sp-1105012,1105012,1.000000000000,1
2026-07-12,2026-07-11,carrefour,Carrefour Mercado,ipca-sp-1105019,1105019,1.000000000000,1
2026-07-12,2026-07-11,st-marche,St Marché,ipca-sp-1105019,1105019,1.000000000000,2
2026-07-12,2026-07-11,extra-mercado,Extra Mercado,ipca-sp-1106017,1106017,1.000000000000,1
2026-07-12,2026-07-11,extra-mercado,Extra Mercado,ipca-sp-1106018,1106018,1.000000000000,2
2026-07-12,2026-07-11,pao-de-acucar,Pão de Açúcar,ipca-sp-1106018,1106018,1.000000000000,1
2026-07-12,2026-07-11,st-marche,St Marché,ipca-sp-1106018,1106018,1.000000000000,2
2026-07-12,2026-07-11,st-marche,St Marché,ipca-sp-1106019,1106019,1.000000000000,3
2026-07-12,2026-07-11,extra-mercado,Extra Mercado,ipca-sp-1106023,1106023,1.000000000000,1
2026-07-12,2026-07-11,st-marche,St Marché,ipca-sp-1106027,1106027,1.000000000000,3
2026-07-12,2026-07-11,extra-mercado,Extra Mercado,ipca-sp-1106028,1106028,1.000000000000,1
2026-07-12,2026-07-11,st-marche,St Marché,ipca-sp-1106028,1106028,1.000000000000,1
2026-07-12,2026-07-11,extra-mercado,Extra Mercado,ipca-sp-1106039,1106039,1.000000000000,1
2026-07-12,2026-07-11,extra-mercado,Extra Mercado,ipca-sp-1107018,1107018,1.000000000000,10
2026-07-12,2026-07-11,pao-de-acucar,Pão de Açúcar,ipca-sp-1107018,1107018,1.000000000000,11
2026-07-12,2026-07-11,st-marche,St Marché,ipca-sp-1107018,1107018,1.000000000000,4
2026-07-12,2026-07-11,extra-mercado,Extra Mercado,ipca-sp-1107084,1107084,1.000000000000,1
2026-07-12,2026-07-11,pao-de-acucar,Pão de Açúcar,ipca-sp-1107084,1107084,1.000000000000,6
2026-07-12,2026-07-11,pao-de-acucar,Pão de Açúcar,ipca-sp-1107087,1107087,1.000000000000,1
2026-07-12,2026-07-11,st-marche,St Marché,ipca-sp-1107087,1107087,1.000000000000,1
2026-07-12,2026-07-11,pao-de-acucar,Pão de Açúcar,ipca-sp-1107088,1107088,1.000000000000,2
2026-07-12,2026-07-11,carrefour,Carrefour Mercado,ipca-sp-1107089,1107089,1.000000000000,1
2026-07-12,2026-07-11,st-marche,St Marché,ipca-sp-1107089,1107089,1.000000000000,1
2026-07-12,2026-07-11,pao-de-acucar,Pão de Açúcar,ipca-sp-1107091,1107091,1.000000000000,2
2026-07-12,2026-07-11,st-marche,St Marché,ipca-sp-1107091,1107091,1.000000000000,1
2026-07-12,2026-07-11,pao-de-acucar,Pão de Açúcar,ipca-sp-1107093,1107093,1.205655526992,1
2026-07-12,2026-07-11,extra-mercado,Extra Mercado,ipca-sp-1107094,1107094,1.000000000000,1
2026-07-12,2026-07-11,pao-de-acucar,Pão de Açúcar,ipca-sp-1107094,1107094,1.000000000000,1
2026-07-12,2026-07-11,st-marche,St Marché,ipca-sp-1107094,1107094,1.000000000000,1
2026-07-12,2026-07-11,extra-mercado,Extra Mercado,ipca-sp-1107095,1107095,1.000000000000,1
2026-07-12,2026-07-11,st-marche,St Marché,ipca-sp-1107095,1107095,1.000000000000,2
2026-07-12,2026-07-11,extra-mercado,Extra Mercado,ipca-sp-1107099,1107099,1.000000000000,1
2026-07-12,2026-07-11,pao-de-acucar,Pão de Açúcar,ipca-sp-1107099,1107099,1.000000000000,2
2026-07-12,2026-07-11,st-marche,St Marché,ipca-sp-1107099,1107099,1.000000000000,1
2026-07-12,2026-07-11,extra-mercado,Extra Mercado,ipca-sp-1108031,1108031,1.000000000000,1
2026-07-12,2026-07-11,pao-de-acucar,Pão de Açúcar,ipca-sp-1108038,1108038,1.000000000000,1
2026-07-12,2026-07-11,st-marche,St Marché,ipca-sp-1108038,1108038,1.000000000000,1
2026-07-12,2026-07-11,extra-mercado,Extra Mercado,ipca-sp-1108075,1108075,1.000000000000,1
2026-07-12,2026-07-11,pao-de-acucar,Pão de Açúcar,ipca-sp-1108075,1108075,1.000000000000,11
2026-07-12,2026-07-11,extra-mercado,Extra Mercado,ipca-sp-1108080,1108080,1.000000000000,1
2026-07-12,2026-07-11,pao-de-acucar,Pão de Açúcar,ipca-sp-1108080,1108080,1.000000000000,1
2026-07-12,2026-07-11,st-marche,St Marché,ipca-sp-1108080,1108080,1.000000000000,1
2026-07-12,2026-07-11,pao-de-acucar,Pão de Açúcar,ipca-sp-1109002,1109002,1.000000000000,2
2026-07-12,2026-07-11,st-marche,St Marché,ipca-sp-1109002,1109002,1.000000000000,3
2026-07-12,2026-07-11,extra-mercado,Extra Mercado,ipca-sp-1109007,1109007,1.000000000000,3
2026-07-12,2026-07-11,pao-de-acucar,Pão de Açúcar,ipca-sp-1109007,1109007,1.000000000000,5
2026-07-12,2026-07-11,extra-mercado,Extra Mercado,ipca-sp-1109008,1109008,1.000000000000,5
2026-07-12,2026-07-11,pao-de-acucar,Pão de Açúcar,ipca-sp-1109008,1109008,1.000000000000,13
2026-07-12,2026-07-11,st-marche,St Marché,ipca-sp-1109008,1109008,1.000000000000,7
2026-07-12,2026-07-11,extra-mercado,Extra Mercado,ipca-sp-1109010,1109010,1.000000000000,3
2026-07-12,2026-07-11,st-marche,St Marché,ipca-sp-1109010,1109010,1.000000000000,2
2026-07-12,2026-07-11,pao-de-acucar,Pão de Açúcar,ipca-sp-1110009,1110009,1.000000000000,4
2026-07-12,2026-07-11,st-marche,St Marché,ipca-sp-1110009,1110009,1.000000000000,1
2026-07-12,2026-07-11,carrefour,Carrefour Mercado,ipca-sp-1110010,1110010,1.000000000000,2
2026-07-12,2026-07-11,extra-mercado,Extra Mercado,ipca-sp-1110010,1110010,1.000000000000,11
2026-07-12,2026-07-11,pao-de-acucar,Pão de Açúcar,ipca-sp-1110010,1110010,1.000000000000,8
2026-07-12,2026-07-11,st-marche,St Marché,ipca-sp-1110010,1110010,1.000000000000,17
2026-07-12,2026-07-11,extra-mercado,Extra Mercado,ipca-sp-1110044,1110044,1.000000000000,2
2026-07-12,2026-07-11,pao-de-acucar,Pão de Açúcar,ipca-sp-1110044,1110044,1.000000000000,5
2026-07-12,2026-07-11,st-marche,St Marché,ipca-sp-1110044,1110044,1.000000000000,2
2026-07-12,2026-07-11,carrefour,Carrefour Mercado,ipca-sp-1111004,1111004,1.000000000000,4
2026-07-12,2026-07-11,extra-mercado,Extra Mercado,ipca-sp-1111004,1111004,1.000000000000,4
2026-07-12,2026-07-11,st-marche,St Marché,ipca-sp-1111004,1111004,1.000000000000,5
2026-07-12,2026-07-11,carrefour,Carrefour Mercado,ipca-sp-1111009,1111009,1.000000000000,2
2026-07-12,2026-07-11,extra-mercado,Extra Mercado,ipca-sp-1111009,1111009,1.000000000000,2
2026-07-12,2026-07-11,pao-de-acucar,Pão de Açúcar,ipca-sp-1111009,1111009,1.000000000000,2
2026-07-12,2026-07-11,extra-mercado,Extra Mercado,ipca-sp-1111011,1111011,1.000000000000,11
2026-07-12,2026-07-11,pao-de-acucar,Pão de Açúcar,ipca-sp-1111011,1111011,1.000000000000,63
2026-07-12,2026-07-11,st-marche,St Marché,ipca-sp-1111011,1111011,1.000000000000,14
2026-07-12,2026-07-11,carrefour,Carrefour Mercado,ipca-sp-1111019,1111019,0.903846813821,10
2026-07-12,2026-07-11,extra-mercado,Extra Mercado,ipca-sp-1111019,1111019,1.000000000000,49
2026-07-12,2026-07-11,pao-de-acucar,Pão de Açúcar,ipca-sp-1111019,1111019,1.000000000000,7
2026-07-12,2026-07-11,st-marche,St Marché,ipca-sp-1111019,1111019,1.000000000000,21
2026-07-12,2026-07-11,extra-mercado,Extra Mercado,ipca-sp-1111021,1111021,1.000000000000,4
2026-07-12,2026-07-11,pao-de-acucar,Pão de Açúcar,ipca-sp-1111021,1111021,1.000000000000,2
2026-07-12,2026-07-11,st-marche,St Marché,ipca-sp-1111021,1111021,1.000000000000,10
2026-07-12,2026-07-11,carrefour,Carrefour Mercado,ipca-sp-1112003,1112003,1.009541646675,21
2026-07-12,2026-07-11,extra-mercado,Extra Mercado,ipca-sp-1112003,1112003,1.000000000000,42
2026-07-12,2026-07-11,pao-de-acucar,Pão de Açúcar,ipca-sp-1112003,1112003,1.000000000000,10
2026-07-12,2026-07-11,st-marche,St Marché,ipca-sp-1112003,1112003,1.000000000000,16
2026-07-12,2026-07-11,extra-mercado,Extra Mercado,ipca-sp-1112015,1112015,1.000000000000,1
2026-07-12,2026-07-11,st-marche,St Marché,ipca-sp-1112015,1112015,1.000000000000,1
2026-07-12,2026-07-11,extra-mercado,Extra Mercado,ipca-sp-1112017,1112017,1.000000000000,3
2026-07-12,2026-07-11,st-marche,St Marché,ipca-sp-1112017,1112017,1.000000000000,4
2026-07-12,2026-07-11,carrefour,Carrefour Mercado,ipca-sp-1112018,1112018,1.000000000000,13
2026-07-12,2026-07-11,extra-mercado,Extra Mercado,ipca-sp-1112018,1112018,1.000000000000,17
2026-07-12,2026-07-11,st-marche,St Marché,ipca-sp-1112018,1112018,1.000000000000,4
2026-07-12,2026-07-11,carrefour,Carrefour Mercado,ipca-sp-1112019,1112019,1.000503145323,8
2026-07-12,2026-07-11,extra-mercado,Extra Mercado,ipca-sp-1112019,1112019,1.000000000000,15
2026-07-12,2026-07-11,pao-de-acucar,Pão de Açúcar,ipca-sp-1112019,1112019,1.000000000000,7
2026-07-12,2026-07-11,st-marche,St Marché,ipca-sp-1112019,1112019,1.000000000000,27
2026-07-12,2026-07-11,carrefour,Carrefour Mercado,ipca-sp-1113013,1113013,1.000000000000,2
2026-07-12,2026-07-11,extra-mercado,Extra Mercado,ipca-sp-1113013,1113013,1.000000000000,1
2026-07-12,2026-07-11,st-marche,St Marché,ipca-sp-1113013,1113013,1.000000000000,1
2026-07-12,2026-07-11,carrefour,Carrefour Mercado,ipca-sp-1113014,1113014,0.950773298182,4
2026-07-12,2026-07-11,extra-mercado,Extra Mercado,ipca-sp-1113014,1113014,1.000000000000,2
2026-07-12,2026-07-11,pao-de-acucar,Pão de Açúcar,ipca-sp-1113014,1113014,1.000000000000,6
2026-07-12,2026-07-11,st-marche,St Marché,ipca-sp-1113014,1113014,1.000000000000,1
2026-07-12,2026-07-11,extra-mercado,Extra Mercado,ipca-sp-1113040,1113040,1.000000000000,2
2026-07-12,2026-07-11,pao-de-acucar,Pão de Açúcar,ipca-sp-1113040,1113040,1.000000000000,1
2026-07-12,2026-07-11,carrefour,Carrefour Mercado,ipca-sp-1114001,1114001,0.987910412588,26
2026-07-12,2026-07-11,pao-de-acucar,Pão de Açúcar,ipca-sp-1114001,1114001,1.000000000000,3
2026-07-12,2026-07-11,st-marche,St Marché,ipca-sp-1114001,1114001,1.000000000000,7
2026-07-12,2026-07-11,carrefour,Carrefour Mercado,ipca-sp-1114022,1114022,0.940370836978,10
2026-07-12,2026-07-11,extra-mercado,Extra Mercado,ipca-sp-1114022,1114022,1.000000000000,12
2026-07-12,2026-07-11,pao-de-acucar,Pão de Açúcar,ipca-sp-1114022,1114022,1.000000000000,21
2026-07-12,2026-07-11,st-marche,St Marché,ipca-sp-1114022,1114022,1.000000000000,2
2026-07-12,2026-07-11,carrefour,Carrefour Mercado,ipca-sp-1114083,1114083,0.994601462250,27
2026-07-12,2026-07-11,st-marche,St Marché,ipca-sp-1114083,1114083,1.000000000000,29
2026-07-12,2026-07-11,carrefour,Carrefour Mercado,ipca-sp-1114084,1114084,1.004392579748,10
2026-07-12,2026-07-11,carrefour,Carrefour Mercado,ipca-sp-1114087,1114087,1.016738373309,8
2026-07-12,2026-07-11,st-marche,St Marché,ipca-sp-1114087,1114087,1.000000000000,52
2026-07-12,2026-07-11,carrefour,Carrefour Mercado,ipca-sp-1114090,1114090,0.782472990977,5
2026-07-12,2026-07-11,st-marche,St Marché,ipca-sp-1114090,1114090,1.000000000000,1
2026-07-12,2026-07-11,extra-mercado,Extra Mercado,ipca-sp-1115016,1115016,1.000000000000,1
2026-07-12,2026-07-11,pao-de-acucar,Pão de Açúcar,ipca-sp-1115016,1115016,1.000000000000,2
2026-07-12,2026-07-11,pao-de-acucar,Pão de Açúcar,ipca-sp-1115039,1115039,1.000000000000,1
2026-07-12,2026-07-11,carrefour,Carrefour Mercado,ipca-sp-1115057,1115057,1.130586101694,5
2026-07-12,2026-07-11,extra-mercado,Extra Mercado,ipca-sp-1115057,1115057,1.000000000000,5
2026-07-12,2026-07-11,pao-de-acucar,Pão de Açúcar,ipca-sp-1115057,1115057,1.000000000000,7
2026-07-12,2026-07-11,st-marche,St Marché,ipca-sp-1115057,1115057,1.000000000000,1
2026-07-12,2026-07-11,extra-mercado,Extra Mercado,ipca-sp-1115058,1115058,1.000000000000,1
2026-07-12,2026-07-11,carrefour,Carrefour Mercado,ipca-sp-1115075,1115075,1.002803582663,2
2026-07-12,2026-07-11,extra-mercado,Extra Mercado,ipca-sp-1115075,1115075,1.000000000000,3
2026-07-12,2026-07-11,carrefour,Carrefour Mercado,ipca-sp-1116005,1116005,0.959086773355,6
2026-07-12,2026-07-11,extra-mercado,Extra Mercado,ipca-sp-1116005,1116005,1.000000000000,9
2026-07-12,2026-07-11,pao-de-acucar,Pão de Açúcar,ipca-sp-1116005,1116005,1.000000000000,1
2026-07-12,2026-07-11,st-marche,St Marché,ipca-sp-1116005,1116005,1.000000000000,2
2026-07-12,2026-07-11,extra-mercado,Extra Mercado,ipca-sp-1116010,1116010,1.000000000000,3
2026-07-12,2026-07-11,pao-de-acucar,Pão de Açúcar,ipca-sp-1116010,1116010,1.000000000000,1
2026-07-12,2026-07-11,st-marche,St Marché,ipca-sp-1116010,1116010,1.000000000000,2
2026-07-12,2026-07-11,carrefour,Carrefour Mercado,ipca-sp-1116033,1116033,0.981634575411,3
2026-07-12,2026-07-11,extra-mercado,Extra Mercado,ipca-sp-1116033,1116033,1.000000000000,3
2026-07-12,2026-07-11,pao-de-acucar,Pão de Açúcar,ipca-sp-1116033,1116033,1.000000000000,2
2026-07-12,2026-07-11,st-marche,St Marché,ipca-sp-1116033,1116033,1.000000000000,1
2026-07-12,2026-07-11,carrefour,Carrefour Mercado,ipca-sp-1116041,1116041,0.972560975610,1
2026-07-12,2026-07-11,extra-mercado,Extra Mercado,ipca-sp-1116041,1116041,1.000000000000,1
2026-07-12,2026-07-11,pao-de-acucar,Pão de Açúcar,ipca-sp-1116041,1116041,1.000000000000,4
2026-07-12,2026-07-11,st-marche,St Marché,ipca-sp-1116041,1116041,1.000000000000,1
2026-07-12,2026-07-11,carrefour,Carrefour Mercado,ipca-sp-1116071,1116071,0.447256856883,3
2026-07-12,2026-07-11,extra-mercado,Extra Mercado,ipca-sp-1116071,1116071,1.000000000000,3
2026-07-12,2026-07-11,pao-de-acucar,Pão de Açúcar,ipca-sp-1116071,1116071,1.000000000000,3
2026-07-13,2026-07-12,carrefour,Carrefour Mercado,ipca-sp-1101002,1101002,1.000000000000,8
2026-07-13,2026-07-12,extra-mercado,Extra Mercado,ipca-sp-1101002,1101002,1.000000000000,5
2026-07-13,2026-07-12,pao-de-acucar,Pão de Açúcar,ipca-sp-1101002,1101002,1.010666749064,9
2026-07-13,2026-07-12,carrefour,Carrefour Mercado,ipca-sp-1101073,1101073,1.000000000000,1
2026-07-13,2026-07-12,extra-mercado,Extra Mercado,ipca-sp-1101073,1101073,1.000000000000,1
2026-07-13,2026-07-12,carrefour,Carrefour Mercado,ipca-sp-1102006,1102006,1.000000000000,14
2026-07-13,2026-07-12,extra-mercado,Extra Mercado,ipca-sp-1102006,1102006,1.000000000000,8
2026-07-13,2026-07-12,pao-de-acucar,Pão de Açúcar,ipca-sp-1102006,1102006,1.000000000000,3
2026-07-13,2026-07-12,st-marche,St Marché,ipca-sp-1102006,1102006,1.000000000000,5
2026-07-13,2026-07-12,carrefour,Carrefour Mercado,ipca-sp-1102012,1102012,1.000000000000,1
2026-07-13,2026-07-12,extra-mercado,Extra Mercado,ipca-sp-1102012,1102012,1.000000000000,1
2026-07-13,2026-07-12,st-marche,St Marché,ipca-sp-1102012,1102012,1.000000000000,1
2026-07-13,2026-07-12,carrefour,Carrefour Mercado,ipca-sp-1102023,1102023,1.000000000000,2
2026-07-13,2026-07-12,carrefour,Carrefour Mercado,ipca-sp-1102029,1102029,0.873145495992,6
2026-07-13,2026-07-12,extra-mercado,Extra Mercado,ipca-sp-1102029,1102029,1.000000000000,10
2026-07-13,2026-07-12,pao-de-acucar,Pão de Açúcar,ipca-sp-1102029,1102029,1.000000000000,8
2026-07-13,2026-07-12,st-marche,St Marché,ipca-sp-1102029,1102029,1.000000000000,10
2026-07-13,2026-07-12,carrefour,Carrefour Mercado,ipca-sp-1102061,1102061,1.000000000000,3
2026-07-13,2026-07-12,extra-mercado,Extra Mercado,ipca-sp-1102061,1102061,1.000000000000,7
2026-07-13,2026-07-12,pao-de-acucar,Pão de Açúcar,ipca-sp-1102061,1102061,1.000000000000,1
2026-07-13,2026-07-12,st-marche,St Marché,ipca-sp-1102061,1102061,1.000000000000,2
2026-07-13,2026-07-12,carrefour,Carrefour Mercado,ipca-sp-1103003,1103003,1.000000000000,1
2026-07-13,2026-07-12,extra-mercado,Extra Mercado,ipca-sp-1103003,1103003,1.000000000000,6
2026-07-13,2026-07-12,pao-de-acucar,Pão de Açúcar,ipca-sp-1103003,1103003,1.000000000000,4
2026-07-13,2026-07-12,st-marche,St Marché,ipca-sp-1103003,1103003,1.000000000000,1
2026-07-13,2026-07-12,pao-de-acucar,Pão de Açúcar,ipca-sp-1103020,1103020,1.000000000000,1
2026-07-13,2026-07-12,st-marche,St Marché,ipca-sp-1103020,1103020,1.000000000000,1
2026-07-13,2026-07-12,extra-mercado,Extra Mercado,ipca-sp-1103026,1103026,1.000000000000,1
2026-07-13,2026-07-12,st-marche,St Marché,ipca-sp-1103026,1103026,1.000000000000,1
2026-07-13,2026-07-12,carrefour,Carrefour Mercado,ipca-sp-1103028,1103028,1.000000000000,3
2026-07-13,2026-07-12,extra-mercado,Extra Mercado,ipca-sp-1103028,1103028,1.000000000000,1
2026-07-13,2026-07-12,pao-de-acucar,Pão de Açúcar,ipca-sp-1103028,1103028,1.000000000000,1
2026-07-13,2026-07-12,carrefour,Carrefour Mercado,ipca-sp-1103043,1103043,1.000000000000,1
2026-07-13,2026-07-12,extra-mercado,Extra Mercado,ipca-sp-1103043,1103043,1.000000000000,1
2026-07-13,2026-07-12,st-marche,St Marché,ipca-sp-1103043,1103043,1.000000000000,3
2026-07-13,2026-07-12,extra-mercado,Extra Mercado,ipca-sp-1103044,1103044,1.000000000000,1
2026-07-13,2026-07-12,carrefour,Carrefour Mercado,ipca-sp-1104003,1104003,1.000000000000,1
2026-07-13,2026-07-12,carrefour,Carrefour Mercado,ipca-sp-1104023,1104023,1.000000000000,14
2026-07-13,2026-07-12,extra-mercado,Extra Mercado,ipca-sp-1104023,1104023,1.003827598145,35
2026-07-13,2026-07-12,pao-de-acucar,Pão de Açúcar,ipca-sp-1104023,1104023,1.000000000000,23
2026-07-13,2026-07-12,st-marche,St Marché,ipca-sp-1104023,1104023,1.000000000000,5
2026-07-13,2026-07-12,carrefour,Carrefour Mercado,ipca-sp-1104032,1104032,1.000193044637,5
2026-07-13,2026-07-12,extra-mercado,Extra Mercado,ipca-sp-1104032,1104032,1.000000000000,6
2026-07-13,2026-07-12,pao-de-acucar,Pão de Açúcar,ipca-sp-1104032,1104032,1.019393667251,28
2026-07-13,2026-07-12,st-marche,St Marché,ipca-sp-1104032,1104032,1.017353945437,26
2026-07-13,2026-07-12,carrefour,Carrefour Mercado,ipca-sp-1104052,1104052,1.000000000000,1
2026-07-13,2026-07-12,extra-mercado,Extra Mercado,ipca-sp-1104052,1104052,1.000000000000,5
2026-07-13,2026-07-12,pao-de-acucar,Pão de Açúcar,ipca-sp-1104052,1104052,1.000000000000,7
2026-07-13,2026-07-12,st-marche,St Marché,ipca-sp-1104052,1104052,1.000000000000,3
2026-07-13,2026-07-12,carrefour,Carrefour Mercado,ipca-sp-1105001,1105001,1.000000000000,1
2026-07-13,2026-07-12,st-marche,St Marché,ipca-sp-1105001,1105001,1.000000000000,2
2026-07-13,2026-07-12,carrefour,Carrefour Mercado,ipca-sp-1105005,1105005,1.000000000000,1
2026-07-13,2026-07-12,extra-mercado,Extra Mercado,ipca-sp-1105010,1105010,1.000000000000,1
2026-07-13,2026-07-12,extra-mercado,Extra Mercado,ipca-sp-1105012,1105012,1.000000000000,1
2026-07-13,2026-07-12,carrefour,Carrefour Mercado,ipca-sp-1105019,1105019,0.811764705882,1
2026-07-13,2026-07-12,pao-de-acucar,Pão de Açúcar,ipca-sp-1105019,1105019,1.000000000000,1
2026-07-13,2026-07-12,st-marche,St Marché,ipca-sp-1105019,1105019,1.000000000000,2
2026-07-13,2026-07-12,carrefour,Carrefour Mercado,ipca-sp-1106017,1106017,1.000000000000,2
2026-07-13,2026-07-12,extra-mercado,Extra Mercado,ipca-sp-1106017,1106017,1.000000000000,1
2026-07-13,2026-07-12,st-marche,St Marché,ipca-sp-1106017,1106017,1.000000000000,1
2026-07-13,2026-07-12,extra-mercado,Extra Mercado,ipca-sp-1106018,1106018,1.000000000000,2
2026-07-13,2026-07-12,pao-de-acucar,Pão de Açúcar,ipca-sp-1106018,1106018,1.000000000000,1
2026-07-13,2026-07-12,st-marche,St Marché,ipca-sp-1106018,1106018,1.000000000000,2
2026-07-13,2026-07-12,st-marche,St Marché,ipca-sp-1106019,1106019,1.000000000000,3
2026-07-13,2026-07-12,extra-mercado,Extra Mercado,ipca-sp-1106023,1106023,1.000000000000,1
2026-07-13,2026-07-12,st-marche,St Marché,ipca-sp-1106023,1106023,1.000000000000,1
2026-07-13,2026-07-12,st-marche,St Marché,ipca-sp-1106027,1106027,1.000000000000,3
2026-07-13,2026-07-12,extra-mercado,Extra Mercado,ipca-sp-1106028,1106028,1.000000000000,1
2026-07-13,2026-07-12,pao-de-acucar,Pão de Açúcar,ipca-sp-1106028,1106028,1.000000000000,1
2026-07-13,2026-07-12,st-marche,St Marché,ipca-sp-1106028,1106028,1.000000000000,1
2026-07-13,2026-07-12,extra-mercado,Extra Mercado,ipca-sp-1106039,1106039,1.000000000000,1
2026-07-13,2026-07-12,carrefour,Carrefour Mercado,ipca-sp-1107018,1107018,1.000000000000,6
2026-07-13,2026-07-12,extra-mercado,Extra Mercado,ipca-sp-1107018,1107018,1.000000000000,10
2026-07-13,2026-07-12,pao-de-acucar,Pão de Açúcar,ipca-sp-1107018,1107018,1.000000000000,13
2026-07-13,2026-07-12,st-marche,St Marché,ipca-sp-1107018,1107018,1.057518498877,4
2026-07-13,2026-07-12,extra-mercado,Extra Mercado,ipca-sp-1107084,1107084,1.000000000000,1
2026-07-13,2026-07-12,pao-de-acucar,Pão de Açúcar,ipca-sp-1107084,1107084,1.100673873699,6
2026-07-13,2026-07-12,carrefour,Carrefour Mercado,ipca-sp-1107087,1107087,1.000000000000,1
2026-07-13,2026-07-12,pao-de-acucar,Pão de Açúcar,ipca-sp-1107087,1107087,1.000000000000,1
2026-07-13,2026-07-12,st-marche,St Marché,ipca-sp-1107087,1107087,1.000000000000,1
2026-07-13,2026-07-12,pao-de-acucar,Pão de Açúcar,ipca-sp-1107088,1107088,1.000000000000,2
2026-07-13,2026-07-12,carrefour,Carrefour Mercado,ipca-sp-1107089,1107089,1.000000000000,1
2026-07-13,2026-07-12,st-marche,St Marché,ipca-sp-1107089,1107089,1.000000000000,2
2026-07-13,2026-07-12,pao-de-acucar,Pão de Açúcar,ipca-sp-1107091,1107091,1.000000000000,2
2026-07-13,2026-07-12,st-marche,St Marché,ipca-sp-1107091,1107091,1.000000000000,1
2026-07-13,2026-07-12,pao-de-acucar,Pão de Açúcar,ipca-sp-1107093,1107093,1.000000000000,1
2026-07-13,2026-07-12,extra-mercado,Extra Mercado,ipca-sp-1107094,1107094,1.000000000000,1
2026-07-13,2026-07-12,pao-de-acucar,Pão de Açúcar,ipca-sp-1107094,1107094,1.000000000000,1
2026-07-13,2026-07-12,st-marche,St Marché,ipca-sp-1107094,1107094,1.000000000000,1
2026-07-13,2026-07-12,extra-mercado,Extra Mercado,ipca-sp-1107095,1107095,1.000000000000,1
2026-07-13,2026-07-12,pao-de-acucar,Pão de Açúcar,ipca-sp-1107095,1107095,1.000000000000,1
2026-07-13,2026-07-12,st-marche,St Marché,ipca-sp-1107095,1107095,1.000000000000,2
2026-07-13,2026-07-12,extra-mercado,Extra Mercado,ipca-sp-1107099,1107099,1.000000000000,1
2026-07-13,2026-07-12,pao-de-acucar,Pão de Açúcar,ipca-sp-1107099,1107099,1.183554647326,2
2026-07-13,2026-07-12,st-marche,St Marché,ipca-sp-1107099,1107099,1.000000000000,1
2026-07-13,2026-07-12,carrefour,Carrefour Mercado,ipca-sp-1108031,1108031,1.000000000000,2
2026-07-13,2026-07-12,extra-mercado,Extra Mercado,ipca-sp-1108031,1108031,1.000000000000,1
2026-07-13,2026-07-12,pao-de-acucar,Pão de Açúcar,ipca-sp-1108038,1108038,1.000000000000,1
2026-07-13,2026-07-12,st-marche,St Marché,ipca-sp-1108038,1108038,1.000000000000,1
2026-07-13,2026-07-12,extra-mercado,Extra Mercado,ipca-sp-1108075,1108075,1.000000000000,1
2026-07-13,2026-07-12,pao-de-acucar,Pão de Açúcar,ipca-sp-1108075,1108075,1.000000000000,11
2026-07-13,2026-07-12,carrefour,Carrefour Mercado,ipca-sp-1108080,1108080,1.000000000000,3
2026-07-13,2026-07-12,extra-mercado,Extra Mercado,ipca-sp-1108080,1108080,1.000000000000,1
2026-07-13,2026-07-12,pao-de-acucar,Pão de Açúcar,ipca-sp-1108080,1108080,1.000000000000,1
2026-07-13,2026-07-12,st-marche,St Marché,ipca-sp-1108080,1108080,1.000000000000,1
2026-07-13,2026-07-12,carrefour,Carrefour Mercado,ipca-sp-1109002,1109002,1.000000000000,1
2026-07-13,2026-07-12,pao-de-acucar,Pão de Açúcar,ipca-sp-1109002,1109002,1.000000000000,2
2026-07-13,2026-07-12,st-marche,St Marché,ipca-sp-1109002,1109002,1.000000000000,5
2026-07-13,2026-07-12,carrefour,Carrefour Mercado,ipca-sp-1109007,1109007,1.000000000000,2
2026-07-13,2026-07-12,extra-mercado,Extra Mercado,ipca-sp-1109007,1109007,1.000000000000,3
2026-07-13,2026-07-12,pao-de-acucar,Pão de Açúcar,ipca-sp-1109007,1109007,1.000000000000,8
2026-07-13,2026-07-12,carrefour,Carrefour Mercado,ipca-sp-1109008,1109008,1.030967061434,2
2026-07-13,2026-07-12,extra-mercado,Extra Mercado,ipca-sp-1109008,1109008,1.000000000000,5
2026-07-13,2026-07-12,pao-de-acucar,Pão de Açúcar,ipca-sp-1109008,1109008,1.000000000000,15
2026-07-13,2026-07-12,st-marche,St Marché,ipca-sp-1109008,1109008,1.000000000000,8
2026-07-13,2026-07-12,carrefour,Carrefour Mercado,ipca-sp-1109010,1109010,1.000000000000,3
2026-07-13,2026-07-12,extra-mercado,Extra Mercado,ipca-sp-1109010,1109010,1.000000000000,3
2026-07-13,2026-07-12,st-marche,St Marché,ipca-sp-1109010,1109010,1.000000000000,2
2026-07-13,2026-07-12,extra-mercado,Extra Mercado,ipca-sp-1110009,1110009,1.000000000000,1
2026-07-13,2026-07-12,pao-de-acucar,Pão de Açúcar,ipca-sp-1110009,1110009,1.000000000000,4
2026-07-13,2026-07-12,st-marche,St Marché,ipca-sp-1110009,1110009,1.000000000000,1
2026-07-13,2026-07-12,carrefour,Carrefour Mercado,ipca-sp-1110010,1110010,0.991923703970,13
2026-07-13,2026-07-12,extra-mercado,Extra Mercado,ipca-sp-1110010,1110010,1.000000000000,13
2026-07-13,2026-07-12,pao-de-acucar,Pão de Açúcar,ipca-sp-1110010,1110010,1.000000000000,12
2026-07-13,2026-07-12,st-marche,St Marché,ipca-sp-1110010,1110010,1.000000000000,17
2026-07-13,2026-07-12,carrefour,Carrefour Mercado,ipca-sp-1110044,1110044,1.000000000000,1
2026-07-13,2026-07-12,extra-mercado,Extra Mercado,ipca-sp-1110044,1110044,1.000000000000,3
2026-07-13,2026-07-12,pao-de-acucar,Pão de Açúcar,ipca-sp-1110044,1110044,1.000000000000,5
2026-07-13,2026-07-12,st-marche,St Marché,ipca-sp-1110044,1110044,1.000000000000,2
2026-07-13,2026-07-12,carrefour,Carrefour Mercado,ipca-sp-1111004,1111004,1.006632134631,5
2026-07-13,2026-07-12,extra-mercado,Extra Mercado,ipca-sp-1111004,1111004,1.000000000000,4
2026-07-13,2026-07-12,st-marche,St Marché,ipca-sp-1111004,1111004,1.000000000000,5
2026-07-13,2026-07-12,carrefour,Carrefour Mercado,ipca-sp-1111009,1111009,0.884337085956,2
2026-07-13,2026-07-12,extra-mercado,Extra Mercado,ipca-sp-1111009,1111009,1.000000000000,2
2026-07-13,2026-07-12,pao-de-acucar,Pão de Açúcar,ipca-sp-1111009,1111009,1.000000000000,5
2026-07-13,2026-07-12,carrefour,Carrefour Mercado,ipca-sp-1111011,1111011,1.064688885107,9
2026-07-13,2026-07-12,extra-mercado,Extra Mercado,ipca-sp-1111011,1111011,1.000000000000,14
2026-07-13,2026-07-12,pao-de-acucar,Pão de Açúcar,ipca-sp-1111011,1111011,1.000000000000,74
2026-07-13,2026-07-12,st-marche,St Marché,ipca-sp-1111011,1111011,1.029178495473,19
2026-07-13,2026-07-12,carrefour,Carrefour Mercado,ipca-sp-1111019,1111019,0.957509712705,30
2026-07-13,2026-07-12,extra-mercado,Extra Mercado,ipca-sp-1111019,1111019,1.000000000000,59
2026-07-13,2026-07-12,pao-de-acucar,Pão de Açúcar,ipca-sp-1111019,1111019,1.000000000000,11
2026-07-13,2026-07-12,st-marche,St Marché,ipca-sp-1111019,1111019,1.000000000000,26
2026-07-13,2026-07-12,carrefour,Carrefour Mercado,ipca-sp-1111021,1111021,1.068523647165,5
2026-07-13,2026-07-12,extra-mercado,Extra Mercado,ipca-sp-1111021,1111021,1.050921789386,4
2026-07-13,2026-07-12,pao-de-acucar,Pão de Açúcar,ipca-sp-1111021,1111021,1.000000000000,4
2026-07-13,2026-07-12,st-marche,St Marché,ipca-sp-1111021,1111021,1.000000000000,10
2026-07-13,2026-07-12,carrefour,Carrefour Mercado,ipca-sp-1112003,1112003,1.003343429629,22
2026-07-13,2026-07-12,extra-mercado,Extra Mercado,ipca-sp-1112003,1112003,1.000000000000,47
2026-07-13,2026-07-12,pao-de-acucar,Pão de Açúcar,ipca-sp-1112003,1112003,1.000000000000,13
2026-07-13,2026-07-12,st-marche,St Marché,ipca-sp-1112003,1112003,1.000000000000,16
2026-07-13,2026-07-12,extra-mercado,Extra Mercado,ipca-sp-1112015,1112015,1.000000000000,1
2026-07-13,2026-07-12,st-marche,St Marché,ipca-sp-1112015,1112015,1.000000000000,1
2026-07-13,2026-07-12,extra-mercado,Extra Mercado,ipca-sp-1112017,1112017,1.000000000000,3
2026-07-13,2026-07-12,st-marche,St Marché,ipca-sp-1112017,1112017,1.000000000000,4
2026-07-13,2026-07-12,carrefour,Carrefour Mercado,ipca-sp-1112018,1112018,0.989601849314,15
2026-07-13,2026-07-12,extra-mercado,Extra Mercado,ipca-sp-1112018,1112018,1.008262921583,17
2026-07-13,2026-07-12,pao-de-acucar,Pão de Açúcar,ipca-sp-1112018,1112018,1.000000000000,1
2026-07-13,2026-07-12,st-marche,St Marché,ipca-sp-1112018,1112018,1.000000000000,4
2026-07-13,2026-07-12,carrefour,Carrefour Mercado,ipca-sp-1112019,1112019,0.995730374604,10
2026-07-13,2026-07-12,extra-mercado,Extra Mercado,ipca-sp-1112019,1112019,1.000000000000,17
2026-07-13,2026-07-12,pao-de-acucar,Pão de Açúcar,ipca-sp-1112019,1112019,1.000000000000,7
2026-07-13,2026-07-12,st-marche,St Marché,ipca-sp-1112019,1112019,1.000000000000,27
2026-07-13,2026-07-12,carrefour,Carrefour Mercado,ipca-sp-1113013,1113013,1.000000000000,2
2026-07-13,2026-07-12,extra-mercado,Extra Mercado,ipca-sp-1113013,1113013,1.000000000000,1
2026-07-13,2026-07-12,st-marche,St Marché,ipca-sp-1113013,1113013,1.000000000000,1
2026-07-13,2026-07-12,carrefour,Carrefour Mercado,ipca-sp-1113014,1113014,1.000000000000,4
2026-07-13,2026-07-12,extra-mercado,Extra Mercado,ipca-sp-1113014,1113014,1.000000000000,2
2026-07-13,2026-07-12,pao-de-acucar,Pão de Açúcar,ipca-sp-1113014,1113014,1.000000000000,7
2026-07-13,2026-07-12,st-marche,St Marché,ipca-sp-1113014,1113014,1.000000000000,1
2026-07-13,2026-07-12,carrefour,Carrefour Mercado,ipca-sp-1113040,1113040,1.000000000000,4
2026-07-13,2026-07-12,extra-mercado,Extra Mercado,ipca-sp-1113040,1113040,1.000000000000,2
2026-07-13,2026-07-12,pao-de-acucar,Pão de Açúcar,ipca-sp-1113040,1113040,1.000000000000,1
2026-07-13,2026-07-12,carrefour,Carrefour Mercado,ipca-sp-1114001,1114001,0.993633980492,26
2026-07-13,2026-07-12,extra-mercado,Extra Mercado,ipca-sp-1114001,1114001,1.000000000000,5
2026-07-13,2026-07-12,pao-de-acucar,Pão de Açúcar,ipca-sp-1114001,1114001,1.000000000000,4
2026-07-13,2026-07-12,st-marche,St Marché,ipca-sp-1114001,1114001,1.000000000000,12
2026-07-13,2026-07-12,carrefour,Carrefour Mercado,ipca-sp-1114022,1114022,1.006769971836,11
2026-07-13,2026-07-12,extra-mercado,Extra Mercado,ipca-sp-1114022,1114022,1.047561850506,15
2026-07-13,2026-07-12,pao-de-acucar,Pão de Açúcar,ipca-sp-1114022,1114022,1.000000000000,26
2026-07-13,2026-07-12,st-marche,St Marché,ipca-sp-1114022,1114022,1.000000000000,2
2026-07-13,2026-07-12,carrefour,Carrefour Mercado,ipca-sp-1114083,1114083,1.007449463925,29
2026-07-13,2026-07-12,extra-mercado,Extra Mercado,ipca-sp-1114083,1114083,0.981455444731,12
2026-07-13,2026-07-12,st-marche,St Marché,ipca-sp-1114083,1114083,1.000000000000,37
2026-07-13,2026-07-12,carrefour,Carrefour Mercado,ipca-sp-1114084,1114084,1.008935690548,11
2026-07-13,2026-07-12,extra-mercado,Extra Mercado,ipca-sp-1114084,1114084,0.981627779952,9
2026-07-13,2026-07-12,pao-de-acucar,Pão de Açúcar,ipca-sp-1114084,1114084,0.876956736551,2
2026-07-13,2026-07-12,carrefour,Carrefour Mercado,ipca-sp-1114087,1114087,1.069105144399,9
2026-07-13,2026-07-12,extra-mercado,Extra Mercado,ipca-sp-1114087,1114087,1.232754827933,3
2026-07-13,2026-07-12,pao-de-acucar,Pão de Açúcar,ipca-sp-1114087,1114087,1.067545266632,41
2026-07-13,2026-07-12,st-marche,St Marché,ipca-sp-1114087,1114087,1.000000000000,65
2026-07-13,2026-07-12,carrefour,Carrefour Mercado,ipca-sp-1114090,1114090,0.921488214745,5
2026-07-13,2026-07-12,extra-mercado,Extra Mercado,ipca-sp-1114090,1114090,1.000000000000,5
2026-07-13,2026-07-12,st-marche,St Marché,ipca-sp-1114090,1114090,1.000000000000,2
2026-07-13,2026-07-12,extra-mercado,Extra Mercado,ipca-sp-1115016,1115016,1.000000000000,2
2026-07-13,2026-07-12,pao-de-acucar,Pão de Açúcar,ipca-sp-1115016,1115016,1.000000000000,2
2026-07-13,2026-07-12,pao-de-acucar,Pão de Açúcar,ipca-sp-1115039,1115039,1.000000000000,1
2026-07-13,2026-07-12,carrefour,Carrefour Mercado,ipca-sp-1115057,1115057,1.000000000000,5
2026-07-13,2026-07-12,extra-mercado,Extra Mercado,ipca-sp-1115057,1115057,1.000000000000,5
2026-07-13,2026-07-12,pao-de-acucar,Pão de Açúcar,ipca-sp-1115057,1115057,1.000000000000,9
2026-07-13,2026-07-12,st-marche,St Marché,ipca-sp-1115057,1115057,1.000000000000,1
2026-07-13,2026-07-12,extra-mercado,Extra Mercado,ipca-sp-1115058,1115058,1.000000000000,1
2026-07-13,2026-07-12,carrefour,Carrefour Mercado,ipca-sp-1115075,1115075,1.000000000000,3
2026-07-13,2026-07-12,extra-mercado,Extra Mercado,ipca-sp-1115075,1115075,1.000000000000,3
2026-07-13,2026-07-12,pao-de-acucar,Pão de Açúcar,ipca-sp-1115075,1115075,1.000000000000,2
2026-07-13,2026-07-12,carrefour,Carrefour Mercado,ipca-sp-1116005,1116005,1.000000000000,7
2026-07-13,2026-07-12,extra-mercado,Extra Mercado,ipca-sp-1116005,1116005,0.981892037564,10
2026-07-13,2026-07-12,pao-de-acucar,Pão de Açúcar,ipca-sp-1116005,1116005,1.000000000000,3
2026-07-13,2026-07-12,st-marche,St Marché,ipca-sp-1116005,1116005,1.000000000000,2
2026-07-13,2026-07-12,extra-mercado,Extra Mercado,ipca-sp-1116010,1116010,1.000000000000,3
2026-07-13,2026-07-12,pao-de-acucar,Pão de Açúcar,ipca-sp-1116010,1116010,1.000000000000,2
2026-07-13,2026-07-12,st-marche,St Marché,ipca-sp-1116010,1116010,1.000000000000,4
2026-07-13,2026-07-12,carrefour,Carrefour Mercado,ipca-sp-1116033,1116033,1.000000000000,3
2026-07-13,2026-07-12,extra-mercado,Extra Mercado,ipca-sp-1116033,1116033,1.000000000000,3
2026-07-13,2026-07-12,pao-de-acucar,Pão de Açúcar,ipca-sp-1116033,1116033,1.000000000000,2
2026-07-13,2026-07-12,st-marche,St Marché,ipca-sp-1116033,1116033,1.000000000000,1
2026-07-13,2026-07-12,carrefour,Carrefour Mercado,ipca-sp-1116041,1116041,1.000000000000,1
2026-07-13,2026-07-12,extra-mercado,Extra Mercado,ipca-sp-1116041,1116041,1.000000000000,2
2026-07-13,2026-07-12,pao-de-acucar,Pão de Açúcar,ipca-sp-1116041,1116041,1.000000000000,4
2026-07-13,2026-07-12,st-marche,St Marché,ipca-sp-1116041,1116041,1.000000000000,1
2026-07-13,2026-07-12,carrefour,Carrefour Mercado,ipca-sp-1116071,1116071,1.000000000000,3
2026-07-13,2026-07-12,extra-mercado,Extra Mercado,ipca-sp-1116071,1116071,1.000000000000,4
2026-07-13,2026-07-12,pao-de-acucar,Pão de Açúcar,ipca-sp-1116071,1116071,1.000000000000,6
2026-07-14,2026-07-13,carrefour,Carrefour Mercado,ipca-sp-1101002,1101002,1.000000000000,8
2026-07-14,2026-07-13,extra-mercado,Extra Mercado,ipca-sp-1101002,1101002,1.000000000000,5
2026-07-14,2026-07-13,pao-de-acucar,Pão de Açúcar,ipca-sp-1101002,1101002,1.000000000000,9
2026-07-14,2026-07-13,carrefour,Carrefour Mercado,ipca-sp-1101073,1101073,1.000000000000,1
2026-07-14,2026-07-13,extra-mercado,Extra Mercado,ipca-sp-1101073,1101073,1.000000000000,1
2026-07-14,2026-07-13,carrefour,Carrefour Mercado,ipca-sp-1102006,1102006,1.000000000000,14
2026-07-14,2026-07-13,extra-mercado,Extra Mercado,ipca-sp-1102006,1102006,1.012620818056,8
2026-07-14,2026-07-13,pao-de-acucar,Pão de Açúcar,ipca-sp-1102006,1102006,1.000000000000,3
2026-07-14,2026-07-13,st-marche,St Marché,ipca-sp-1102006,1102006,1.000000000000,5
2026-07-14,2026-07-13,carrefour,Carrefour Mercado,ipca-sp-1102012,1102012,1.000000000000,1
2026-07-14,2026-07-13,extra-mercado,Extra Mercado,ipca-sp-1102012,1102012,1.000000000000,1
2026-07-14,2026-07-13,st-marche,St Marché,ipca-sp-1102012,1102012,1.000000000000,1
2026-07-14,2026-07-13,carrefour,Carrefour Mercado,ipca-sp-1102023,1102023,1.000000000000,2
2026-07-14,2026-07-13,carrefour,Carrefour Mercado,ipca-sp-1102029,1102029,1.000000000000,6
2026-07-14,2026-07-13,extra-mercado,Extra Mercado,ipca-sp-1102029,1102029,1.000000000000,10
2026-07-14,2026-07-13,pao-de-acucar,Pão de Açúcar,ipca-sp-1102029,1102029,1.029908641917,8
2026-07-14,2026-07-13,st-marche,St Marché,ipca-sp-1102029,1102029,1.000000000000,10
2026-07-14,2026-07-13,carrefour,Carrefour Mercado,ipca-sp-1102061,1102061,1.000000000000,3
2026-07-14,2026-07-13,extra-mercado,Extra Mercado,ipca-sp-1102061,1102061,1.082282770221,7
2026-07-14,2026-07-13,pao-de-acucar,Pão de Açúcar,ipca-sp-1102061,1102061,1.000000000000,1
2026-07-14,2026-07-13,st-marche,St Marché,ipca-sp-1102061,1102061,1.000000000000,2
2026-07-14,2026-07-13,carrefour,Carrefour Mercado,ipca-sp-1103003,1103003,1.000000000000,2
2026-07-14,2026-07-13,extra-mercado,Extra Mercado,ipca-sp-1103003,1103003,1.000000000000,6
2026-07-14,2026-07-13,pao-de-acucar,Pão de Açúcar,ipca-sp-1103003,1103003,1.000000000000,4
2026-07-14,2026-07-13,st-marche,St Marché,ipca-sp-1103003,1103003,1.000000000000,1
2026-07-14,2026-07-13,pao-de-acucar,Pão de Açúcar,ipca-sp-1103020,1103020,1.000000000000,1
2026-07-14,2026-07-13,st-marche,St Marché,ipca-sp-1103020,1103020,1.000000000000,1
2026-07-14,2026-07-13,extra-mercado,Extra Mercado,ipca-sp-1103026,1103026,1.000000000000,1
2026-07-14,2026-07-13,st-marche,St Marché,ipca-sp-1103026,1103026,1.000000000000,1
2026-07-14,2026-07-13,carrefour,Carrefour Mercado,ipca-sp-1103028,1103028,1.000000000000,4
2026-07-14,2026-07-13,extra-mercado,Extra Mercado,ipca-sp-1103028,1103028,1.000000000000,1
2026-07-14,2026-07-13,pao-de-acucar,Pão de Açúcar,ipca-sp-1103028,1103028,1.000000000000,1
2026-07-14,2026-07-13,carrefour,Carrefour Mercado,ipca-sp-1103043,1103043,1.000000000000,1
2026-07-14,2026-07-13,extra-mercado,Extra Mercado,ipca-sp-1103043,1103043,1.000000000000,1
2026-07-14,2026-07-13,st-marche,St Marché,ipca-sp-1103043,1103043,1.000000000000,3
2026-07-14,2026-07-13,extra-mercado,Extra Mercado,ipca-sp-1103044,1103044,1.000000000000,1
2026-07-14,2026-07-13,carrefour,Carrefour Mercado,ipca-sp-1104003,1104003,1.000000000000,1
2026-07-14,2026-07-13,carrefour,Carrefour Mercado,ipca-sp-1104023,1104023,1.093375929113,14
2026-07-14,2026-07-13,extra-mercado,Extra Mercado,ipca-sp-1104023,1104023,1.035724355938,35
2026-07-14,2026-07-13,pao-de-acucar,Pão de Açúcar,ipca-sp-1104023,1104023,1.000000000000,23
2026-07-14,2026-07-13,st-marche,St Marché,ipca-sp-1104023,1104023,1.000000000000,5
2026-07-14,2026-07-13,carrefour,Carrefour Mercado,ipca-sp-1104032,1104032,0.939479448905,6
2026-07-14,2026-07-13,extra-mercado,Extra Mercado,ipca-sp-1104032,1104032,1.094876334805,6
2026-07-14,2026-07-13,pao-de-acucar,Pão de Açúcar,ipca-sp-1104032,1104032,1.036049162861,28
2026-07-14,2026-07-13,st-marche,St Marché,ipca-sp-1104032,1104032,1.020825582108,26
2026-07-14,2026-07-13,carrefour,Carrefour Mercado,ipca-sp-1104052,1104052,1.000000000000,1
2026-07-14,2026-07-13,extra-mercado,Extra Mercado,ipca-sp-1104052,1104052,1.073162656911,5
2026-07-14,2026-07-13,pao-de-acucar,Pão de Açúcar,ipca-sp-1104052,1104052,1.000000000000,7
2026-07-14,2026-07-13,st-marche,St Marché,ipca-sp-1104052,1104052,1.000000000000,3
2026-07-14,2026-07-13,carrefour,Carrefour Mercado,ipca-sp-1105001,1105001,1.000000000000,1
2026-07-14,2026-07-13,st-marche,St Marché,ipca-sp-1105001,1105001,1.000000000000,2
2026-07-14,2026-07-13,carrefour,Carrefour Mercado,ipca-sp-1105005,1105005,1.000000000000,1
2026-07-14,2026-07-13,extra-mercado,Extra Mercado,ipca-sp-1105010,1105010,1.000000000000,1
2026-07-14,2026-07-13,carrefour,Carrefour Mercado,ipca-sp-1105012,1105012,1.000000000000,1
2026-07-14,2026-07-13,extra-mercado,Extra Mercado,ipca-sp-1105012,1105012,1.000000000000,1
2026-07-14,2026-07-13,carrefour,Carrefour Mercado,ipca-sp-1105019,1105019,1.000000000000,2
2026-07-14,2026-07-13,pao-de-acucar,Pão de Açúcar,ipca-sp-1105019,1105019,1.000000000000,1
2026-07-14,2026-07-13,st-marche,St Marché,ipca-sp-1105019,1105019,1.000000000000,2
2026-07-14,2026-07-13,carrefour,Carrefour Mercado,ipca-sp-1106017,1106017,1.000000000000,2
2026-07-14,2026-07-13,extra-mercado,Extra Mercado,ipca-sp-1106017,1106017,1.000000000000,1
2026-07-14,2026-07-13,st-marche,St Marché,ipca-sp-1106017,1106017,1.000000000000,1
2026-07-14,2026-07-13,extra-mercado,Extra Mercado,ipca-sp-1106018,1106018,1.000000000000,2
2026-07-14,2026-07-13,pao-de-acucar,Pão de Açúcar,ipca-sp-1106018,1106018,1.000000000000,1
2026-07-14,2026-07-13,st-marche,St Marché,ipca-sp-1106018,1106018,1.000000000000,2
2026-07-14,2026-07-13,st-marche,St Marché,ipca-sp-1106019,1106019,1.000000000000,3
2026-07-14,2026-07-13,extra-mercado,Extra Mercado,ipca-sp-1106023,1106023,1.000000000000,1
2026-07-14,2026-07-13,st-marche,St Marché,ipca-sp-1106023,1106023,1.000000000000,1
2026-07-14,2026-07-13,st-marche,St Marché,ipca-sp-1106027,1106027,1.000000000000,3
2026-07-14,2026-07-13,extra-mercado,Extra Mercado,ipca-sp-1106028,1106028,1.000000000000,1
2026-07-14,2026-07-13,pao-de-acucar,Pão de Açúcar,ipca-sp-1106028,1106028,1.000000000000,1
2026-07-14,2026-07-13,st-marche,St Marché,ipca-sp-1106028,1106028,1.000000000000,1
2026-07-14,2026-07-13,extra-mercado,Extra Mercado,ipca-sp-1106039,1106039,1.502092050209,1
2026-07-14,2026-07-13,carrefour,Carrefour Mercado,ipca-sp-1107018,1107018,1.000000000000,6
2026-07-14,2026-07-13,extra-mercado,Extra Mercado,ipca-sp-1107018,1107018,1.000000000000,10
2026-07-14,2026-07-13,pao-de-acucar,Pão de Açúcar,ipca-sp-1107018,1107018,1.000000000000,13
2026-07-14,2026-07-13,st-marche,St Marché,ipca-sp-1107018,1107018,1.000000000000,4
2026-07-14,2026-07-13,extra-mercado,Extra Mercado,ipca-sp-1107084,1107084,1.000000000000,1
2026-07-14,2026-07-13,pao-de-acucar,Pão de Açúcar,ipca-sp-1107084,1107084,0.969173382829,6
2026-07-14,2026-07-13,carrefour,Carrefour Mercado,ipca-sp-1107087,1107087,1.000000000000,1
2026-07-14,2026-07-13,pao-de-acucar,Pão de Açúcar,ipca-sp-1107087,1107087,1.000000000000,1
2026-07-14,2026-07-13,st-marche,St Marché,ipca-sp-1107087,1107087,1.000000000000,1
2026-07-14,2026-07-13,pao-de-acucar,Pão de Açúcar,ipca-sp-1107088,1107088,1.000000000000,2
2026-07-14,2026-07-13,carrefour,Carrefour Mercado,ipca-sp-1107089,1107089,1.000000000000,1
2026-07-14,2026-07-13,st-marche,St Marché,ipca-sp-1107089,1107089,1.000000000000,2
2026-07-14,2026-07-13,pao-de-acucar,Pão de Açúcar,ipca-sp-1107091,1107091,1.000000000000,2
2026-07-14,2026-07-13,st-marche,St Marché,ipca-sp-1107091,1107091,1.000000000000,1
2026-07-14,2026-07-13,pao-de-acucar,Pão de Açúcar,ipca-sp-1107093,1107093,0.829424307036,1
2026-07-14,2026-07-13,extra-mercado,Extra Mercado,ipca-sp-1107094,1107094,1.000000000000,1
2026-07-14,2026-07-13,pao-de-acucar,Pão de Açúcar,ipca-sp-1107094,1107094,1.000000000000,1
2026-07-14,2026-07-13,st-marche,St Marché,ipca-sp-1107094,1107094,1.000000000000,1
2026-07-14,2026-07-13,extra-mercado,Extra Mercado,ipca-sp-1107095,1107095,1.000000000000,1
2026-07-14,2026-07-13,pao-de-acucar,Pão de Açúcar,ipca-sp-1107095,1107095,1.000000000000,1
2026-07-14,2026-07-13,st-marche,St Marché,ipca-sp-1107095,1107095,1.000000000000,2
2026-07-14,2026-07-13,extra-mercado,Extra Mercado,ipca-sp-1107099,1107099,1.000000000000,1
2026-07-14,2026-07-13,pao-de-acucar,Pão de Açúcar,ipca-sp-1107099,1107099,1.000000000000,2
2026-07-14,2026-07-13,st-marche,St Marché,ipca-sp-1107099,1107099,1.000000000000,1
2026-07-14,2026-07-13,carrefour,Carrefour Mercado,ipca-sp-1108031,1108031,1.000000000000,2
2026-07-14,2026-07-13,extra-mercado,Extra Mercado,ipca-sp-1108031,1108031,1.000000000000,1
2026-07-14,2026-07-13,pao-de-acucar,Pão de Açúcar,ipca-sp-1108038,1108038,1.000000000000,1
2026-07-14,2026-07-13,st-marche,St Marché,ipca-sp-1108038,1108038,1.000000000000,1
2026-07-14,2026-07-13,extra-mercado,Extra Mercado,ipca-sp-1108075,1108075,1.000000000000,1
2026-07-14,2026-07-13,pao-de-acucar,Pão de Açúcar,ipca-sp-1108075,1108075,1.000000000000,11
2026-07-14,2026-07-13,carrefour,Carrefour Mercado,ipca-sp-1108080,1108080,1.000000000000,3
2026-07-14,2026-07-13,extra-mercado,Extra Mercado,ipca-sp-1108080,1108080,1.000000000000,1
2026-07-14,2026-07-13,pao-de-acucar,Pão de Açúcar,ipca-sp-1108080,1108080,1.000000000000,1
2026-07-14,2026-07-13,st-marche,St Marché,ipca-sp-1108080,1108080,1.000000000000,1
2026-07-14,2026-07-13,carrefour,Carrefour Mercado,ipca-sp-1109002,1109002,1.000000000000,1
2026-07-14,2026-07-13,pao-de-acucar,Pão de Açúcar,ipca-sp-1109002,1109002,1.080381451279,2
2026-07-14,2026-07-13,st-marche,St Marché,ipca-sp-1109002,1109002,1.000000000000,5
2026-07-14,2026-07-13,carrefour,Carrefour Mercado,ipca-sp-1109007,1109007,1.000000000000,2
2026-07-14,2026-07-13,extra-mercado,Extra Mercado,ipca-sp-1109007,1109007,1.000000000000,3
2026-07-14,2026-07-13,pao-de-acucar,Pão de Açúcar,ipca-sp-1109007,1109007,1.000000000000,8
2026-07-14,2026-07-13,carrefour,Carrefour Mercado,ipca-sp-1109008,1109008,1.000000000000,2
2026-07-14,2026-07-13,extra-mercado,Extra Mercado,ipca-sp-1109008,1109008,1.000000000000,5
2026-07-14,2026-07-13,pao-de-acucar,Pão de Açúcar,ipca-sp-1109008,1109008,1.000000000000,15
2026-07-14,2026-07-13,st-marche,St Marché,ipca-sp-1109008,1109008,1.000000000000,8
2026-07-14,2026-07-13,carrefour,Carrefour Mercado,ipca-sp-1109010,1109010,1.000000000000,3
2026-07-14,2026-07-13,extra-mercado,Extra Mercado,ipca-sp-1109010,1109010,1.000000000000,3
2026-07-14,2026-07-13,st-marche,St Marché,ipca-sp-1109010,1109010,1.000000000000,2
2026-07-14,2026-07-13,extra-mercado,Extra Mercado,ipca-sp-1110009,1110009,1.000000000000,1
2026-07-14,2026-07-13,pao-de-acucar,Pão de Açúcar,ipca-sp-1110009,1110009,1.000000000000,4
2026-07-14,2026-07-13,st-marche,St Marché,ipca-sp-1110009,1110009,1.000000000000,1
2026-07-14,2026-07-13,carrefour,Carrefour Mercado,ipca-sp-1110010,1110010,1.000000000000,14
2026-07-14,2026-07-13,extra-mercado,Extra Mercado,ipca-sp-1110010,1110010,0.991433190645,13
2026-07-14,2026-07-13,pao-de-acucar,Pão de Açúcar,ipca-sp-1110010,1110010,1.000000000000,13
2026-07-14,2026-07-13,st-marche,St Marché,ipca-sp-1110010,1110010,1.000000000000,17
2026-07-14,2026-07-13,carrefour,Carrefour Mercado,ipca-sp-1110044,1110044,1.000000000000,1
2026-07-14,2026-07-13,extra-mercado,Extra Mercado,ipca-sp-1110044,1110044,0.923792773870,4
2026-07-14,2026-07-13,pao-de-acucar,Pão de Açúcar,ipca-sp-1110044,1110044,1.000000000000,5
2026-07-14,2026-07-13,st-marche,St Marché,ipca-sp-1110044,1110044,1.000000000000,2
2026-07-14,2026-07-13,carrefour,Carrefour Mercado,ipca-sp-1111004,1111004,0.982534827119,5
2026-07-14,2026-07-13,extra-mercado,Extra Mercado,ipca-sp-1111004,1111004,1.000000000000,4
2026-07-14,2026-07-13,st-marche,St Marché,ipca-sp-1111004,1111004,1.000000000000,5
2026-07-14,2026-07-13,carrefour,Carrefour Mercado,ipca-sp-1111009,1111009,1.000000000000,3
2026-07-14,2026-07-13,extra-mercado,Extra Mercado,ipca-sp-1111009,1111009,1.000000000000,2
2026-07-14,2026-07-13,pao-de-acucar,Pão de Açúcar,ipca-sp-1111009,1111009,0.942263714821,5
2026-07-14,2026-07-13,carrefour,Carrefour Mercado,ipca-sp-1111011,1111011,0.977541744220,10
2026-07-14,2026-07-13,extra-mercado,Extra Mercado,ipca-sp-1111011,1111011,1.000000000000,14
2026-07-14,2026-07-13,pao-de-acucar,Pão de Açúcar,ipca-sp-1111011,1111011,1.000000000000,74
2026-07-14,2026-07-13,st-marche,St Marché,ipca-sp-1111011,1111011,1.000000000000,19
2026-07-14,2026-07-13,carrefour,Carrefour Mercado,ipca-sp-1111019,1111019,0.993150450886,31
2026-07-14,2026-07-13,extra-mercado,Extra Mercado,ipca-sp-1111019,1111019,1.000000000000,59
2026-07-14,2026-07-13,pao-de-acucar,Pão de Açúcar,ipca-sp-1111019,1111019,1.000000000000,11
2026-07-14,2026-07-13,st-marche,St Marché,ipca-sp-1111019,1111019,1.006174596798,26
2026-07-14,2026-07-13,carrefour,Carrefour Mercado,ipca-sp-1111021,1111021,0.967306798281,5
2026-07-14,2026-07-13,extra-mercado,Extra Mercado,ipca-sp-1111021,1111021,1.000000000000,4
2026-07-14,2026-07-13,pao-de-acucar,Pão de Açúcar,ipca-sp-1111021,1111021,1.000000000000,4
2026-07-14,2026-07-13,st-marche,St Marché,ipca-sp-1111021,1111021,1.000000000000,10
2026-07-14,2026-07-13,carrefour,Carrefour Mercado,ipca-sp-1112003,1112003,0.977366953895,22
2026-07-14,2026-07-13,extra-mercado,Extra Mercado,ipca-sp-1112003,1112003,1.008209983083,48
2026-07-14,2026-07-13,pao-de-acucar,Pão de Açúcar,ipca-sp-1112003,1112003,1.026620120741,13
2026-07-14,2026-07-13,st-marche,St Marché,ipca-sp-1112003,1112003,1.000000000000,16
2026-07-14,2026-07-13,extra-mercado,Extra Mercado,ipca-sp-1112015,1112015,1.000000000000,1
2026-07-14,2026-07-13,st-marche,St Marché,ipca-sp-1112015,1112015,1.000000000000,1
2026-07-14,2026-07-13,carrefour,Carrefour Mercado,ipca-sp-1112017,1112017,1.000000000000,1
2026-07-14,2026-07-13,extra-mercado,Extra Mercado,ipca-sp-1112017,1112017,1.000000000000,3
2026-07-14,2026-07-13,st-marche,St Marché,ipca-sp-1112017,1112017,1.000000000000,4
2026-07-14,2026-07-13,carrefour,Carrefour Mercado,ipca-sp-1112018,1112018,0.986993216788,17
2026-07-14,2026-07-13,extra-mercado,Extra Mercado,ipca-sp-1112018,1112018,1.008917852454,17
2026-07-14,2026-07-13,pao-de-acucar,Pão de Açúcar,ipca-sp-1112018,1112018,1.000000000000,1
2026-07-14,2026-07-13,st-marche,St Marché,ipca-sp-1112018,1112018,1.000000000000,4
2026-07-14,2026-07-13,carrefour,Carrefour Mercado,ipca-sp-1112019,1112019,1.011440840016,10
2026-07-14,2026-07-13,extra-mercado,Extra Mercado,ipca-sp-1112019,1112019,1.000000000000,17
2026-07-14,2026-07-13,pao-de-acucar,Pão de Açúcar,ipca-sp-1112019,1112019,1.000000000000,7
2026-07-14,2026-07-13,st-marche,St Marché,ipca-sp-1112019,1112019,1.000000000000,27
2026-07-14,2026-07-13,carrefour,Carrefour Mercado,ipca-sp-1113013,1113013,1.000000000000,2
2026-07-14,2026-07-13,extra-mercado,Extra Mercado,ipca-sp-1113013,1113013,1.000000000000,1
2026-07-14,2026-07-13,st-marche,St Marché,ipca-sp-1113013,1113013,1.000000000000,1
2026-07-14,2026-07-13,carrefour,Carrefour Mercado,ipca-sp-1113014,1113014,0.960637148349,4
2026-07-14,2026-07-13,extra-mercado,Extra Mercado,ipca-sp-1113014,1113014,1.000000000000,2
2026-07-14,2026-07-13,pao-de-acucar,Pão de Açúcar,ipca-sp-1113014,1113014,1.000000000000,7
2026-07-14,2026-07-13,st-marche,St Marché,ipca-sp-1113014,1113014,1.000000000000,1
2026-07-14,2026-07-13,carrefour,Carrefour Mercado,ipca-sp-1113040,1113040,1.000000000000,4
2026-07-14,2026-07-13,extra-mercado,Extra Mercado,ipca-sp-1113040,1113040,1.000000000000,2
2026-07-14,2026-07-13,pao-de-acucar,Pão de Açúcar,ipca-sp-1113040,1113040,1.000000000000,1
2026-07-14,2026-07-13,carrefour,Carrefour Mercado,ipca-sp-1114001,1114001,0.988954715961,29
2026-07-14,2026-07-13,extra-mercado,Extra Mercado,ipca-sp-1114001,1114001,0.926222401756,5
2026-07-14,2026-07-13,pao-de-acucar,Pão de Açúcar,ipca-sp-1114001,1114001,1.000000000000,4
2026-07-14,2026-07-13,st-marche,St Marché,ipca-sp-1114001,1114001,1.000000000000,12
2026-07-14,2026-07-13,carrefour,Carrefour Mercado,ipca-sp-1114022,1114022,0.990155848110,11
2026-07-14,2026-07-13,extra-mercado,Extra Mercado,ipca-sp-1114022,1114022,1.020366925550,15
2026-07-14,2026-07-13,pao-de-acucar,Pão de Açúcar,ipca-sp-1114022,1114022,1.000000000000,26
2026-07-14,2026-07-13,st-marche,St Marché,ipca-sp-1114022,1114022,1.000000000000,2
2026-07-14,2026-07-13,carrefour,Carrefour Mercado,ipca-sp-1114083,1114083,0.974070941849,31
2026-07-14,2026-07-13,extra-mercado,Extra Mercado,ipca-sp-1114083,1114083,0.986133636016,12
2026-07-14,2026-07-13,st-marche,St Marché,ipca-sp-1114083,1114083,1.000000000000,37
2026-07-14,2026-07-13,carrefour,Carrefour Mercado,ipca-sp-1114084,1114084,1.007219939181,12
2026-07-14,2026-07-13,extra-mercado,Extra Mercado,ipca-sp-1114084,1114084,1.059014800821,10
2026-07-14,2026-07-13,pao-de-acucar,Pão de Açúcar,ipca-sp-1114084,1114084,1.000000000000,2
2026-07-14,2026-07-13,carrefour,Carrefour Mercado,ipca-sp-1114087,1114087,1.000000000000,9
2026-07-14,2026-07-13,extra-mercado,Extra Mercado,ipca-sp-1114087,1114087,1.000000000000,3
2026-07-14,2026-07-13,pao-de-acucar,Pão de Açúcar,ipca-sp-1114087,1114087,1.000000000000,41
2026-07-14,2026-07-13,st-marche,St Marché,ipca-sp-1114087,1114087,1.000000000000,65
2026-07-14,2026-07-13,carrefour,Carrefour Mercado,ipca-sp-1114090,1114090,1.000000000000,5
2026-07-14,2026-07-13,extra-mercado,Extra Mercado,ipca-sp-1114090,1114090,1.000000000000,5
2026-07-14,2026-07-13,st-marche,St Marché,ipca-sp-1114090,1114090,1.000000000000,2
2026-07-14,2026-07-13,extra-mercado,Extra Mercado,ipca-sp-1115016,1115016,1.000000000000,2
2026-07-14,2026-07-13,pao-de-acucar,Pão de Açúcar,ipca-sp-1115016,1115016,1.000000000000,2
2026-07-14,2026-07-13,pao-de-acucar,Pão de Açúcar,ipca-sp-1115039,1115039,1.000000000000,1
2026-07-14,2026-07-13,carrefour,Carrefour Mercado,ipca-sp-1115057,1115057,1.000000000000,5
2026-07-14,2026-07-13,extra-mercado,Extra Mercado,ipca-sp-1115057,1115057,1.000000000000,5
2026-07-14,2026-07-13,pao-de-acucar,Pão de Açúcar,ipca-sp-1115057,1115057,1.000000000000,9
2026-07-14,2026-07-13,st-marche,St Marché,ipca-sp-1115057,1115057,1.000000000000,1
2026-07-14,2026-07-13,extra-mercado,Extra Mercado,ipca-sp-1115058,1115058,1.000000000000,1
2026-07-14,2026-07-13,carrefour,Carrefour Mercado,ipca-sp-1115075,1115075,1.000000000000,3
2026-07-14,2026-07-13,extra-mercado,Extra Mercado,ipca-sp-1115075,1115075,1.000000000000,3
2026-07-14,2026-07-13,pao-de-acucar,Pão de Açúcar,ipca-sp-1115075,1115075,1.000000000000,2
2026-07-14,2026-07-13,carrefour,Carrefour Mercado,ipca-sp-1116005,1116005,1.000000000000,7
2026-07-14,2026-07-13,extra-mercado,Extra Mercado,ipca-sp-1116005,1116005,1.063397057129,10
2026-07-14,2026-07-13,pao-de-acucar,Pão de Açúcar,ipca-sp-1116005,1116005,1.000000000000,3
2026-07-14,2026-07-13,st-marche,St Marché,ipca-sp-1116005,1116005,1.000000000000,2
2026-07-14,2026-07-13,carrefour,Carrefour Mercado,ipca-sp-1116010,1116010,1.000000000000,1
2026-07-14,2026-07-13,extra-mercado,Extra Mercado,ipca-sp-1116010,1116010,1.000000000000,3
2026-07-14,2026-07-13,pao-de-acucar,Pão de Açúcar,ipca-sp-1116010,1116010,1.000000000000,2
2026-07-14,2026-07-13,st-marche,St Marché,ipca-sp-1116010,1116010,1.000000000000,4
2026-07-14,2026-07-13,carrefour,Carrefour Mercado,ipca-sp-1116033,1116033,1.000000000000,3
2026-07-14,2026-07-13,extra-mercado,Extra Mercado,ipca-sp-1116033,1116033,1.097573006183,3
2026-07-14,2026-07-13,pao-de-acucar,Pão de Açúcar,ipca-sp-1116033,1116033,1.000000000000,2
2026-07-14,2026-07-13,st-marche,St Marché,ipca-sp-1116033,1116033,1.000000000000,1
2026-07-14,2026-07-13,carrefour,Carrefour Mercado,ipca-sp-1116041,1116041,1.000000000000,1
2026-07-14,2026-07-13,extra-mercado,Extra Mercado,ipca-sp-1116041,1116041,1.000000000000,2
2026-07-14,2026-07-13,pao-de-acucar,Pão de Açúcar,ipca-sp-1116041,1116041,1.000000000000,4
2026-07-14,2026-07-13,st-marche,St Marché,ipca-sp-1116041,1116041,1.000000000000,1
2026-07-14,2026-07-13,carrefour,Carrefour Mercado,ipca-sp-1116071,1116071,1.000000000000,3
2026-07-14,2026-07-13,extra-mercado,Extra Mercado,ipca-sp-1116071,1116071,1.000000000000,4
2026-07-14,2026-07-13,pao-de-acucar,Pão de Açúcar,ipca-sp-1116071,1116071,1.000000000000,6
2026-07-15,2026-07-14,carrefour,Carrefour Mercado,ipca-sp-1101002,1101002,0.986911384114,8
2026-07-15,2026-07-14,extra-mercado,Extra Mercado,ipca-sp-1101002,1101002,1.000000000000,5
2026-07-15,2026-07-14,pao-de-acucar,Pão de Açúcar,ipca-sp-1101002,1101002,1.000000000000,9
2026-07-15,2026-07-14,carrefour,Carrefour Mercado,ipca-sp-1101073,1101073,1.000000000000,1
2026-07-15,2026-07-14,extra-mercado,Extra Mercado,ipca-sp-1101073,1101073,1.000000000000,1
2026-07-15,2026-07-14,carrefour,Carrefour Mercado,ipca-sp-1102006,1102006,1.000000000000,14
2026-07-15,2026-07-14,extra-mercado,Extra Mercado,ipca-sp-1102006,1102006,1.000000000000,8
2026-07-15,2026-07-14,pao-de-acucar,Pão de Açúcar,ipca-sp-1102006,1102006,1.000000000000,3
2026-07-15,2026-07-14,st-marche,St Marché,ipca-sp-1102006,1102006,1.000000000000,6
2026-07-15,2026-07-14,carrefour,Carrefour Mercado,ipca-sp-1102012,1102012,1.000000000000,1
2026-07-15,2026-07-14,extra-mercado,Extra Mercado,ipca-sp-1102012,1102012,1.000000000000,1
2026-07-15,2026-07-14,st-marche,St Marché,ipca-sp-1102012,1102012,1.000000000000,1
2026-07-15,2026-07-14,carrefour,Carrefour Mercado,ipca-sp-1102023,1102023,1.183614547151,2
2026-07-15,2026-07-14,carrefour,Carrefour Mercado,ipca-sp-1102029,1102029,1.000000000000,6
2026-07-15,2026-07-14,extra-mercado,Extra Mercado,ipca-sp-1102029,1102029,1.000000000000,10
2026-07-15,2026-07-14,pao-de-acucar,Pão de Açúcar,ipca-sp-1102029,1102029,1.000000000000,8
2026-07-15,2026-07-14,st-marche,St Marché,ipca-sp-1102029,1102029,1.003057632793,14
2026-07-15,2026-07-14,carrefour,Carrefour Mercado,ipca-sp-1102061,1102061,1.000000000000,3
2026-07-15,2026-07-14,extra-mercado,Extra Mercado,ipca-sp-1102061,1102061,1.000000000000,7
2026-07-15,2026-07-14,pao-de-acucar,Pão de Açúcar,ipca-sp-1102061,1102061,1.000000000000,1
2026-07-15,2026-07-14,st-marche,St Marché,ipca-sp-1102061,1102061,1.000000000000,2
2026-07-15,2026-07-14,carrefour,Carrefour Mercado,ipca-sp-1103003,1103003,1.000000000000,2
2026-07-15,2026-07-14,extra-mercado,Extra Mercado,ipca-sp-1103003,1103003,0.935740612663,6
2026-07-15,2026-07-14,pao-de-acucar,Pão de Açúcar,ipca-sp-1103003,1103003,1.000000000000,4
2026-07-15,2026-07-14,st-marche,St Marché,ipca-sp-1103003,1103003,1.000000000000,1
2026-07-15,2026-07-14,pao-de-acucar,Pão de Açúcar,ipca-sp-1103020,1103020,1.000000000000,1
2026-07-15,2026-07-14,st-marche,St Marché,ipca-sp-1103020,1103020,1.000000000000,1
2026-07-15,2026-07-14,extra-mercado,Extra Mercado,ipca-sp-1103026,1103026,1.000000000000,1
2026-07-15,2026-07-14,st-marche,St Marché,ipca-sp-1103026,1103026,1.000000000000,1
2026-07-15,2026-07-14,carrefour,Carrefour Mercado,ipca-sp-1103028,1103028,0.960536223726,4
2026-07-15,2026-07-14,extra-mercado,Extra Mercado,ipca-sp-1103028,1103028,1.000000000000,1
2026-07-15,2026-07-14,pao-de-acucar,Pão de Açúcar,ipca-sp-1103028,1103028,1.000000000000,1
2026-07-15,2026-07-14,carrefour,Carrefour Mercado,ipca-sp-1103043,1103043,1.000000000000,1
2026-07-15,2026-07-14,extra-mercado,Extra Mercado,ipca-sp-1103043,1103043,1.000000000000,1
2026-07-15,2026-07-14,st-marche,St Marché,ipca-sp-1103043,1103043,1.000000000000,3
2026-07-15,2026-07-14,extra-mercado,Extra Mercado,ipca-sp-1103044,1103044,1.000000000000,1
2026-07-15,2026-07-14,carrefour,Carrefour Mercado,ipca-sp-1104003,1104003,1.000000000000,1
2026-07-15,2026-07-14,carrefour,Carrefour Mercado,ipca-sp-1104023,1104023,1.017422399141,14
2026-07-15,2026-07-14,extra-mercado,Extra Mercado,ipca-sp-1104023,1104023,0.996546952334,35
2026-07-15,2026-07-14,pao-de-acucar,Pão de Açúcar,ipca-sp-1104023,1104023,0.999084860615,23
2026-07-15,2026-07-14,st-marche,St Marché,ipca-sp-1104023,1104023,1.000000000000,5
2026-07-15,2026-07-14,carrefour,Carrefour Mercado,ipca-sp-1104032,1104032,1.000000000000,6
2026-07-15,2026-07-14,extra-mercado,Extra Mercado,ipca-sp-1104032,1104032,1.000000000000,6
2026-07-15,2026-07-14,pao-de-acucar,Pão de Açúcar,ipca-sp-1104032,1104032,0.979008719989,28
2026-07-15,2026-07-14,st-marche,St Marché,ipca-sp-1104032,1104032,1.004376602449,26
2026-07-15,2026-07-14,carrefour,Carrefour Mercado,ipca-sp-1104052,1104052,1.000000000000,1
2026-07-15,2026-07-14,extra-mercado,Extra Mercado,ipca-sp-1104052,1104052,1.000000000000,6
2026-07-15,2026-07-14,pao-de-acucar,Pão de Açúcar,ipca-sp-1104052,1104052,0.808858027310,7
2026-07-15,2026-07-14,st-marche,St Marché,ipca-sp-1104052,1104052,1.000000000000,3
2026-07-15,2026-07-14,carrefour,Carrefour Mercado,ipca-sp-1105001,1105001,1.000000000000,1
2026-07-15,2026-07-14,st-marche,St Marché,ipca-sp-1105001,1105001,1.000000000000,2
2026-07-15,2026-07-14,carrefour,Carrefour Mercado,ipca-sp-1105005,1105005,1.000000000000,1
2026-07-15,2026-07-14,extra-mercado,Extra Mercado,ipca-sp-1105010,1105010,1.000000000000,1
2026-07-15,2026-07-14,carrefour,Carrefour Mercado,ipca-sp-1105012,1105012,1.000000000000,1
2026-07-15,2026-07-14,extra-mercado,Extra Mercado,ipca-sp-1105012,1105012,1.000000000000,1
2026-07-15,2026-07-14,carrefour,Carrefour Mercado,ipca-sp-1105019,1105019,1.000000000000,2
2026-07-15,2026-07-14,pao-de-acucar,Pão de Açúcar,ipca-sp-1105019,1105019,1.000000000000,1
2026-07-15,2026-07-14,st-marche,St Marché,ipca-sp-1105019,1105019,1.000000000000,2
2026-07-15,2026-07-14,carrefour,Carrefour Mercado,ipca-sp-1106017,1106017,1.000000000000,2
2026-07-15,2026-07-14,extra-mercado,Extra Mercado,ipca-sp-1106017,1106017,1.000000000000,1
2026-07-15,2026-07-14,st-marche,St Marché,ipca-sp-1106017,1106017,1.000000000000,1
2026-07-15,2026-07-14,extra-mercado,Extra Mercado,ipca-sp-1106018,1106018,1.000000000000,2
2026-07-15,2026-07-14,pao-de-acucar,Pão de Açúcar,ipca-sp-1106018,1106018,1.000000000000,1
2026-07-15,2026-07-14,st-marche,St Marché,ipca-sp-1106018,1106018,1.000000000000,2
2026-07-15,2026-07-14,st-marche,St Marché,ipca-sp-1106019,1106019,1.000000000000,3
2026-07-15,2026-07-14,extra-mercado,Extra Mercado,ipca-sp-1106023,1106023,1.000000000000,1
2026-07-15,2026-07-14,st-marche,St Marché,ipca-sp-1106023,1106023,1.000000000000,1
2026-07-15,2026-07-14,st-marche,St Marché,ipca-sp-1106027,1106027,1.000000000000,3
2026-07-15,2026-07-14,extra-mercado,Extra Mercado,ipca-sp-1106028,1106028,0.587992937022,1
2026-07-15,2026-07-14,pao-de-acucar,Pão de Açúcar,ipca-sp-1106028,1106028,1.000000000000,1
2026-07-15,2026-07-14,st-marche,St Marché,ipca-sp-1106028,1106028,1.000000000000,1
2026-07-15,2026-07-14,extra-mercado,Extra Mercado,ipca-sp-1106039,1106039,0.665738161560,1
2026-07-15,2026-07-14,carrefour,Carrefour Mercado,ipca-sp-1107018,1107018,1.000000000000,6
2026-07-15,2026-07-14,extra-mercado,Extra Mercado,ipca-sp-1107018,1107018,1.000000000000,10
2026-07-15,2026-07-14,pao-de-acucar,Pão de Açúcar,ipca-sp-1107018,1107018,1.000000000000,13
2026-07-15,2026-07-14,st-marche,St Marché,ipca-sp-1107018,1107018,1.000000000000,4
2026-07-15,2026-07-14,extra-mercado,Extra Mercado,ipca-sp-1107084,1107084,0.856972586412,1
2026-07-15,2026-07-14,pao-de-acucar,Pão de Açúcar,ipca-sp-1107084,1107084,1.000000000000,6
2026-07-15,2026-07-14,carrefour,Carrefour Mercado,ipca-sp-1107087,1107087,1.000000000000,1
2026-07-15,2026-07-14,pao-de-acucar,Pão de Açúcar,ipca-sp-1107087,1107087,1.000000000000,1
2026-07-15,2026-07-14,st-marche,St Marché,ipca-sp-1107087,1107087,1.000000000000,1
2026-07-15,2026-07-14,pao-de-acucar,Pão de Açúcar,ipca-sp-1107088,1107088,1.000000000000,2
2026-07-15,2026-07-14,carrefour,Carrefour Mercado,ipca-sp-1107089,1107089,1.000000000000,1
2026-07-15,2026-07-14,st-marche,St Marché,ipca-sp-1107089,1107089,1.000000000000,2
2026-07-15,2026-07-14,pao-de-acucar,Pão de Açúcar,ipca-sp-1107091,1107091,1.000000000000,2
2026-07-15,2026-07-14,st-marche,St Marché,ipca-sp-1107091,1107091,1.000000000000,1
2026-07-15,2026-07-14,pao-de-acucar,Pão de Açúcar,ipca-sp-1107093,1107093,1.000000000000,1
2026-07-15,2026-07-14,extra-mercado,Extra Mercado,ipca-sp-1107094,1107094,1.000000000000,1
2026-07-15,2026-07-14,pao-de-acucar,Pão de Açúcar,ipca-sp-1107094,1107094,1.000000000000,1
2026-07-15,2026-07-14,st-marche,St Marché,ipca-sp-1107094,1107094,1.000000000000,1
2026-07-15,2026-07-14,extra-mercado,Extra Mercado,ipca-sp-1107095,1107095,0.821826280624,1
2026-07-15,2026-07-14,pao-de-acucar,Pão de Açúcar,ipca-sp-1107095,1107095,1.000000000000,1
2026-07-15,2026-07-14,st-marche,St Marché,ipca-sp-1107095,1107095,1.000000000000,2
2026-07-15,2026-07-14,extra-mercado,Extra Mercado,ipca-sp-1107099,1107099,1.000000000000,1
2026-07-15,2026-07-14,pao-de-acucar,Pão de Açúcar,ipca-sp-1107099,1107099,1.000000000000,2
2026-07-15,2026-07-14,st-marche,St Marché,ipca-sp-1107099,1107099,1.000000000000,1
2026-07-15,2026-07-14,carrefour,Carrefour Mercado,ipca-sp-1108031,1108031,1.000000000000,2
2026-07-15,2026-07-14,extra-mercado,Extra Mercado,ipca-sp-1108031,1108031,1.000000000000,1
2026-07-15,2026-07-14,pao-de-acucar,Pão de Açúcar,ipca-sp-1108038,1108038,1.000000000000,1
2026-07-15,2026-07-14,st-marche,St Marché,ipca-sp-1108038,1108038,1.000000000000,1
2026-07-15,2026-07-14,extra-mercado,Extra Mercado,ipca-sp-1108075,1108075,1.000000000000,1
2026-07-15,2026-07-14,pao-de-acucar,Pão de Açúcar,ipca-sp-1108075,1108075,1.000000000000,11
2026-07-15,2026-07-14,carrefour,Carrefour Mercado,ipca-sp-1108080,1108080,1.095626226289,3
2026-07-15,2026-07-14,extra-mercado,Extra Mercado,ipca-sp-1108080,1108080,1.000000000000,1
2026-07-15,2026-07-14,pao-de-acucar,Pão de Açúcar,ipca-sp-1108080,1108080,1.000000000000,1
2026-07-15,2026-07-14,st-marche,St Marché,ipca-sp-1108080,1108080,1.000000000000,1
2026-07-15,2026-07-14,carrefour,Carrefour Mercado,ipca-sp-1109002,1109002,1.000000000000,1
2026-07-15,2026-07-14,pao-de-acucar,Pão de Açúcar,ipca-sp-1109002,1109002,1.000000000000,2
2026-07-15,2026-07-14,st-marche,St Marché,ipca-sp-1109002,1109002,1.000000000000,5
2026-07-15,2026-07-14,carrefour,Carrefour Mercado,ipca-sp-1109007,1109007,1.000000000000,2
2026-07-15,2026-07-14,extra-mercado,Extra Mercado,ipca-sp-1109007,1109007,1.000000000000,3
2026-07-15,2026-07-14,pao-de-acucar,Pão de Açúcar,ipca-sp-1109007,1109007,1.000000000000,8
2026-07-15,2026-07-14,carrefour,Carrefour Mercado,ipca-sp-1109008,1109008,1.000000000000,2
2026-07-15,2026-07-14,extra-mercado,Extra Mercado,ipca-sp-1109008,1109008,1.000000000000,5
2026-07-15,2026-07-14,pao-de-acucar,Pão de Açúcar,ipca-sp-1109008,1109008,1.000000000000,15
2026-07-15,2026-07-14,st-marche,St Marché,ipca-sp-1109008,1109008,1.000000000000,8
2026-07-15,2026-07-14,carrefour,Carrefour Mercado,ipca-sp-1109010,1109010,1.000000000000,3
2026-07-15,2026-07-14,extra-mercado,Extra Mercado,ipca-sp-1109010,1109010,1.000000000000,3
2026-07-15,2026-07-14,st-marche,St Marché,ipca-sp-1109010,1109010,1.000000000000,2
2026-07-15,2026-07-14,extra-mercado,Extra Mercado,ipca-sp-1110009,1110009,1.000000000000,1
2026-07-15,2026-07-14,pao-de-acucar,Pão de Açúcar,ipca-sp-1110009,1110009,1.000000000000,4
2026-07-15,2026-07-14,st-marche,St Marché,ipca-sp-1110009,1110009,1.000000000000,1
2026-07-15,2026-07-14,carrefour,Carrefour Mercado,ipca-sp-1110010,1110010,1.001612783171,14
2026-07-15,2026-07-14,extra-mercado,Extra Mercado,ipca-sp-1110010,1110010,1.000000000000,13
2026-07-15,2026-07-14,pao-de-acucar,Pão de Açúcar,ipca-sp-1110010,1110010,1.000000000000,13
2026-07-15,2026-07-14,st-marche,St Marché,ipca-sp-1110010,1110010,1.000000000000,17
2026-07-15,2026-07-14,carrefour,Carrefour Mercado,ipca-sp-1110044,1110044,1.000000000000,1
2026-07-15,2026-07-14,extra-mercado,Extra Mercado,ipca-sp-1110044,1110044,0.930556355995,4
2026-07-15,2026-07-14,pao-de-acucar,Pão de Açúcar,ipca-sp-1110044,1110044,1.000000000000,5
2026-07-15,2026-07-14,st-marche,St Marché,ipca-sp-1110044,1110044,1.000000000000,2
2026-07-15,2026-07-14,carrefour,Carrefour Mercado,ipca-sp-1111004,1111004,1.000000000000,5
2026-07-15,2026-07-14,extra-mercado,Extra Mercado,ipca-sp-1111004,1111004,1.000000000000,4
2026-07-15,2026-07-14,st-marche,St Marché,ipca-sp-1111004,1111004,1.000000000000,5
2026-07-15,2026-07-14,carrefour,Carrefour Mercado,ipca-sp-1111009,1111009,1.000000000000,3
2026-07-15,2026-07-14,extra-mercado,Extra Mercado,ipca-sp-1111009,1111009,0.894382450626,2
2026-07-15,2026-07-14,pao-de-acucar,Pão de Açúcar,ipca-sp-1111009,1111009,1.061274019439,5
2026-07-15,2026-07-14,carrefour,Carrefour Mercado,ipca-sp-1111011,1111011,1.000000000000,10
2026-07-15,2026-07-14,extra-mercado,Extra Mercado,ipca-sp-1111011,1111011,1.001623597039,14
2026-07-15,2026-07-14,pao-de-acucar,Pão de Açúcar,ipca-sp-1111011,1111011,1.000000000000,74
2026-07-15,2026-07-14,st-marche,St Marché,ipca-sp-1111011,1111011,1.011552111162,19
2026-07-15,2026-07-14,carrefour,Carrefour Mercado,ipca-sp-1111019,1111019,1.015049223278,31
2026-07-15,2026-07-14,extra-mercado,Extra Mercado,ipca-sp-1111019,1111019,0.997999777934,59
2026-07-15,2026-07-14,pao-de-acucar,Pão de Açúcar,ipca-sp-1111019,1111019,1.000000000000,11
2026-07-15,2026-07-14,st-marche,St Marché,ipca-sp-1111019,1111019,1.026689135299,27
2026-07-15,2026-07-14,carrefour,Carrefour Mercado,ipca-sp-1111021,1111021,1.000000000000,5
2026-07-15,2026-07-14,extra-mercado,Extra Mercado,ipca-sp-1111021,1111021,1.000000000000,4
2026-07-15,2026-07-14,pao-de-acucar,Pão de Açúcar,ipca-sp-1111021,1111021,1.000000000000,4
2026-07-15,2026-07-14,st-marche,St Marché,ipca-sp-1111021,1111021,0.997531755683,10
2026-07-15,2026-07-14,carrefour,Carrefour Mercado,ipca-sp-1112003,1112003,0.982506545046,22
2026-07-15,2026-07-14,extra-mercado,Extra Mercado,ipca-sp-1112003,1112003,1.036131891287,51
2026-07-15,2026-07-14,pao-de-acucar,Pão de Açúcar,ipca-sp-1112003,1112003,1.000000000000,13
2026-07-15,2026-07-14,st-marche,St Marché,ipca-sp-1112003,1112003,1.000000000000,16
2026-07-15,2026-07-14,extra-mercado,Extra Mercado,ipca-sp-1112015,1112015,1.000000000000,1
2026-07-15,2026-07-14,st-marche,St Marché,ipca-sp-1112015,1112015,1.000000000000,1
2026-07-15,2026-07-14,carrefour,Carrefour Mercado,ipca-sp-1112017,1112017,1.000000000000,1
2026-07-15,2026-07-14,extra-mercado,Extra Mercado,ipca-sp-1112017,1112017,1.000000000000,3
2026-07-15,2026-07-14,st-marche,St Marché,ipca-sp-1112017,1112017,1.000000000000,5
2026-07-15,2026-07-14,carrefour,Carrefour Mercado,ipca-sp-1112018,1112018,1.000000000000,17
2026-07-15,2026-07-14,extra-mercado,Extra Mercado,ipca-sp-1112018,1112018,0.994716972038,17
2026-07-15,2026-07-14,pao-de-acucar,Pão de Açúcar,ipca-sp-1112018,1112018,1.000000000000,1
2026-07-15,2026-07-14,st-marche,St Marché,ipca-sp-1112018,1112018,1.000000000000,11
2026-07-15,2026-07-14,carrefour,Carrefour Mercado,ipca-sp-1112019,1112019,1.000000000000,10
2026-07-15,2026-07-14,extra-mercado,Extra Mercado,ipca-sp-1112019,1112019,1.000000000000,17
2026-07-15,2026-07-14,pao-de-acucar,Pão de Açúcar,ipca-sp-1112019,1112019,1.000000000000,7
2026-07-15,2026-07-14,st-marche,St Marché,ipca-sp-1112019,1112019,0.998931201693,28
2026-07-15,2026-07-14,carrefour,Carrefour Mercado,ipca-sp-1113013,1113013,1.000000000000,2
2026-07-15,2026-07-14,extra-mercado,Extra Mercado,ipca-sp-1113013,1113013,1.000000000000,1
2026-07-15,2026-07-14,st-marche,St Marché,ipca-sp-1113013,1113013,1.000000000000,1
2026-07-15,2026-07-14,carrefour,Carrefour Mercado,ipca-sp-1113014,1113014,1.040975775004,4
2026-07-15,2026-07-14,extra-mercado,Extra Mercado,ipca-sp-1113014,1113014,1.000000000000,2
2026-07-15,2026-07-14,pao-de-acucar,Pão de Açúcar,ipca-sp-1113014,1113014,0.974281050598,7
2026-07-15,2026-07-14,st-marche,St Marché,ipca-sp-1113014,1113014,1.000000000000,1
2026-07-15,2026-07-14,carrefour,Carrefour Mercado,ipca-sp-1113040,1113040,1.000000000000,5
2026-07-15,2026-07-14,extra-mercado,Extra Mercado,ipca-sp-1113040,1113040,1.000000000000,2
2026-07-15,2026-07-14,pao-de-acucar,Pão de Açúcar,ipca-sp-1113040,1113040,1.000000000000,1
2026-07-15,2026-07-14,carrefour,Carrefour Mercado,ipca-sp-1114001,1114001,0.986777761676,29
2026-07-15,2026-07-14,extra-mercado,Extra Mercado,ipca-sp-1114001,1114001,1.000000000000,5
2026-07-15,2026-07-14,pao-de-acucar,Pão de Açúcar,ipca-sp-1114001,1114001,1.000000000000,4
2026-07-15,2026-07-14,st-marche,St Marché,ipca-sp-1114001,1114001,1.015318877306,12
2026-07-15,2026-07-14,carrefour,Carrefour Mercado,ipca-sp-1114022,1114022,1.015058743483,11
2026-07-15,2026-07-14,extra-mercado,Extra Mercado,ipca-sp-1114022,1114022,0.938335334217,15
2026-07-15,2026-07-14,pao-de-acucar,Pão de Açúcar,ipca-sp-1114022,1114022,1.000000000000,26
2026-07-15,2026-07-14,st-marche,St Marché,ipca-sp-1114022,1114022,1.000000000000,2
2026-07-15,2026-07-14,carrefour,Carrefour Mercado,ipca-sp-1114083,1114083,0.992328887530,31
2026-07-15,2026-07-14,extra-mercado,Extra Mercado,ipca-sp-1114083,1114083,1.000000000000,12
2026-07-15,2026-07-14,st-marche,St Marché,ipca-sp-1114083,1114083,1.007521654554,37
2026-07-15,2026-07-14,carrefour,Carrefour Mercado,ipca-sp-1114084,1114084,1.000132221235,12
2026-07-15,2026-07-14,extra-mercado,Extra Mercado,ipca-sp-1114084,1114084,1.000000000000,10
2026-07-15,2026-07-14,pao-de-acucar,Pão de Açúcar,ipca-sp-1114084,1114084,1.000000000000,2
2026-07-15,2026-07-14,carrefour,Carrefour Mercado,ipca-sp-1114087,1114087,1.000000000000,9
2026-07-15,2026-07-14,extra-mercado,Extra Mercado,ipca-sp-1114087,1114087,1.000000000000,3
2026-07-15,2026-07-14,pao-de-acucar,Pão de Açúcar,ipca-sp-1114087,1114087,1.044903753684,41
2026-07-15,2026-07-14,st-marche,St Marché,ipca-sp-1114087,1114087,1.009957642195,65
2026-07-15,2026-07-14,carrefour,Carrefour Mercado,ipca-sp-1114090,1114090,1.000000000000,5
2026-07-15,2026-07-14,extra-mercado,Extra Mercado,ipca-sp-1114090,1114090,1.000000000000,5
2026-07-15,2026-07-14,st-marche,St Marché,ipca-sp-1114090,1114090,1.000000000000,2
2026-07-15,2026-07-14,extra-mercado,Extra Mercado,ipca-sp-1115016,1115016,1.000000000000,2
2026-07-15,2026-07-14,pao-de-acucar,Pão de Açúcar,ipca-sp-1115016,1115016,1.000000000000,2
2026-07-15,2026-07-14,pao-de-acucar,Pão de Açúcar,ipca-sp-1115039,1115039,1.000000000000,1
2026-07-15,2026-07-14,carrefour,Carrefour Mercado,ipca-sp-1115057,1115057,1.000000000000,5
2026-07-15,2026-07-14,extra-mercado,Extra Mercado,ipca-sp-1115057,1115057,1.000000000000,5
2026-07-15,2026-07-14,pao-de-acucar,Pão de Açúcar,ipca-sp-1115057,1115057,1.000000000000,9
2026-07-15,2026-07-14,st-marche,St Marché,ipca-sp-1115057,1115057,1.000000000000,1
2026-07-15,2026-07-14,extra-mercado,Extra Mercado,ipca-sp-1115058,1115058,0.906759906760,1
2026-07-15,2026-07-14,carrefour,Carrefour Mercado,ipca-sp-1115075,1115075,1.000000000000,3
2026-07-15,2026-07-14,extra-mercado,Extra Mercado,ipca-sp-1115075,1115075,1.000000000000,3
2026-07-15,2026-07-14,pao-de-acucar,Pão de Açúcar,ipca-sp-1115075,1115075,1.000000000000,2
2026-07-15,2026-07-14,carrefour,Carrefour Mercado,ipca-sp-1116005,1116005,0.993020268375,7
2026-07-15,2026-07-14,extra-mercado,Extra Mercado,ipca-sp-1116005,1116005,1.000000000000,10
2026-07-15,2026-07-14,pao-de-acucar,Pão de Açúcar,ipca-sp-1116005,1116005,1.000000000000,3
2026-07-15,2026-07-14,st-marche,St Marché,ipca-sp-1116005,1116005,1.000000000000,2
2026-07-15,2026-07-14,carrefour,Carrefour Mercado,ipca-sp-1116010,1116010,1.000000000000,1
2026-07-15,2026-07-14,extra-mercado,Extra Mercado,ipca-sp-1116010,1116010,1.000000000000,3
2026-07-15,2026-07-14,pao-de-acucar,Pão de Açúcar,ipca-sp-1116010,1116010,1.000000000000,2
2026-07-15,2026-07-14,st-marche,St Marché,ipca-sp-1116010,1116010,1.000000000000,4
2026-07-15,2026-07-14,carrefour,Carrefour Mercado,ipca-sp-1116033,1116033,1.000000000000,3
2026-07-15,2026-07-14,extra-mercado,Extra Mercado,ipca-sp-1116033,1116033,1.000000000000,3
2026-07-15,2026-07-14,pao-de-acucar,Pão de Açúcar,ipca-sp-1116033,1116033,1.066018121396,2
2026-07-15,2026-07-14,st-marche,St Marché,ipca-sp-1116033,1116033,1.000000000000,1
2026-07-15,2026-07-14,carrefour,Carrefour Mercado,ipca-sp-1116041,1116041,1.000000000000,1
2026-07-15,2026-07-14,extra-mercado,Extra Mercado,ipca-sp-1116041,1116041,1.000000000000,2
2026-07-15,2026-07-14,pao-de-acucar,Pão de Açúcar,ipca-sp-1116041,1116041,1.000000000000,4
2026-07-15,2026-07-14,st-marche,St Marché,ipca-sp-1116041,1116041,1.000000000000,1
2026-07-15,2026-07-14,carrefour,Carrefour Mercado,ipca-sp-1116071,1116071,1.000000000000,3
2026-07-15,2026-07-14,extra-mercado,Extra Mercado,ipca-sp-1116071,1116071,1.000000000000,4
2026-07-15,2026-07-14,pao-de-acucar,Pão de Açúcar,ipca-sp-1116071,1116071,1.000000000000,6
2026-07-16,2026-07-15,extra-mercado,Extra Mercado,ipca-sp-1101002,1101002,0.957779566570,5
2026-07-16,2026-07-15,pao-de-acucar,Pão de Açúcar,ipca-sp-1101002,1101002,1.030242925668,9
2026-07-16,2026-07-15,extra-mercado,Extra Mercado,ipca-sp-1101073,1101073,1.000000000000,1
2026-07-16,2026-07-15,extra-mercado,Extra Mercado,ipca-sp-1102006,1102006,1.000000000000,8
2026-07-16,2026-07-15,pao-de-acucar,Pão de Açúcar,ipca-sp-1102006,1102006,1.000000000000,3
2026-07-16,2026-07-15,st-marche,St Marché,ipca-sp-1102006,1102006,1.000000000000,7
2026-07-16,2026-07-15,extra-mercado,Extra Mercado,ipca-sp-1102012,1102012,1.000000000000,1
2026-07-16,2026-07-15,st-marche,St Marché,ipca-sp-1102012,1102012,1.000000000000,1
2026-07-16,2026-07-15,extra-mercado,Extra Mercado,ipca-sp-1102029,1102029,1.000000000000,10
2026-07-16,2026-07-15,pao-de-acucar,Pão de Açúcar,ipca-sp-1102029,1102029,1.000000000000,8
2026-07-16,2026-07-15,st-marche,St Marché,ipca-sp-1102029,1102029,1.000000000000,15
2026-07-16,2026-07-15,extra-mercado,Extra Mercado,ipca-sp-1102061,1102061,1.000000000000,7
2026-07-16,2026-07-15,pao-de-acucar,Pão de Açúcar,ipca-sp-1102061,1102061,1.000000000000,1
2026-07-16,2026-07-15,st-marche,St Marché,ipca-sp-1102061,1102061,1.000000000000,2
2026-07-16,2026-07-15,extra-mercado,Extra Mercado,ipca-sp-1103003,1103003,1.000000000000,6
2026-07-16,2026-07-15,pao-de-acucar,Pão de Açúcar,ipca-sp-1103003,1103003,1.000000000000,4
2026-07-16,2026-07-15,st-marche,St Marché,ipca-sp-1103003,1103003,1.000000000000,1
2026-07-16,2026-07-15,pao-de-acucar,Pão de Açúcar,ipca-sp-1103020,1103020,1.000000000000,1
2026-07-16,2026-07-15,st-marche,St Marché,ipca-sp-1103020,1103020,1.000000000000,1
2026-07-16,2026-07-15,extra-mercado,Extra Mercado,ipca-sp-1103026,1103026,1.000000000000,1
2026-07-16,2026-07-15,st-marche,St Marché,ipca-sp-1103026,1103026,1.000000000000,1
2026-07-16,2026-07-15,extra-mercado,Extra Mercado,ipca-sp-1103028,1103028,1.000000000000,1
2026-07-16,2026-07-15,pao-de-acucar,Pão de Açúcar,ipca-sp-1103028,1103028,1.000000000000,1
2026-07-16,2026-07-15,extra-mercado,Extra Mercado,ipca-sp-1103043,1103043,1.000000000000,1
2026-07-16,2026-07-15,st-marche,St Marché,ipca-sp-1103043,1103043,1.000000000000,3
2026-07-16,2026-07-15,extra-mercado,Extra Mercado,ipca-sp-1103044,1103044,1.000000000000,1
2026-07-16,2026-07-15,extra-mercado,Extra Mercado,ipca-sp-1104023,1104023,0.988604551051,35
2026-07-16,2026-07-15,pao-de-acucar,Pão de Açúcar,ipca-sp-1104023,1104023,1.000000000000,23
2026-07-16,2026-07-15,st-marche,St Marché,ipca-sp-1104023,1104023,1.000000000000,5
2026-07-16,2026-07-15,extra-mercado,Extra Mercado,ipca-sp-1104032,1104032,1.000000000000,6
2026-07-16,2026-07-15,pao-de-acucar,Pão de Açúcar,ipca-sp-1104032,1104032,0.975506530987,28
2026-07-16,2026-07-15,st-marche,St Marché,ipca-sp-1104032,1104032,1.008772359547,26
2026-07-16,2026-07-15,extra-mercado,Extra Mercado,ipca-sp-1104052,1104052,1.000000000000,6
2026-07-16,2026-07-15,pao-de-acucar,Pão de Açúcar,ipca-sp-1104052,1104052,1.208309581662,7
2026-07-16,2026-07-15,st-marche,St Marché,ipca-sp-1104052,1104052,1.000000000000,3
2026-07-16,2026-07-15,st-marche,St Marché,ipca-sp-1105001,1105001,1.000000000000,2
2026-07-16,2026-07-15,extra-mercado,Extra Mercado,ipca-sp-1105010,1105010,1.000000000000,1
2026-07-16,2026-07-15,extra-mercado,Extra Mercado,ipca-sp-1105012,1105012,1.000000000000,1
2026-07-16,2026-07-15,pao-de-acucar,Pão de Açúcar,ipca-sp-1105019,1105019,1.000000000000,1
2026-07-16,2026-07-15,st-marche,St Marché,ipca-sp-1105019,1105019,1.000000000000,2
2026-07-16,2026-07-15,extra-mercado,Extra Mercado,ipca-sp-1106017,1106017,1.000000000000,1
2026-07-16,2026-07-15,st-marche,St Marché,ipca-sp-1106017,1106017,1.000000000000,1
2026-07-16,2026-07-15,extra-mercado,Extra Mercado,ipca-sp-1106018,1106018,1.000000000000,2
2026-07-16,2026-07-15,pao-de-acucar,Pão de Açúcar,ipca-sp-1106018,1106018,1.000000000000,1
2026-07-16,2026-07-15,st-marche,St Marché,ipca-sp-1106018,1106018,1.000000000000,2
2026-07-16,2026-07-15,st-marche,St Marché,ipca-sp-1106019,1106019,1.000000000000,3
2026-07-16,2026-07-15,extra-mercado,Extra Mercado,ipca-sp-1106023,1106023,1.000000000000,1
2026-07-16,2026-07-15,st-marche,St Marché,ipca-sp-1106023,1106023,1.000000000000,1
2026-07-16,2026-07-15,st-marche,St Marché,ipca-sp-1106027,1106027,0.899237503958,3
2026-07-16,2026-07-15,extra-mercado,Extra Mercado,ipca-sp-1106028,1106028,1.000000000000,1
2026-07-16,2026-07-15,pao-de-acucar,Pão de Açúcar,ipca-sp-1106028,1106028,1.000000000000,1
2026-07-16,2026-07-15,st-marche,St Marché,ipca-sp-1106028,1106028,1.000000000000,1
2026-07-16,2026-07-15,extra-mercado,Extra Mercado,ipca-sp-1106039,1106039,1.000000000000,1
2026-07-16,2026-07-15,extra-mercado,Extra Mercado,ipca-sp-1107018,1107018,1.000000000000,10
2026-07-16,2026-07-15,pao-de-acucar,Pão de Açúcar,ipca-sp-1107018,1107018,1.000000000000,13
2026-07-16,2026-07-15,st-marche,St Marché,ipca-sp-1107018,1107018,0.956245978012,5
2026-07-16,2026-07-15,extra-mercado,Extra Mercado,ipca-sp-1107084,1107084,1.000000000000,1
2026-07-16,2026-07-15,pao-de-acucar,Pão de Açúcar,ipca-sp-1107084,1107084,1.000000000000,6
2026-07-16,2026-07-15,pao-de-acucar,Pão de Açúcar,ipca-sp-1107087,1107087,1.000000000000,1
2026-07-16,2026-07-15,st-marche,St Marché,ipca-sp-1107087,1107087,1.000000000000,1
2026-07-16,2026-07-15,pao-de-acucar,Pão de Açúcar,ipca-sp-1107088,1107088,1.000000000000,2
2026-07-16,2026-07-15,st-marche,St Marché,ipca-sp-1107089,1107089,1.000000000000,2
2026-07-16,2026-07-15,pao-de-acucar,Pão de Açúcar,ipca-sp-1107091,1107091,1.000000000000,2
2026-07-16,2026-07-15,st-marche,St Marché,ipca-sp-1107091,1107091,1.000000000000,1
2026-07-16,2026-07-15,pao-de-acucar,Pão de Açúcar,ipca-sp-1107093,1107093,1.000000000000,1
2026-07-16,2026-07-15,extra-mercado,Extra Mercado,ipca-sp-1107094,1107094,1.000000000000,1
2026-07-16,2026-07-15,pao-de-acucar,Pão de Açúcar,ipca-sp-1107094,1107094,1.000000000000,1
2026-07-16,2026-07-15,st-marche,St Marché,ipca-sp-1107094,1107094,1.000000000000,1
2026-07-16,2026-07-15,extra-mercado,Extra Mercado,ipca-sp-1107095,1107095,1.000000000000,1
2026-07-16,2026-07-15,pao-de-acucar,Pão de Açúcar,ipca-sp-1107095,1107095,1.000000000000,1
2026-07-16,2026-07-15,st-marche,St Marché,ipca-sp-1107095,1107095,1.000000000000,2
2026-07-16,2026-07-15,extra-mercado,Extra Mercado,ipca-sp-1107099,1107099,1.000000000000,1
2026-07-16,2026-07-15,pao-de-acucar,Pão de Açúcar,ipca-sp-1107099,1107099,1.000000000000,2
2026-07-16,2026-07-15,st-marche,St Marché,ipca-sp-1107099,1107099,1.000000000000,1
2026-07-16,2026-07-15,extra-mercado,Extra Mercado,ipca-sp-1108031,1108031,1.000000000000,1
2026-07-16,2026-07-15,pao-de-acucar,Pão de Açúcar,ipca-sp-1108038,1108038,1.000000000000,1
2026-07-16,2026-07-15,st-marche,St Marché,ipca-sp-1108038,1108038,1.000000000000,1
2026-07-16,2026-07-15,extra-mercado,Extra Mercado,ipca-sp-1108075,1108075,1.000000000000,1
2026-07-16,2026-07-15,pao-de-acucar,Pão de Açúcar,ipca-sp-1108075,1108075,1.000000000000,11
2026-07-16,2026-07-15,extra-mercado,Extra Mercado,ipca-sp-1108080,1108080,1.000000000000,1
2026-07-16,2026-07-15,pao-de-acucar,Pão de Açúcar,ipca-sp-1108080,1108080,1.000000000000,1
2026-07-16,2026-07-15,st-marche,St Marché,ipca-sp-1108080,1108080,1.000000000000,2
2026-07-16,2026-07-15,pao-de-acucar,Pão de Açúcar,ipca-sp-1109002,1109002,1.000000000000,2
2026-07-16,2026-07-15,st-marche,St Marché,ipca-sp-1109002,1109002,1.000000000000,5
2026-07-16,2026-07-15,extra-mercado,Extra Mercado,ipca-sp-1109007,1109007,1.000000000000,3
2026-07-16,2026-07-15,pao-de-acucar,Pão de Açúcar,ipca-sp-1109007,1109007,1.000000000000,8
2026-07-16,2026-07-15,extra-mercado,Extra Mercado,ipca-sp-1109008,1109008,1.000000000000,5
2026-07-16,2026-07-15,pao-de-acucar,Pão de Açúcar,ipca-sp-1109008,1109008,1.000000000000,15
2026-07-16,2026-07-15,st-marche,St Marché,ipca-sp-1109008,1109008,1.000000000000,9
2026-07-16,2026-07-15,extra-mercado,Extra Mercado,ipca-sp-1109010,1109010,1.000000000000,3
2026-07-16,2026-07-15,st-marche,St Marché,ipca-sp-1109010,1109010,1.000000000000,2
2026-07-16,2026-07-15,extra-mercado,Extra Mercado,ipca-sp-1110009,1110009,1.000000000000,1
2026-07-16,2026-07-15,pao-de-acucar,Pão de Açúcar,ipca-sp-1110009,1110009,1.000000000000,4
2026-07-16,2026-07-15,st-marche,St Marché,ipca-sp-1110009,1110009,1.000000000000,1
2026-07-16,2026-07-15,extra-mercado,Extra Mercado,ipca-sp-1110010,1110010,1.000000000000,13
2026-07-16,2026-07-15,pao-de-acucar,Pão de Açúcar,ipca-sp-1110010,1110010,0.978008664383,13
2026-07-16,2026-07-15,st-marche,St Marché,ipca-sp-1110010,1110010,1.000000000000,17
2026-07-16,2026-07-15,extra-mercado,Extra Mercado,ipca-sp-1110044,1110044,1.000000000000,4
2026-07-16,2026-07-15,pao-de-acucar,Pão de Açúcar,ipca-sp-1110044,1110044,1.000000000000,5
2026-07-16,2026-07-15,st-marche,St Marché,ipca-sp-1110044,1110044,1.000000000000,2
2026-07-16,2026-07-15,extra-mercado,Extra Mercado,ipca-sp-1111004,1111004,1.000000000000,4
2026-07-16,2026-07-15,st-marche,St Marché,ipca-sp-1111004,1111004,1.000000000000,5
2026-07-16,2026-07-15,extra-mercado,Extra Mercado,ipca-sp-1111009,1111009,1.000000000000,2
2026-07-16,2026-07-15,pao-de-acucar,Pão de Açúcar,ipca-sp-1111009,1111009,0.956333364320,5
2026-07-16,2026-07-15,extra-mercado,Extra Mercado,ipca-sp-1111011,1111011,1.000000000000,14
2026-07-16,2026-07-15,pao-de-acucar,Pão de Açúcar,ipca-sp-1111011,1111011,1.006173474757,74
2026-07-16,2026-07-15,st-marche,St Marché,ipca-sp-1111011,1111011,0.984989288762,19
2026-07-16,2026-07-15,extra-mercado,Extra Mercado,ipca-sp-1111019,1111019,1.000000000000,59
2026-07-16,2026-07-15,pao-de-acucar,Pão de Açúcar,ipca-sp-1111019,1111019,1.000000000000,11
2026-07-16,2026-07-15,st-marche,St Marché,ipca-sp-1111019,1111019,0.999422013887,27
2026-07-16,2026-07-15,extra-mercado,Extra Mercado,ipca-sp-1111021,1111021,1.000000000000,4
2026-07-16,2026-07-15,pao-de-acucar,Pão de Açúcar,ipca-sp-1111021,1111021,1.000000000000,4
2026-07-16,2026-07-15,st-marche,St Marché,ipca-sp-1111021,1111021,1.034104555782,10
2026-07-16,2026-07-15,extra-mercado,Extra Mercado,ipca-sp-1112003,1112003,1.002163978784,51
2026-07-16,2026-07-15,pao-de-acucar,Pão de Açúcar,ipca-sp-1112003,1112003,1.000000000000,13
2026-07-16,2026-07-15,st-marche,St Marché,ipca-sp-1112003,1112003,1.000000000000,16
2026-07-16,2026-07-15,extra-mercado,Extra Mercado,ipca-sp-1112015,1112015,1.000000000000,1
2026-07-16,2026-07-15,st-marche,St Marché,ipca-sp-1112015,1112015,1.000000000000,1
2026-07-16,2026-07-15,extra-mercado,Extra Mercado,ipca-sp-1112017,1112017,1.000000000000,3
2026-07-16,2026-07-15,st-marche,St Marché,ipca-sp-1112017,1112017,1.000000000000,5
2026-07-16,2026-07-15,extra-mercado,Extra Mercado,ipca-sp-1112018,1112018,1.000000000000,17
2026-07-16,2026-07-15,pao-de-acucar,Pão de Açúcar,ipca-sp-1112018,1112018,1.000000000000,1
2026-07-16,2026-07-15,st-marche,St Marché,ipca-sp-1112018,1112018,1.000000000000,11
2026-07-16,2026-07-15,extra-mercado,Extra Mercado,ipca-sp-1112019,1112019,1.000000000000,17
2026-07-16,2026-07-15,pao-de-acucar,Pão de Açúcar,ipca-sp-1112019,1112019,1.000000000000,7
2026-07-16,2026-07-15,st-marche,St Marché,ipca-sp-1112019,1112019,0.996085432057,28
2026-07-16,2026-07-15,extra-mercado,Extra Mercado,ipca-sp-1113013,1113013,1.000000000000,1
2026-07-16,2026-07-15,st-marche,St Marché,ipca-sp-1113013,1113013,1.000000000000,1
2026-07-16,2026-07-15,extra-mercado,Extra Mercado,ipca-sp-1113014,1113014,1.000000000000,2
2026-07-16,2026-07-15,pao-de-acucar,Pão de Açúcar,ipca-sp-1113014,1113014,1.000000000000,7
2026-07-16,2026-07-15,st-marche,St Marché,ipca-sp-1113014,1113014,1.000000000000,1
2026-07-16,2026-07-15,extra-mercado,Extra Mercado,ipca-sp-1113040,1113040,1.000000000000,2
2026-07-16,2026-07-15,pao-de-acucar,Pão de Açúcar,ipca-sp-1113040,1113040,1.000000000000,1
2026-07-16,2026-07-15,extra-mercado,Extra Mercado,ipca-sp-1114001,1114001,1.023520548956,5
2026-07-16,2026-07-15,pao-de-acucar,Pão de Açúcar,ipca-sp-1114001,1114001,1.000000000000,4
2026-07-16,2026-07-15,st-marche,St Marché,ipca-sp-1114001,1114001,1.000000000000,12
2026-07-16,2026-07-15,extra-mercado,Extra Mercado,ipca-sp-1114022,1114022,1.000000000000,15
2026-07-16,2026-07-15,pao-de-acucar,Pão de Açúcar,ipca-sp-1114022,1114022,1.000000000000,26
2026-07-16,2026-07-15,st-marche,St Marché,ipca-sp-1114022,1114022,1.000000000000,2
2026-07-16,2026-07-15,extra-mercado,Extra Mercado,ipca-sp-1114083,1114083,1.000000000000,12
2026-07-16,2026-07-15,st-marche,St Marché,ipca-sp-1114083,1114083,1.005054205936,37
2026-07-16,2026-07-15,extra-mercado,Extra Mercado,ipca-sp-1114084,1114084,0.989760928678,10
2026-07-16,2026-07-15,pao-de-acucar,Pão de Açúcar,ipca-sp-1114084,1114084,1.000000000000,2
2026-07-16,2026-07-15,extra-mercado,Extra Mercado,ipca-sp-1114087,1114087,1.000000000000,3
2026-07-16,2026-07-15,pao-de-acucar,Pão de Açúcar,ipca-sp-1114087,1114087,1.000000000000,41
2026-07-16,2026-07-15,st-marche,St Marché,ipca-sp-1114087,1114087,1.007806366919,65
2026-07-16,2026-07-15,extra-mercado,Extra Mercado,ipca-sp-1114090,1114090,1.000000000000,5
2026-07-16,2026-07-15,st-marche,St Marché,ipca-sp-1114090,1114090,1.000000000000,2
2026-07-16,2026-07-15,extra-mercado,Extra Mercado,ipca-sp-1115016,1115016,1.000000000000,2
2026-07-16,2026-07-15,pao-de-acucar,Pão de Açúcar,ipca-sp-1115016,1115016,1.000000000000,2
2026-07-16,2026-07-15,pao-de-acucar,Pão de Açúcar,ipca-sp-1115039,1115039,1.000000000000,1
2026-07-16,2026-07-15,extra-mercado,Extra Mercado,ipca-sp-1115057,1115057,1.000000000000,5
2026-07-16,2026-07-15,pao-de-acucar,Pão de Açúcar,ipca-sp-1115057,1115057,1.000000000000,9
2026-07-16,2026-07-15,st-marche,St Marché,ipca-sp-1115057,1115057,1.000000000000,1
2026-07-16,2026-07-15,extra-mercado,Extra Mercado,ipca-sp-1115058,1115058,1.000000000000,1
2026-07-16,2026-07-15,extra-mercado,Extra Mercado,ipca-sp-1115075,1115075,1.000000000000,3
2026-07-16,2026-07-15,pao-de-acucar,Pão de Açúcar,ipca-sp-1115075,1115075,1.000000000000,2
2026-07-16,2026-07-15,extra-mercado,Extra Mercado,ipca-sp-1116005,1116005,1.000000000000,10
2026-07-16,2026-07-15,pao-de-acucar,Pão de Açúcar,ipca-sp-1116005,1116005,1.000000000000,3
2026-07-16,2026-07-15,st-marche,St Marché,ipca-sp-1116005,1116005,1.000000000000,2
2026-07-16,2026-07-15,extra-mercado,Extra Mercado,ipca-sp-1116010,1116010,1.000000000000,3
2026-07-16,2026-07-15,pao-de-acucar,Pão de Açúcar,ipca-sp-1116010,1116010,1.000000000000,2
2026-07-16,2026-07-15,st-marche,St Marché,ipca-sp-1116010,1116010,1.000000000000,4
2026-07-16,2026-07-15,extra-mercado,Extra Mercado,ipca-sp-1116033,1116033,1.000000000000,4
2026-07-16,2026-07-15,pao-de-acucar,Pão de Açúcar,ipca-sp-1116033,1116033,1.000000000000,2
2026-07-16,2026-07-15,st-marche,St Marché,ipca-sp-1116033,1116033,1.000000000000,1
2026-07-16,2026-07-15,extra-mercado,Extra Mercado,ipca-sp-1116041,1116041,1.000000000000,2
2026-07-16,2026-07-15,pao-de-acucar,Pão de Açúcar,ipca-sp-1116041,1116041,1.000000000000,4
2026-07-16,2026-07-15,st-marche,St Marché,ipca-sp-1116041,1116041,1.000000000000,1
2026-07-16,2026-07-15,extra-mercado,Extra Mercado,ipca-sp-1116071,1116071,1.000000000000,4
2026-07-16,2026-07-15,pao-de-acucar,Pão de Açúcar,ipca-sp-1116071,1116071,1.000000000000,6
2026-07-17,2026-07-16,extra-mercado,Extra Mercado,ipca-sp-1101002,1101002,1.000000000000,5
2026-07-17,2026-07-16,pao-de-acucar,Pão de Açúcar,ipca-sp-1101002,1101002,1.000000000000,9
2026-07-17,2026-07-16,extra-mercado,Extra Mercado,ipca-sp-1101073,1101073,1.000000000000,1
2026-07-17,2026-07-16,extra-mercado,Extra Mercado,ipca-sp-1102006,1102006,1.000000000000,8
2026-07-17,2026-07-16,pao-de-acucar,Pão de Açúcar,ipca-sp-1102006,1102006,1.000000000000,3
2026-07-17,2026-07-16,st-marche,St Marché,ipca-sp-1102006,1102006,1.000000000000,7
2026-07-17,2026-07-16,extra-mercado,Extra Mercado,ipca-sp-1102012,1102012,1.000000000000,1
2026-07-17,2026-07-16,st-marche,St Marché,ipca-sp-1102012,1102012,1.000000000000,1
2026-07-17,2026-07-16,extra-mercado,Extra Mercado,ipca-sp-1102029,1102029,1.000000000000,10
2026-07-17,2026-07-16,pao-de-acucar,Pão de Açúcar,ipca-sp-1102029,1102029,1.000000000000,8
2026-07-17,2026-07-16,st-marche,St Marché,ipca-sp-1102029,1102029,0.997154619233,15
2026-07-17,2026-07-16,extra-mercado,Extra Mercado,ipca-sp-1102061,1102061,1.000000000000,7
2026-07-17,2026-07-16,pao-de-acucar,Pão de Açúcar,ipca-sp-1102061,1102061,1.000000000000,1
2026-07-17,2026-07-16,st-marche,St Marché,ipca-sp-1102061,1102061,1.060844875337,2
2026-07-17,2026-07-16,extra-mercado,Extra Mercado,ipca-sp-1103003,1103003,1.000000000000,6
2026-07-17,2026-07-16,pao-de-acucar,Pão de Açúcar,ipca-sp-1103003,1103003,1.000000000000,4
2026-07-17,2026-07-16,st-marche,St Marché,ipca-sp-1103003,1103003,1.000000000000,1
2026-07-17,2026-07-16,pao-de-acucar,Pão de Açúcar,ipca-sp-1103020,1103020,1.000000000000,1
2026-07-17,2026-07-16,st-marche,St Marché,ipca-sp-1103020,1103020,1.000000000000,1
2026-07-17,2026-07-16,extra-mercado,Extra Mercado,ipca-sp-1103026,1103026,1.000000000000,1
2026-07-17,2026-07-16,st-marche,St Marché,ipca-sp-1103026,1103026,1.000000000000,1
2026-07-17,2026-07-16,extra-mercado,Extra Mercado,ipca-sp-1103028,1103028,1.000000000000,1
2026-07-17,2026-07-16,pao-de-acucar,Pão de Açúcar,ipca-sp-1103028,1103028,1.000000000000,1
2026-07-17,2026-07-16,extra-mercado,Extra Mercado,ipca-sp-1103043,1103043,1.000000000000,1
2026-07-17,2026-07-16,st-marche,St Marché,ipca-sp-1103043,1103043,1.000000000000,3
2026-07-17,2026-07-16,extra-mercado,Extra Mercado,ipca-sp-1103044,1103044,1.000000000000,1
2026-07-17,2026-07-16,extra-mercado,Extra Mercado,ipca-sp-1104023,1104023,1.006984507954,35
2026-07-17,2026-07-16,pao-de-acucar,Pão de Açúcar,ipca-sp-1104023,1104023,1.000000000000,23
2026-07-17,2026-07-16,st-marche,St Marché,ipca-sp-1104023,1104023,1.000000000000,5
2026-07-17,2026-07-16,extra-mercado,Extra Mercado,ipca-sp-1104032,1104032,1.000000000000,6
2026-07-17,2026-07-16,pao-de-acucar,Pão de Açúcar,ipca-sp-1104032,1104032,1.003942119455,28
2026-07-17,2026-07-16,st-marche,St Marché,ipca-sp-1104032,1104032,0.991169987249,26
2026-07-17,2026-07-16,extra-mercado,Extra Mercado,ipca-sp-1104052,1104052,1.000000000000,6
2026-07-17,2026-07-16,pao-de-acucar,Pão de Açúcar,ipca-sp-1104052,1104052,1.000000000000,7
2026-07-17,2026-07-16,st-marche,St Marché,ipca-sp-1104052,1104052,1.000000000000,3
2026-07-17,2026-07-16,st-marche,St Marché,ipca-sp-1105001,1105001,1.000000000000,2
2026-07-17,2026-07-16,extra-mercado,Extra Mercado,ipca-sp-1105010,1105010,1.000000000000,1
2026-07-17,2026-07-16,extra-mercado,Extra Mercado,ipca-sp-1105012,1105012,1.000000000000,1
2026-07-17,2026-07-16,pao-de-acucar,Pão de Açúcar,ipca-sp-1105019,1105019,1.000000000000,1
2026-07-17,2026-07-16,st-marche,St Marché,ipca-sp-1105019,1105019,1.000000000000,2
2026-07-17,2026-07-16,extra-mercado,Extra Mercado,ipca-sp-1106017,1106017,1.000000000000,1
2026-07-17,2026-07-16,st-marche,St Marché,ipca-sp-1106017,1106017,1.000000000000,1
2026-07-17,2026-07-16,extra-mercado,Extra Mercado,ipca-sp-1106018,1106018,1.000000000000,2
2026-07-17,2026-07-16,pao-de-acucar,Pão de Açúcar,ipca-sp-1106018,1106018,1.166722240747,1
2026-07-17,2026-07-16,st-marche,St Marché,ipca-sp-1106018,1106018,1.000000000000,2
2026-07-17,2026-07-16,st-marche,St Marché,ipca-sp-1106019,1106019,1.000000000000,3
2026-07-17,2026-07-16,extra-mercado,Extra Mercado,ipca-sp-1106023,1106023,1.000000000000,1
2026-07-17,2026-07-16,st-marche,St Marché,ipca-sp-1106023,1106023,1.000000000000,1
2026-07-17,2026-07-16,st-marche,St Marché,ipca-sp-1106027,1106027,1.112053262456,3
2026-07-17,2026-07-16,extra-mercado,Extra Mercado,ipca-sp-1106028,1106028,1.000000000000,1
2026-07-17,2026-07-16,pao-de-acucar,Pão de Açúcar,ipca-sp-1106028,1106028,1.000000000000,1
2026-07-17,2026-07-16,st-marche,St Marché,ipca-sp-1106028,1106028,1.000000000000,1
2026-07-17,2026-07-16,extra-mercado,Extra Mercado,ipca-sp-1106039,1106039,1.000000000000,1
2026-07-17,2026-07-16,extra-mercado,Extra Mercado,ipca-sp-1107018,1107018,1.000000000000,10
2026-07-17,2026-07-16,pao-de-acucar,Pão de Açúcar,ipca-sp-1107018,1107018,1.000000000000,13
2026-07-17,2026-07-16,st-marche,St Marché,ipca-sp-1107018,1107018,1.000000000000,5
2026-07-17,2026-07-16,extra-mercado,Extra Mercado,ipca-sp-1107084,1107084,1.000000000000,1
2026-07-17,2026-07-16,pao-de-acucar,Pão de Açúcar,ipca-sp-1107084,1107084,1.031807123181,6
2026-07-17,2026-07-16,pao-de-acucar,Pão de Açúcar,ipca-sp-1107087,1107087,1.000000000000,1
2026-07-17,2026-07-16,st-marche,St Marché,ipca-sp-1107087,1107087,1.000000000000,1
2026-07-17,2026-07-16,pao-de-acucar,Pão de Açúcar,ipca-sp-1107088,1107088,1.000000000000,2
2026-07-17,2026-07-16,st-marche,St Marché,ipca-sp-1107089,1107089,1.000000000000,2
2026-07-17,2026-07-16,pao-de-acucar,Pão de Açúcar,ipca-sp-1107091,1107091,1.000000000000,2
2026-07-17,2026-07-16,st-marche,St Marché,ipca-sp-1107091,1107091,1.000000000000,1
2026-07-17,2026-07-16,pao-de-acucar,Pão de Açúcar,ipca-sp-1107093,1107093,1.205655526992,1
2026-07-17,2026-07-16,extra-mercado,Extra Mercado,ipca-sp-1107094,1107094,1.000000000000,1
2026-07-17,2026-07-16,pao-de-acucar,Pão de Açúcar,ipca-sp-1107094,1107094,1.000000000000,1
2026-07-17,2026-07-16,st-marche,St Marché,ipca-sp-1107094,1107094,1.000000000000,1
2026-07-17,2026-07-16,extra-mercado,Extra Mercado,ipca-sp-1107095,1107095,1.000000000000,1
2026-07-17,2026-07-16,pao-de-acucar,Pão de Açúcar,ipca-sp-1107095,1107095,1.000000000000,1
2026-07-17,2026-07-16,st-marche,St Marché,ipca-sp-1107095,1107095,1.000000000000,2
2026-07-17,2026-07-16,extra-mercado,Extra Mercado,ipca-sp-1107099,1107099,1.000000000000,1
2026-07-17,2026-07-16,pao-de-acucar,Pão de Açúcar,ipca-sp-1107099,1107099,1.000000000000,2
2026-07-17,2026-07-16,st-marche,St Marché,ipca-sp-1107099,1107099,1.000000000000,1
2026-07-17,2026-07-16,extra-mercado,Extra Mercado,ipca-sp-1108031,1108031,1.000000000000,1
2026-07-17,2026-07-16,pao-de-acucar,Pão de Açúcar,ipca-sp-1108038,1108038,1.000000000000,1
2026-07-17,2026-07-16,st-marche,St Marché,ipca-sp-1108038,1108038,1.000000000000,1
2026-07-17,2026-07-16,extra-mercado,Extra Mercado,ipca-sp-1108075,1108075,1.000000000000,1
2026-07-17,2026-07-16,pao-de-acucar,Pão de Açúcar,ipca-sp-1108075,1108075,1.000000000000,11
2026-07-17,2026-07-16,extra-mercado,Extra Mercado,ipca-sp-1108080,1108080,1.000000000000,1
2026-07-17,2026-07-16,pao-de-acucar,Pão de Açúcar,ipca-sp-1108080,1108080,1.000000000000,1
2026-07-17,2026-07-16,st-marche,St Marché,ipca-sp-1108080,1108080,1.000000000000,2
2026-07-17,2026-07-16,pao-de-acucar,Pão de Açúcar,ipca-sp-1109002,1109002,1.000000000000,2
2026-07-17,2026-07-16,st-marche,St Marché,ipca-sp-1109002,1109002,1.000000000000,5
2026-07-17,2026-07-16,extra-mercado,Extra Mercado,ipca-sp-1109007,1109007,1.000000000000,3
2026-07-17,2026-07-16,pao-de-acucar,Pão de Açúcar,ipca-sp-1109007,1109007,1.000000000000,8
2026-07-17,2026-07-16,extra-mercado,Extra Mercado,ipca-sp-1109008,1109008,1.000000000000,5
2026-07-17,2026-07-16,pao-de-acucar,Pão de Açúcar,ipca-sp-1109008,1109008,1.000000000000,15
2026-07-17,2026-07-16,st-marche,St Marché,ipca-sp-1109008,1109008,1.000000000000,9
2026-07-17,2026-07-16,extra-mercado,Extra Mercado,ipca-sp-1109010,1109010,1.000000000000,3
2026-07-17,2026-07-16,st-marche,St Marché,ipca-sp-1109010,1109010,1.000000000000,2
2026-07-17,2026-07-16,extra-mercado,Extra Mercado,ipca-sp-1110009,1110009,1.000000000000,1
2026-07-17,2026-07-16,pao-de-acucar,Pão de Açúcar,ipca-sp-1110009,1110009,1.000000000000,4
2026-07-17,2026-07-16,st-marche,St Marché,ipca-sp-1110009,1110009,1.000000000000,1
2026-07-17,2026-07-16,extra-mercado,Extra Mercado,ipca-sp-1110010,1110010,1.000000000000,13
2026-07-17,2026-07-16,pao-de-acucar,Pão de Açúcar,ipca-sp-1110010,1110010,0.989753663167,13
2026-07-17,2026-07-16,st-marche,St Marché,ipca-sp-1110010,1110010,1.000000000000,17
2026-07-17,2026-07-16,extra-mercado,Extra Mercado,ipca-sp-1110044,1110044,0.978463494793,4
2026-07-17,2026-07-16,pao-de-acucar,Pão de Açúcar,ipca-sp-1110044,1110044,1.000000000000,5
2026-07-17,2026-07-16,st-marche,St Marché,ipca-sp-1110044,1110044,1.000000000000,2
2026-07-17,2026-07-16,extra-mercado,Extra Mercado,ipca-sp-1111004,1111004,1.000000000000,4
2026-07-17,2026-07-16,st-marche,St Marché,ipca-sp-1111004,1111004,1.000000000000,5
2026-07-17,2026-07-16,extra-mercado,Extra Mercado,ipca-sp-1111009,1111009,1.000000000000,2
2026-07-17,2026-07-16,pao-de-acucar,Pão de Açúcar,ipca-sp-1111009,1111009,1.000000000000,5
2026-07-17,2026-07-16,extra-mercado,Extra Mercado,ipca-sp-1111011,1111011,1.000000000000,14
2026-07-17,2026-07-16,pao-de-acucar,Pão de Açúcar,ipca-sp-1111011,1111011,1.011094471639,74
2026-07-17,2026-07-16,st-marche,St Marché,ipca-sp-1111011,1111011,0.978822374563,19
2026-07-17,2026-07-16,extra-mercado,Extra Mercado,ipca-sp-1111019,1111019,1.001732507451,59
2026-07-17,2026-07-16,pao-de-acucar,Pão de Açúcar,ipca-sp-1111019,1111019,1.000000000000,11
2026-07-17,2026-07-16,st-marche,St Marché,ipca-sp-1111019,1111019,0.993094353121,27
2026-07-17,2026-07-16,extra-mercado,Extra Mercado,ipca-sp-1111021,1111021,1.000000000000,4
2026-07-17,2026-07-16,pao-de-acucar,Pão de Açúcar,ipca-sp-1111021,1111021,1.000000000000,4
2026-07-17,2026-07-16,st-marche,St Marché,ipca-sp-1111021,1111021,1.000000000000,10
2026-07-17,2026-07-16,extra-mercado,Extra Mercado,ipca-sp-1112003,1112003,1.004579367668,51
2026-07-17,2026-07-16,pao-de-acucar,Pão de Açúcar,ipca-sp-1112003,1112003,1.000000000000,13
2026-07-17,2026-07-16,st-marche,St Marché,ipca-sp-1112003,1112003,1.000000000000,16
2026-07-17,2026-07-16,extra-mercado,Extra Mercado,ipca-sp-1112015,1112015,1.000000000000,1
2026-07-17,2026-07-16,st-marche,St Marché,ipca-sp-1112015,1112015,1.000000000000,1
2026-07-17,2026-07-16,extra-mercado,Extra Mercado,ipca-sp-1112017,1112017,1.000000000000,3
2026-07-17,2026-07-16,st-marche,St Marché,ipca-sp-1112017,1112017,0.982581813804,6
2026-07-17,2026-07-16,extra-mercado,Extra Mercado,ipca-sp-1112018,1112018,0.991804794756,17
2026-07-17,2026-07-16,pao-de-acucar,Pão de Açúcar,ipca-sp-1112018,1112018,1.000000000000,1
2026-07-17,2026-07-16,st-marche,St Marché,ipca-sp-1112018,1112018,1.002226013850,12
2026-07-17,2026-07-16,extra-mercado,Extra Mercado,ipca-sp-1112019,1112019,1.007193147905,17
2026-07-17,2026-07-16,pao-de-acucar,Pão de Açúcar,ipca-sp-1112019,1112019,1.000000000000,7
2026-07-17,2026-07-16,st-marche,St Marché,ipca-sp-1112019,1112019,1.000000000000,30
2026-07-17,2026-07-16,extra-mercado,Extra Mercado,ipca-sp-1113013,1113013,1.000000000000,1
2026-07-17,2026-07-16,st-marche,St Marché,ipca-sp-1113013,1113013,1.000000000000,1
2026-07-17,2026-07-16,extra-mercado,Extra Mercado,ipca-sp-1113014,1113014,1.000000000000,2
2026-07-17,2026-07-16,pao-de-acucar,Pão de Açúcar,ipca-sp-1113014,1113014,1.000000000000,7
2026-07-17,2026-07-16,st-marche,St Marché,ipca-sp-1113014,1113014,1.000000000000,1
2026-07-17,2026-07-16,extra-mercado,Extra Mercado,ipca-sp-1113040,1113040,1.000000000000,2
2026-07-17,2026-07-16,pao-de-acucar,Pão de Açúcar,ipca-sp-1113040,1113040,1.000000000000,1
2026-07-17,2026-07-16,extra-mercado,Extra Mercado,ipca-sp-1114001,1114001,1.000000000000,5
2026-07-17,2026-07-16,pao-de-acucar,Pão de Açúcar,ipca-sp-1114001,1114001,1.000000000000,4
2026-07-17,2026-07-16,st-marche,St Marché,ipca-sp-1114001,1114001,1.000000000000,12
2026-07-17,2026-07-16,extra-mercado,Extra Mercado,ipca-sp-1114022,1114022,1.009589160457,15
2026-07-17,2026-07-16,pao-de-acucar,Pão de Açúcar,ipca-sp-1114022,1114022,1.005329464600,26
2026-07-17,2026-07-16,st-marche,St Marché,ipca-sp-1114022,1114022,0.835992121200,2
2026-07-17,2026-07-16,extra-mercado,Extra Mercado,ipca-sp-1114083,1114083,0.997076030572,12
2026-07-17,2026-07-16,st-marche,St Marché,ipca-sp-1114083,1114083,1.005054205936,37
2026-07-17,2026-07-16,extra-mercado,Extra Mercado,ipca-sp-1114084,1114084,0.993297287217,10
2026-07-17,2026-07-16,pao-de-acucar,Pão de Açúcar,ipca-sp-1114084,1114084,1.000000000000,2
2026-07-17,2026-07-16,extra-mercado,Extra Mercado,ipca-sp-1114087,1114087,1.000000000000,3
2026-07-17,2026-07-16,pao-de-acucar,Pão de Açúcar,ipca-sp-1114087,1114087,0.969956098503,41
2026-07-17,2026-07-16,st-marche,St Marché,ipca-sp-1114087,1114087,1.000000000000,65
2026-07-17,2026-07-16,extra-mercado,Extra Mercado,ipca-sp-1114090,1114090,1.000000000000,5
2026-07-17,2026-07-16,st-marche,St Marché,ipca-sp-1114090,1114090,1.000000000000,2
2026-07-17,2026-07-16,extra-mercado,Extra Mercado,ipca-sp-1115016,1115016,1.000000000000,2
2026-07-17,2026-07-16,pao-de-acucar,Pão de Açúcar,ipca-sp-1115016,1115016,1.000000000000,2
2026-07-17,2026-07-16,pao-de-acucar,Pão de Açúcar,ipca-sp-1115039,1115039,1.000000000000,1
2026-07-17,2026-07-16,extra-mercado,Extra Mercado,ipca-sp-1115057,1115057,1.000000000000,5
2026-07-17,2026-07-16,pao-de-acucar,Pão de Açúcar,ipca-sp-1115057,1115057,1.000000000000,9
2026-07-17,2026-07-16,st-marche,St Marché,ipca-sp-1115057,1115057,1.000000000000,1
2026-07-17,2026-07-16,extra-mercado,Extra Mercado,ipca-sp-1115058,1115058,1.000000000000,1
2026-07-17,2026-07-16,extra-mercado,Extra Mercado,ipca-sp-1115075,1115075,1.000000000000,3
2026-07-17,2026-07-16,pao-de-acucar,Pão de Açúcar,ipca-sp-1115075,1115075,1.000000000000,2
2026-07-17,2026-07-16,extra-mercado,Extra Mercado,ipca-sp-1116005,1116005,1.018441907809,10
2026-07-17,2026-07-16,pao-de-acucar,Pão de Açúcar,ipca-sp-1116005,1116005,1.000000000000,3
2026-07-17,2026-07-16,st-marche,St Marché,ipca-sp-1116005,1116005,1.000000000000,2
2026-07-17,2026-07-16,extra-mercado,Extra Mercado,ipca-sp-1116010,1116010,1.000000000000,3
2026-07-17,2026-07-16,pao-de-acucar,Pão de Açúcar,ipca-sp-1116010,1116010,1.000000000000,2
2026-07-17,2026-07-16,st-marche,St Marché,ipca-sp-1116010,1116010,1.000000000000,4
2026-07-17,2026-07-16,extra-mercado,Extra Mercado,ipca-sp-1116033,1116033,0.877716852729,4
2026-07-17,2026-07-16,pao-de-acucar,Pão de Açúcar,ipca-sp-1116033,1116033,1.000000000000,2
2026-07-17,2026-07-16,st-marche,St Marché,ipca-sp-1116033,1116033,1.000000000000,1
2026-07-17,2026-07-16,extra-mercado,Extra Mercado,ipca-sp-1116041,1116041,1.000000000000,2
2026-07-17,2026-07-16,pao-de-acucar,Pão de Açúcar,ipca-sp-1116041,1116041,1.000000000000,4
2026-07-17,2026-07-16,st-marche,St Marché,ipca-sp-1116041,1116041,1.000000000000,1
2026-07-17,2026-07-16,extra-mercado,Extra Mercado,ipca-sp-1116071,1116071,1.000000000000,4
2026-07-17,2026-07-16,pao-de-acucar,Pão de Açúcar,ipca-sp-1116071,1116071,1.000000000000,6
2026-07-18,2026-07-17,carrefour,Carrefour Mercado,ipca-sp-1101002,1101002,0.998627373515,8
2026-07-18,2026-07-17,extra-mercado,Extra Mercado,ipca-sp-1101002,1101002,1.000000000000,5
2026-07-18,2026-07-17,pao-de-acucar,Pão de Açúcar,ipca-sp-1101002,1101002,1.000000000000,9
2026-07-18,2026-07-17,carrefour,Carrefour Mercado,ipca-sp-1101073,1101073,1.000000000000,1
2026-07-18,2026-07-17,extra-mercado,Extra Mercado,ipca-sp-1101073,1101073,1.000000000000,1
2026-07-18,2026-07-17,carrefour,Carrefour Mercado,ipca-sp-1102006,1102006,1.025847592425,14
2026-07-18,2026-07-17,extra-mercado,Extra Mercado,ipca-sp-1102006,1102006,1.000000000000,8
2026-07-18,2026-07-17,pao-de-acucar,Pão de Açúcar,ipca-sp-1102006,1102006,1.000000000000,3
2026-07-18,2026-07-17,st-marche,St Marché,ipca-sp-1102006,1102006,1.000000000000,7
2026-07-18,2026-07-17,carrefour,Carrefour Mercado,ipca-sp-1102012,1102012,0.949880668258,1
2026-07-18,2026-07-17,extra-mercado,Extra Mercado,ipca-sp-1102012,1102012,1.179211469534,1
2026-07-18,2026-07-17,st-marche,St Marché,ipca-sp-1102012,1102012,1.000000000000,1
2026-07-18,2026-07-17,carrefour,Carrefour Mercado,ipca-sp-1102023,1102023,1.000000000000,2
2026-07-18,2026-07-17,carrefour,Carrefour Mercado,ipca-sp-1102029,1102029,0.994264093698,6
2026-07-18,2026-07-17,extra-mercado,Extra Mercado,ipca-sp-1102029,1102029,1.000000000000,10
2026-07-18,2026-07-17,pao-de-acucar,Pão de Açúcar,ipca-sp-1102029,1102029,0.958508541613,8
2026-07-18,2026-07-17,st-marche,St Marché,ipca-sp-1102029,1102029,1.000000000000,15
2026-07-18,2026-07-17,carrefour,Carrefour Mercado,ipca-sp-1102061,1102061,1.000798244202,3
2026-07-18,2026-07-17,extra-mercado,Extra Mercado,ipca-sp-1102061,1102061,1.000000000000,7
2026-07-18,2026-07-17,pao-de-acucar,Pão de Açúcar,ipca-sp-1102061,1102061,1.000000000000,1
2026-07-18,2026-07-17,st-marche,St Marché,ipca-sp-1102061,1102061,1.060844875337,2
2026-07-18,2026-07-17,carrefour,Carrefour Mercado,ipca-sp-1103003,1103003,1.000000000000,3
2026-07-18,2026-07-17,extra-mercado,Extra Mercado,ipca-sp-1103003,1103003,0.981369535520,6
2026-07-18,2026-07-17,pao-de-acucar,Pão de Açúcar,ipca-sp-1103003,1103003,1.000000000000,4
2026-07-18,2026-07-17,st-marche,St Marché,ipca-sp-1103003,1103003,1.000000000000,1
2026-07-18,2026-07-17,pao-de-acucar,Pão de Açúcar,ipca-sp-1103020,1103020,1.000000000000,1
2026-07-18,2026-07-17,st-marche,St Marché,ipca-sp-1103020,1103020,1.000000000000,1
2026-07-18,2026-07-17,extra-mercado,Extra Mercado,ipca-sp-1103026,1103026,1.000000000000,1
2026-07-18,2026-07-17,st-marche,St Marché,ipca-sp-1103026,1103026,1.000000000000,1
2026-07-18,2026-07-17,carrefour,Carrefour Mercado,ipca-sp-1103028,1103028,1.000000000000,4
2026-07-18,2026-07-17,extra-mercado,Extra Mercado,ipca-sp-1103028,1103028,1.000000000000,1
2026-07-18,2026-07-17,pao-de-acucar,Pão de Açúcar,ipca-sp-1103028,1103028,1.000000000000,1
2026-07-18,2026-07-17,carrefour,Carrefour Mercado,ipca-sp-1103043,1103043,1.000000000000,2
2026-07-18,2026-07-17,extra-mercado,Extra Mercado,ipca-sp-1103043,1103043,1.000000000000,1
2026-07-18,2026-07-17,st-marche,St Marché,ipca-sp-1103043,1103043,1.000000000000,3
2026-07-18,2026-07-17,carrefour,Carrefour Mercado,ipca-sp-1103044,1103044,1.000000000000,1
2026-07-18,2026-07-17,extra-mercado,Extra Mercado,ipca-sp-1103044,1103044,1.000000000000,1
2026-07-18,2026-07-17,carrefour,Carrefour Mercado,ipca-sp-1104003,1104003,1.000000000000,1
2026-07-18,2026-07-17,carrefour,Carrefour Mercado,ipca-sp-1104023,1104023,0.980278575604,14
2026-07-18,2026-07-17,extra-mercado,Extra Mercado,ipca-sp-1104023,1104023,0.962617581458,35
2026-07-18,2026-07-17,pao-de-acucar,Pão de Açúcar,ipca-sp-1104023,1104023,1.000000000000,23
2026-07-18,2026-07-17,st-marche,St Marché,ipca-sp-1104023,1104023,1.000000000000,5
2026-07-18,2026-07-17,carrefour,Carrefour Mercado,ipca-sp-1104032,1104032,1.000000000000,6
2026-07-18,2026-07-17,extra-mercado,Extra Mercado,ipca-sp-1104032,1104032,0.873195389487,6
2026-07-18,2026-07-17,pao-de-acucar,Pão de Açúcar,ipca-sp-1104032,1104032,0.986091263055,28
2026-07-18,2026-07-17,st-marche,St Marché,ipca-sp-1104032,1104032,1.000000000000,26
2026-07-18,2026-07-17,carrefour,Carrefour Mercado,ipca-sp-1104052,1104052,1.000000000000,1
2026-07-18,2026-07-17,extra-mercado,Extra Mercado,ipca-sp-1104052,1104052,0.970043144705,6
2026-07-18,2026-07-17,pao-de-acucar,Pão de Açúcar,ipca-sp-1104052,1104052,0.950303397251,7
2026-07-18,2026-07-17,st-marche,St Marché,ipca-sp-1104052,1104052,1.000000000000,3
2026-07-18,2026-07-17,carrefour,Carrefour Mercado,ipca-sp-1105001,1105001,1.000000000000,1
2026-07-18,2026-07-17,st-marche,St Marché,ipca-sp-1105001,1105001,1.000000000000,2
2026-07-18,2026-07-17,carrefour,Carrefour Mercado,ipca-sp-1105005,1105005,1.271816881259,1
2026-07-18,2026-07-17,extra-mercado,Extra Mercado,ipca-sp-1105010,1105010,1.000000000000,1
2026-07-18,2026-07-17,carrefour,Carrefour Mercado,ipca-sp-1105012,1105012,1.000000000000,2
2026-07-18,2026-07-17,extra-mercado,Extra Mercado,ipca-sp-1105012,1105012,1.000000000000,1
2026-07-18,2026-07-17,carrefour,Carrefour Mercado,ipca-sp-1105019,1105019,1.000000000000,2
2026-07-18,2026-07-17,pao-de-acucar,Pão de Açúcar,ipca-sp-1105019,1105019,1.000000000000,1
2026-07-18,2026-07-17,st-marche,St Marché,ipca-sp-1105019,1105019,1.000000000000,2
2026-07-18,2026-07-17,carrefour,Carrefour Mercado,ipca-sp-1106017,1106017,1.000000000000,2
2026-07-18,2026-07-17,extra-mercado,Extra Mercado,ipca-sp-1106017,1106017,1.000000000000,1
2026-07-18,2026-07-17,st-marche,St Marché,ipca-sp-1106017,1106017,1.000000000000,1
2026-07-18,2026-07-17,extra-mercado,Extra Mercado,ipca-sp-1106018,1106018,1.000000000000,2
2026-07-18,2026-07-17,pao-de-acucar,Pão de Açúcar,ipca-sp-1106018,1106018,1.000000000000,1
2026-07-18,2026-07-17,st-marche,St Marché,ipca-sp-1106018,1106018,1.000000000000,2
2026-07-18,2026-07-17,st-marche,St Marché,ipca-sp-1106019,1106019,1.000000000000,3
2026-07-18,2026-07-17,extra-mercado,Extra Mercado,ipca-sp-1106023,1106023,1.000000000000,1
2026-07-18,2026-07-17,st-marche,St Marché,ipca-sp-1106023,1106023,1.000000000000,1
2026-07-18,2026-07-17,carrefour,Carrefour Mercado,ipca-sp-1106027,1106027,1.000000000000,1
2026-07-18,2026-07-17,st-marche,St Marché,ipca-sp-1106027,1106027,1.000000000000,3
2026-07-18,2026-07-17,extra-mercado,Extra Mercado,ipca-sp-1106028,1106028,1.000000000000,1
2026-07-18,2026-07-17,pao-de-acucar,Pão de Açúcar,ipca-sp-1106028,1106028,1.000000000000,1
2026-07-18,2026-07-17,st-marche,St Marché,ipca-sp-1106028,1106028,1.000000000000,1
2026-07-18,2026-07-17,extra-mercado,Extra Mercado,ipca-sp-1106039,1106039,1.502092050209,1
2026-07-18,2026-07-17,carrefour,Carrefour Mercado,ipca-sp-1107018,1107018,1.000000000000,6
2026-07-18,2026-07-17,extra-mercado,Extra Mercado,ipca-sp-1107018,1107018,1.000000000000,10
2026-07-18,2026-07-17,pao-de-acucar,Pão de Açúcar,ipca-sp-1107018,1107018,1.000000000000,13
2026-07-18,2026-07-17,st-marche,St Marché,ipca-sp-1107018,1107018,1.000000000000,5
2026-07-18,2026-07-17,extra-mercado,Extra Mercado,ipca-sp-1107084,1107084,1.000000000000,1
2026-07-18,2026-07-17,pao-de-acucar,Pão de Açúcar,ipca-sp-1107084,1107084,0.900766523979,6
2026-07-18,2026-07-17,carrefour,Carrefour Mercado,ipca-sp-1107087,1107087,0.999749937484,1
2026-07-18,2026-07-17,pao-de-acucar,Pão de Açúcar,ipca-sp-1107087,1107087,1.000000000000,1
2026-07-18,2026-07-17,st-marche,St Marché,ipca-sp-1107087,1107087,1.000000000000,1
2026-07-18,2026-07-17,pao-de-acucar,Pão de Açúcar,ipca-sp-1107088,1107088,1.000000000000,2
2026-07-18,2026-07-17,carrefour,Carrefour Mercado,ipca-sp-1107089,1107089,1.000000000000,1
2026-07-18,2026-07-17,st-marche,St Marché,ipca-sp-1107089,1107089,1.000000000000,2
2026-07-18,2026-07-17,pao-de-acucar,Pão de Açúcar,ipca-sp-1107091,1107091,1.000000000000,2
2026-07-18,2026-07-17,st-marche,St Marché,ipca-sp-1107091,1107091,1.000000000000,1
2026-07-18,2026-07-17,pao-de-acucar,Pão de Açúcar,ipca-sp-1107093,1107093,1.000000000000,1
2026-07-18,2026-07-17,extra-mercado,Extra Mercado,ipca-sp-1107094,1107094,1.000000000000,1
2026-07-18,2026-07-17,pao-de-acucar,Pão de Açúcar,ipca-sp-1107094,1107094,1.000000000000,1
2026-07-18,2026-07-17,st-marche,St Marché,ipca-sp-1107094,1107094,1.000000000000,1
2026-07-18,2026-07-17,extra-mercado,Extra Mercado,ipca-sp-1107095,1107095,1.135501355014,1
2026-07-18,2026-07-17,pao-de-acucar,Pão de Açúcar,ipca-sp-1107095,1107095,1.000000000000,1
2026-07-18,2026-07-17,st-marche,St Marché,ipca-sp-1107095,1107095,1.000000000000,2
2026-07-18,2026-07-17,extra-mercado,Extra Mercado,ipca-sp-1107099,1107099,1.000000000000,1
2026-07-18,2026-07-17,pao-de-acucar,Pão de Açúcar,ipca-sp-1107099,1107099,0.844912402025,2
2026-07-18,2026-07-17,st-marche,St Marché,ipca-sp-1107099,1107099,1.000000000000,1
2026-07-18,2026-07-17,carrefour,Carrefour Mercado,ipca-sp-1108031,1108031,0.888844452822,2
2026-07-18,2026-07-17,extra-mercado,Extra Mercado,ipca-sp-1108031,1108031,1.000000000000,1
2026-07-18,2026-07-17,pao-de-acucar,Pão de Açúcar,ipca-sp-1108038,1108038,1.000000000000,1
2026-07-18,2026-07-17,st-marche,St Marché,ipca-sp-1108038,1108038,1.000000000000,1
2026-07-18,2026-07-17,extra-mercado,Extra Mercado,ipca-sp-1108075,1108075,1.000000000000,1
2026-07-18,2026-07-17,pao-de-acucar,Pão de Açúcar,ipca-sp-1108075,1108075,1.004678727593,11
2026-07-18,2026-07-17,carrefour,Carrefour Mercado,ipca-sp-1108080,1108080,0.929832154018,3
2026-07-18,2026-07-17,extra-mercado,Extra Mercado,ipca-sp-1108080,1108080,1.000000000000,1
2026-07-18,2026-07-17,pao-de-acucar,Pão de Açúcar,ipca-sp-1108080,1108080,1.000000000000,1
2026-07-18,2026-07-17,st-marche,St Marché,ipca-sp-1108080,1108080,1.000000000000,2
2026-07-18,2026-07-17,carrefour,Carrefour Mercado,ipca-sp-1109002,1109002,1.000000000000,1
2026-07-18,2026-07-17,pao-de-acucar,Pão de Açúcar,ipca-sp-1109002,1109002,0.925599008402,2
2026-07-18,2026-07-17,st-marche,St Marché,ipca-sp-1109002,1109002,1.000000000000,5
2026-07-18,2026-07-17,carrefour,Carrefour Mercado,ipca-sp-1109007,1109007,0.799849270639,2
2026-07-18,2026-07-17,extra-mercado,Extra Mercado,ipca-sp-1109007,1109007,1.000000000000,3
2026-07-18,2026-07-17,pao-de-acucar,Pão de Açúcar,ipca-sp-1109007,1109007,1.000000000000,8
2026-07-18,2026-07-17,carrefour,Carrefour Mercado,ipca-sp-1109008,1109008,0.775937015379,2
2026-07-18,2026-07-17,extra-mercado,Extra Mercado,ipca-sp-1109008,1109008,1.000000000000,5
2026-07-18,2026-07-17,pao-de-acucar,Pão de Açúcar,ipca-sp-1109008,1109008,1.000000000000,15
2026-07-18,2026-07-17,st-marche,St Marché,ipca-sp-1109008,1109008,1.000000000000,9
2026-07-18,2026-07-17,carrefour,Carrefour Mercado,ipca-sp-1109010,1109010,1.000000000000,3
2026-07-18,2026-07-17,extra-mercado,Extra Mercado,ipca-sp-1109010,1109010,0.959795197982,3
2026-07-18,2026-07-17,st-marche,St Marché,ipca-sp-1109010,1109010,1.000000000000,2
2026-07-18,2026-07-17,extra-mercado,Extra Mercado,ipca-sp-1110009,1110009,1.000000000000,1
2026-07-18,2026-07-17,pao-de-acucar,Pão de Açúcar,ipca-sp-1110009,1110009,1.000000000000,4
2026-07-18,2026-07-17,st-marche,St Marché,ipca-sp-1110009,1110009,1.000000000000,1
2026-07-18,2026-07-17,carrefour,Carrefour Mercado,ipca-sp-1110010,1110010,1.000000000000,14
2026-07-18,2026-07-17,extra-mercado,Extra Mercado,ipca-sp-1110010,1110010,1.008640833730,13
2026-07-18,2026-07-17,pao-de-acucar,Pão de Açúcar,ipca-sp-1110010,1110010,0.999810851613,13
2026-07-18,2026-07-17,st-marche,St Marché,ipca-sp-1110010,1110010,1.000000000000,17
2026-07-18,2026-07-17,carrefour,Carrefour Mercado,ipca-sp-1110044,1110044,1.000000000000,1
2026-07-18,2026-07-17,extra-mercado,Extra Mercado,ipca-sp-1110044,1110044,1.040873626217,4
2026-07-18,2026-07-17,pao-de-acucar,Pão de Açúcar,ipca-sp-1110044,1110044,1.000000000000,5
2026-07-18,2026-07-17,st-marche,St Marché,ipca-sp-1110044,1110044,1.000000000000,2
2026-07-18,2026-07-17,carrefour,Carrefour Mercado,ipca-sp-1111004,1111004,1.000000000000,5
2026-07-18,2026-07-17,extra-mercado,Extra Mercado,ipca-sp-1111004,1111004,0.963508378317,4
2026-07-18,2026-07-17,st-marche,St Marché,ipca-sp-1111004,1111004,1.000000000000,5
2026-07-18,2026-07-17,carrefour,Carrefour Mercado,ipca-sp-1111009,1111009,1.000000000000,3
2026-07-18,2026-07-17,extra-mercado,Extra Mercado,ipca-sp-1111009,1111009,1.000000000000,2
2026-07-18,2026-07-17,pao-de-acucar,Pão de Açúcar,ipca-sp-1111009,1111009,1.000000000000,5
2026-07-18,2026-07-17,carrefour,Carrefour Mercado,ipca-sp-1111011,1111011,1.000000000000,13
2026-07-18,2026-07-17,extra-mercado,Extra Mercado,ipca-sp-1111011,1111011,1.000000000000,14
2026-07-18,2026-07-17,pao-de-acucar,Pão de Açúcar,ipca-sp-1111011,1111011,1.000954085799,74
2026-07-18,2026-07-17,st-marche,St Marché,ipca-sp-1111011,1111011,1.000000000000,19
2026-07-18,2026-07-17,carrefour,Carrefour Mercado,ipca-sp-1111019,1111019,1.016653850085,37
2026-07-18,2026-07-17,extra-mercado,Extra Mercado,ipca-sp-1111019,1111019,1.000789580822,59
2026-07-18,2026-07-17,pao-de-acucar,Pão de Açúcar,ipca-sp-1111019,1111019,1.000000000000,11
2026-07-18,2026-07-17,st-marche,St Marché,ipca-sp-1111019,1111019,0.981851760363,27
2026-07-18,2026-07-17,carrefour,Carrefour Mercado,ipca-sp-1111021,1111021,1.000000000000,8
2026-07-18,2026-07-17,extra-mercado,Extra Mercado,ipca-sp-1111021,1111021,1.000000000000,4
2026-07-18,2026-07-17,pao-de-acucar,Pão de Açúcar,ipca-sp-1111021,1111021,1.000000000000,4
2026-07-18,2026-07-17,st-marche,St Marché,ipca-sp-1111021,1111021,1.000000000000,10
2026-07-18,2026-07-17,carrefour,Carrefour Mercado,ipca-sp-1112003,1112003,1.044609750816,22
2026-07-18,2026-07-17,extra-mercado,Extra Mercado,ipca-sp-1112003,1112003,0.988431039790,51
2026-07-18,2026-07-17,pao-de-acucar,Pão de Açúcar,ipca-sp-1112003,1112003,1.000000000000,13
2026-07-18,2026-07-17,st-marche,St Marché,ipca-sp-1112003,1112003,1.000000000000,16
2026-07-18,2026-07-17,extra-mercado,Extra Mercado,ipca-sp-1112015,1112015,1.000000000000,1
2026-07-18,2026-07-17,st-marche,St Marché,ipca-sp-1112015,1112015,1.000000000000,1
2026-07-18,2026-07-17,carrefour,Carrefour Mercado,ipca-sp-1112017,1112017,1.000000000000,1
2026-07-18,2026-07-17,extra-mercado,Extra Mercado,ipca-sp-1112017,1112017,1.000000000000,3
2026-07-18,2026-07-17,st-marche,St Marché,ipca-sp-1112017,1112017,1.000000000000,6
2026-07-18,2026-07-17,carrefour,Carrefour Mercado,ipca-sp-1112018,1112018,1.000000000000,18
2026-07-18,2026-07-17,extra-mercado,Extra Mercado,ipca-sp-1112018,1112018,1.000000000000,17
2026-07-18,2026-07-17,pao-de-acucar,Pão de Açúcar,ipca-sp-1112018,1112018,1.000000000000,1
2026-07-18,2026-07-17,st-marche,St Marché,ipca-sp-1112018,1112018,1.000000000000,12
2026-07-18,2026-07-17,carrefour,Carrefour Mercado,ipca-sp-1112019,1112019,0.996687280819,11
2026-07-18,2026-07-17,extra-mercado,Extra Mercado,ipca-sp-1112019,1112019,1.000000000000,17
2026-07-18,2026-07-17,pao-de-acucar,Pão de Açúcar,ipca-sp-1112019,1112019,1.000000000000,7
2026-07-18,2026-07-17,st-marche,St Marché,ipca-sp-1112019,1112019,1.000000000000,32
2026-07-18,2026-07-17,carrefour,Carrefour Mercado,ipca-sp-1113013,1113013,1.000000000000,2
2026-07-18,2026-07-17,extra-mercado,Extra Mercado,ipca-sp-1113013,1113013,1.000000000000,1
2026-07-18,2026-07-17,st-marche,St Marché,ipca-sp-1113013,1113013,1.000000000000,1
2026-07-18,2026-07-17,carrefour,Carrefour Mercado,ipca-sp-1113014,1113014,0.990238925629,4
2026-07-18,2026-07-17,extra-mercado,Extra Mercado,ipca-sp-1113014,1113014,1.000000000000,2
2026-07-18,2026-07-17,pao-de-acucar,Pão de Açúcar,ipca-sp-1113014,1113014,1.000000000000,7
2026-07-18,2026-07-17,st-marche,St Marché,ipca-sp-1113014,1113014,1.000000000000,1
2026-07-18,2026-07-17,carrefour,Carrefour Mercado,ipca-sp-1113040,1113040,1.000000000000,5
2026-07-18,2026-07-17,extra-mercado,Extra Mercado,ipca-sp-1113040,1113040,1.000000000000,2
2026-07-18,2026-07-17,pao-de-acucar,Pão de Açúcar,ipca-sp-1113040,1113040,1.000000000000,1
2026-07-18,2026-07-17,carrefour,Carrefour Mercado,ipca-sp-1114001,1114001,1.000000000000,29
2026-07-18,2026-07-17,extra-mercado,Extra Mercado,ipca-sp-1114001,1114001,1.000000000000,5
2026-07-18,2026-07-17,pao-de-acucar,Pão de Açúcar,ipca-sp-1114001,1114001,1.000000000000,4
2026-07-18,2026-07-17,st-marche,St Marché,ipca-sp-1114001,1114001,1.000000000000,12
2026-07-18,2026-07-17,carrefour,Carrefour Mercado,ipca-sp-1114022,1114022,0.994370948278,11
2026-07-18,2026-07-17,extra-mercado,Extra Mercado,ipca-sp-1114022,1114022,0.987474910491,15
2026-07-18,2026-07-17,pao-de-acucar,Pão de Açúcar,ipca-sp-1114022,1114022,0.963844497536,26
2026-07-18,2026-07-17,st-marche,St Marché,ipca-sp-1114022,1114022,1.000000000000,2
2026-07-18,2026-07-17,carrefour,Carrefour Mercado,ipca-sp-1114083,1114083,1.023262655681,31
2026-07-18,2026-07-17,extra-mercado,Extra Mercado,ipca-sp-1114083,1114083,0.984829622363,12
2026-07-18,2026-07-17,st-marche,St Marché,ipca-sp-1114083,1114083,1.000000000000,37
2026-07-18,2026-07-17,carrefour,Carrefour Mercado,ipca-sp-1114084,1114084,1.000000000000,12
2026-07-18,2026-07-17,extra-mercado,Extra Mercado,ipca-sp-1114084,1114084,0.960119935186,10
2026-07-18,2026-07-17,pao-de-acucar,Pão de Açúcar,ipca-sp-1114084,1114084,1.000000000000,2
2026-07-18,2026-07-17,carrefour,Carrefour Mercado,ipca-sp-1114087,1114087,1.000000000000,9
2026-07-18,2026-07-17,extra-mercado,Extra Mercado,ipca-sp-1114087,1114087,0.893850973822,3
2026-07-18,2026-07-17,pao-de-acucar,Pão de Açúcar,ipca-sp-1114087,1114087,1.000000000000,41
2026-07-18,2026-07-17,st-marche,St Marché,ipca-sp-1114087,1114087,1.000000000000,65
2026-07-18,2026-07-17,carrefour,Carrefour Mercado,ipca-sp-1114090,1114090,1.000000000000,5
2026-07-18,2026-07-17,extra-mercado,Extra Mercado,ipca-sp-1114090,1114090,1.000000000000,5
2026-07-18,2026-07-17,st-marche,St Marché,ipca-sp-1114090,1114090,1.000000000000,2
2026-07-18,2026-07-17,extra-mercado,Extra Mercado,ipca-sp-1115016,1115016,1.000000000000,2
2026-07-18,2026-07-17,pao-de-acucar,Pão de Açúcar,ipca-sp-1115016,1115016,1.000000000000,2
2026-07-18,2026-07-17,pao-de-acucar,Pão de Açúcar,ipca-sp-1115039,1115039,1.000000000000,1
2026-07-18,2026-07-17,carrefour,Carrefour Mercado,ipca-sp-1115057,1115057,1.068268505372,5
2026-07-18,2026-07-17,extra-mercado,Extra Mercado,ipca-sp-1115057,1115057,1.000000000000,5
2026-07-18,2026-07-17,pao-de-acucar,Pão de Açúcar,ipca-sp-1115057,1115057,1.000000000000,9
2026-07-18,2026-07-17,st-marche,St Marché,ipca-sp-1115057,1115057,1.000000000000,1
2026-07-18,2026-07-17,extra-mercado,Extra Mercado,ipca-sp-1115058,1115058,1.000000000000,1
2026-07-18,2026-07-17,carrefour,Carrefour Mercado,ipca-sp-1115075,1115075,1.013714426252,3
2026-07-18,2026-07-17,extra-mercado,Extra Mercado,ipca-sp-1115075,1115075,1.000000000000,3
2026-07-18,2026-07-17,pao-de-acucar,Pão de Açúcar,ipca-sp-1115075,1115075,1.000000000000,2
2026-07-18,2026-07-17,carrefour,Carrefour Mercado,ipca-sp-1116005,1116005,0.981898542968,7
2026-07-18,2026-07-17,extra-mercado,Extra Mercado,ipca-sp-1116005,1116005,0.975773948946,10
2026-07-18,2026-07-17,pao-de-acucar,Pão de Açúcar,ipca-sp-1116005,1116005,1.000000000000,3
2026-07-18,2026-07-17,st-marche,St Marché,ipca-sp-1116005,1116005,1.000000000000,2
2026-07-18,2026-07-17,carrefour,Carrefour Mercado,ipca-sp-1116010,1116010,1.000000000000,1
2026-07-18,2026-07-17,extra-mercado,Extra Mercado,ipca-sp-1116010,1116010,1.000000000000,3
2026-07-18,2026-07-17,pao-de-acucar,Pão de Açúcar,ipca-sp-1116010,1116010,1.000000000000,2
2026-07-18,2026-07-17,st-marche,St Marché,ipca-sp-1116010,1116010,1.000000000000,4
2026-07-18,2026-07-17,carrefour,Carrefour Mercado,ipca-sp-1116033,1116033,1.000000000000,3
2026-07-18,2026-07-17,extra-mercado,Extra Mercado,ipca-sp-1116033,1116033,1.000000000000,4
2026-07-18,2026-07-17,pao-de-acucar,Pão de Açúcar,ipca-sp-1116033,1116033,1.000000000000,2
2026-07-18,2026-07-17,st-marche,St Marché,ipca-sp-1116033,1116033,1.000000000000,1
2026-07-18,2026-07-17,carrefour,Carrefour Mercado,ipca-sp-1116041,1116041,0.811912225705,1
2026-07-18,2026-07-17,extra-mercado,Extra Mercado,ipca-sp-1116041,1116041,1.000000000000,2
2026-07-18,2026-07-17,pao-de-acucar,Pão de Açúcar,ipca-sp-1116041,1116041,1.000000000000,4
2026-07-18,2026-07-17,st-marche,St Marché,ipca-sp-1116041,1116041,1.000000000000,1
2026-07-18,2026-07-17,carrefour,Carrefour Mercado,ipca-sp-1116071,1116071,1.000000000000,3
2026-07-18,2026-07-17,extra-mercado,Extra Mercado,ipca-sp-1116071,1116071,1.000000000000,4
2026-07-18,2026-07-17,pao-de-acucar,Pão de Açúcar,ipca-sp-1116071,1116071,1.000000000000,6
2026-07-19,2026-07-18,carrefour,Carrefour Mercado,ipca-sp-1101002,1101002,1.000000000000,8
2026-07-19,2026-07-18,extra-mercado,Extra Mercado,ipca-sp-1101002,1101002,1.000000000000,5
2026-07-19,2026-07-18,pao-de-acucar,Pão de Açúcar,ipca-sp-1101002,1101002,1.000000000000,9
2026-07-19,2026-07-18,carrefour,Carrefour Mercado,ipca-sp-1101073,1101073,1.000000000000,1
2026-07-19,2026-07-18,extra-mercado,Extra Mercado,ipca-sp-1101073,1101073,1.000000000000,1
2026-07-19,2026-07-18,carrefour,Carrefour Mercado,ipca-sp-1102006,1102006,1.000000000000,14
2026-07-19,2026-07-18,extra-mercado,Extra Mercado,ipca-sp-1102006,1102006,1.000000000000,8
2026-07-19,2026-07-18,pao-de-acucar,Pão de Açúcar,ipca-sp-1102006,1102006,1.000000000000,3
2026-07-19,2026-07-18,st-marche,St Marché,ipca-sp-1102006,1102006,1.000000000000,7
2026-07-19,2026-07-18,carrefour,Carrefour Mercado,ipca-sp-1102012,1102012,1.000000000000,2
2026-07-19,2026-07-18,extra-mercado,Extra Mercado,ipca-sp-1102012,1102012,1.000000000000,1
2026-07-19,2026-07-18,st-marche,St Marché,ipca-sp-1102012,1102012,1.000000000000,1
2026-07-19,2026-07-18,carrefour,Carrefour Mercado,ipca-sp-1102023,1102023,1.000000000000,2
2026-07-19,2026-07-18,carrefour,Carrefour Mercado,ipca-sp-1102029,1102029,1.000000000000,4
2026-07-19,2026-07-18,extra-mercado,Extra Mercado,ipca-sp-1102029,1102029,1.019436907006,10
2026-07-19,2026-07-18,pao-de-acucar,Pão de Açúcar,ipca-sp-1102029,1102029,1.000000000000,8
2026-07-19,2026-07-18,st-marche,St Marché,ipca-sp-1102029,1102029,1.000000000000,16
2026-07-19,2026-07-18,carrefour,Carrefour Mercado,ipca-sp-1102061,1102061,1.000000000000,3
2026-07-19,2026-07-18,extra-mercado,Extra Mercado,ipca-sp-1102061,1102061,1.000000000000,7
2026-07-19,2026-07-18,pao-de-acucar,Pão de Açúcar,ipca-sp-1102061,1102061,1.000000000000,1
2026-07-19,2026-07-18,st-marche,St Marché,ipca-sp-1102061,1102061,1.000000000000,2
2026-07-19,2026-07-18,carrefour,Carrefour Mercado,ipca-sp-1103003,1103003,0.896225438033,2
2026-07-19,2026-07-18,extra-mercado,Extra Mercado,ipca-sp-1103003,1103003,1.088960053870,6
2026-07-19,2026-07-18,pao-de-acucar,Pão de Açúcar,ipca-sp-1103003,1103003,1.000000000000,3
2026-07-19,2026-07-18,st-marche,St Marché,ipca-sp-1103003,1103003,1.000000000000,1
2026-07-19,2026-07-18,pao-de-acucar,Pão de Açúcar,ipca-sp-1103020,1103020,1.000000000000,1
2026-07-19,2026-07-18,st-marche,St Marché,ipca-sp-1103020,1103020,1.000000000000,1
2026-07-19,2026-07-18,carrefour,Carrefour Mercado,ipca-sp-1103026,1103026,1.000000000000,1
2026-07-19,2026-07-18,extra-mercado,Extra Mercado,ipca-sp-1103026,1103026,1.000000000000,1
2026-07-19,2026-07-18,st-marche,St Marché,ipca-sp-1103026,1103026,1.000000000000,1
2026-07-19,2026-07-18,carrefour,Carrefour Mercado,ipca-sp-1103028,1103028,1.000000000000,4
2026-07-19,2026-07-18,extra-mercado,Extra Mercado,ipca-sp-1103028,1103028,1.000000000000,1
2026-07-19,2026-07-18,pao-de-acucar,Pão de Açúcar,ipca-sp-1103028,1103028,1.000000000000,1
2026-07-19,2026-07-18,carrefour,Carrefour Mercado,ipca-sp-1103043,1103043,1.000000000000,2
2026-07-19,2026-07-18,extra-mercado,Extra Mercado,ipca-sp-1103043,1103043,1.000000000000,1
2026-07-19,2026-07-18,st-marche,St Marché,ipca-sp-1103043,1103043,1.000000000000,3
2026-07-19,2026-07-18,carrefour,Carrefour Mercado,ipca-sp-1103044,1103044,1.000000000000,1
2026-07-19,2026-07-18,extra-mercado,Extra Mercado,ipca-sp-1103044,1103044,1.000000000000,1
2026-07-19,2026-07-18,carrefour,Carrefour Mercado,ipca-sp-1104003,1104003,1.000000000000,1
2026-07-19,2026-07-18,carrefour,Carrefour Mercado,ipca-sp-1104023,1104023,1.000000000000,15
2026-07-19,2026-07-18,extra-mercado,Extra Mercado,ipca-sp-1104023,1104023,0.989674072764,35
2026-07-19,2026-07-18,pao-de-acucar,Pão de Açúcar,ipca-sp-1104023,1104023,0.983476963025,23
2026-07-19,2026-07-18,st-marche,St Marché,ipca-sp-1104023,1104023,1.000000000000,5
2026-07-19,2026-07-18,carrefour,Carrefour Mercado,ipca-sp-1104032,1104032,1.000000000000,5
2026-07-19,2026-07-18,extra-mercado,Extra Mercado,ipca-sp-1104032,1104032,1.000000000000,6
2026-07-19,2026-07-18,pao-de-acucar,Pão de Açúcar,ipca-sp-1104032,1104032,1.003475504319,28
2026-07-19,2026-07-18,st-marche,St Marché,ipca-sp-1104032,1104032,1.000000000000,26
2026-07-19,2026-07-18,carrefour,Carrefour Mercado,ipca-sp-1104052,1104052,1.000000000000,1
2026-07-19,2026-07-18,extra-mercado,Extra Mercado,ipca-sp-1104052,1104052,1.000000000000,6
2026-07-19,2026-07-18,pao-de-acucar,Pão de Açúcar,ipca-sp-1104052,1104052,1.000000000000,7
2026-07-19,2026-07-18,st-marche,St Marché,ipca-sp-1104052,1104052,1.000000000000,3
2026-07-19,2026-07-18,carrefour,Carrefour Mercado,ipca-sp-1105001,1105001,1.000000000000,2
2026-07-19,2026-07-18,st-marche,St Marché,ipca-sp-1105001,1105001,1.000000000000,2
2026-07-19,2026-07-18,carrefour,Carrefour Mercado,ipca-sp-1105005,1105005,1.000000000000,1
2026-07-19,2026-07-18,extra-mercado,Extra Mercado,ipca-sp-1105010,1105010,1.000000000000,1
2026-07-19,2026-07-18,carrefour,Carrefour Mercado,ipca-sp-1105012,1105012,1.000000000000,2
2026-07-19,2026-07-18,extra-mercado,Extra Mercado,ipca-sp-1105012,1105012,1.000000000000,1
2026-07-19,2026-07-18,carrefour,Carrefour Mercado,ipca-sp-1105019,1105019,1.000000000000,3
2026-07-19,2026-07-18,pao-de-acucar,Pão de Açúcar,ipca-sp-1105019,1105019,1.000000000000,1
2026-07-19,2026-07-18,st-marche,St Marché,ipca-sp-1105019,1105019,1.000000000000,2
2026-07-19,2026-07-18,carrefour,Carrefour Mercado,ipca-sp-1106017,1106017,1.000000000000,2
2026-07-19,2026-07-18,extra-mercado,Extra Mercado,ipca-sp-1106017,1106017,1.000000000000,1
2026-07-19,2026-07-18,st-marche,St Marché,ipca-sp-1106017,1106017,1.000000000000,1
2026-07-19,2026-07-18,extra-mercado,Extra Mercado,ipca-sp-1106018,1106018,1.000000000000,2
2026-07-19,2026-07-18,pao-de-acucar,Pão de Açúcar,ipca-sp-1106018,1106018,1.000000000000,1
2026-07-19,2026-07-18,st-marche,St Marché,ipca-sp-1106018,1106018,1.000000000000,1
2026-07-19,2026-07-18,st-marche,St Marché,ipca-sp-1106019,1106019,1.000000000000,3
2026-07-19,2026-07-18,extra-mercado,Extra Mercado,ipca-sp-1106023,1106023,1.000000000000,1
2026-07-19,2026-07-18,st-marche,St Marché,ipca-sp-1106023,1106023,1.000000000000,1
2026-07-19,2026-07-18,carrefour,Carrefour Mercado,ipca-sp-1106027,1106027,1.000000000000,1
2026-07-19,2026-07-18,st-marche,St Marché,ipca-sp-1106027,1106027,1.000000000000,3
2026-07-19,2026-07-18,extra-mercado,Extra Mercado,ipca-sp-1106028,1106028,1.700700700701,1
2026-07-19,2026-07-18,pao-de-acucar,Pão de Açúcar,ipca-sp-1106028,1106028,1.000000000000,1
2026-07-19,2026-07-18,st-marche,St Marché,ipca-sp-1106028,1106028,1.000000000000,1
2026-07-19,2026-07-18,extra-mercado,Extra Mercado,ipca-sp-1106039,1106039,1.000000000000,1
2026-07-19,2026-07-18,carrefour,Carrefour Mercado,ipca-sp-1107018,1107018,1.000000000000,7
2026-07-19,2026-07-18,extra-mercado,Extra Mercado,ipca-sp-1107018,1107018,1.000000000000,10
2026-07-19,2026-07-18,pao-de-acucar,Pão de Açúcar,ipca-sp-1107018,1107018,1.000000000000,13
2026-07-19,2026-07-18,st-marche,St Marché,ipca-sp-1107018,1107018,1.000000000000,5
2026-07-19,2026-07-18,extra-mercado,Extra Mercado,ipca-sp-1107084,1107084,1.000000000000,1
2026-07-19,2026-07-18,pao-de-acucar,Pão de Açúcar,ipca-sp-1107084,1107084,1.000000000000,6
2026-07-19,2026-07-18,carrefour,Carrefour Mercado,ipca-sp-1107087,1107087,1.000000000000,1
2026-07-19,2026-07-18,pao-de-acucar,Pão de Açúcar,ipca-sp-1107087,1107087,1.000000000000,1
2026-07-19,2026-07-18,st-marche,St Marché,ipca-sp-1107087,1107087,1.000000000000,1
2026-07-19,2026-07-18,pao-de-acucar,Pão de Açúcar,ipca-sp-1107088,1107088,1.000000000000,2
2026-07-19,2026-07-18,carrefour,Carrefour Mercado,ipca-sp-1107089,1107089,1.000000000000,1
2026-07-19,2026-07-18,st-marche,St Marché,ipca-sp-1107089,1107089,1.000000000000,2
2026-07-19,2026-07-18,pao-de-acucar,Pão de Açúcar,ipca-sp-1107091,1107091,1.000000000000,2
2026-07-19,2026-07-18,st-marche,St Marché,ipca-sp-1107091,1107091,1.000000000000,1
2026-07-19,2026-07-18,pao-de-acucar,Pão de Açúcar,ipca-sp-1107093,1107093,1.000000000000,1
2026-07-19,2026-07-18,extra-mercado,Extra Mercado,ipca-sp-1107094,1107094,1.000000000000,1
2026-07-19,2026-07-18,pao-de-acucar,Pão de Açúcar,ipca-sp-1107094,1107094,1.000000000000,1
2026-07-19,2026-07-18,st-marche,St Marché,ipca-sp-1107094,1107094,1.000000000000,1
2026-07-19,2026-07-18,extra-mercado,Extra Mercado,ipca-sp-1107095,1107095,1.000000000000,1
2026-07-19,2026-07-18,pao-de-acucar,Pão de Açúcar,ipca-sp-1107095,1107095,1.000000000000,1
2026-07-19,2026-07-18,st-marche,St Marché,ipca-sp-1107095,1107095,1.000000000000,2
2026-07-19,2026-07-18,extra-mercado,Extra Mercado,ipca-sp-1107099,1107099,1.000000000000,1
2026-07-19,2026-07-18,pao-de-acucar,Pão de Açúcar,ipca-sp-1107099,1107099,1.000000000000,2
2026-07-19,2026-07-18,st-marche,St Marché,ipca-sp-1107099,1107099,1.000000000000,1
2026-07-19,2026-07-18,carrefour,Carrefour Mercado,ipca-sp-1108031,1108031,1.000000000000,2
2026-07-19,2026-07-18,extra-mercado,Extra Mercado,ipca-sp-1108031,1108031,1.000000000000,1
2026-07-19,2026-07-18,pao-de-acucar,Pão de Açúcar,ipca-sp-1108038,1108038,1.000000000000,1
2026-07-19,2026-07-18,st-marche,St Marché,ipca-sp-1108038,1108038,1.000000000000,1
2026-07-19,2026-07-18,extra-mercado,Extra Mercado,ipca-sp-1108075,1108075,1.000000000000,1
2026-07-19,2026-07-18,pao-de-acucar,Pão de Açúcar,ipca-sp-1108075,1108075,0.979896299001,11
2026-07-19,2026-07-18,carrefour,Carrefour Mercado,ipca-sp-1108080,1108080,1.000000000000,3
2026-07-19,2026-07-18,extra-mercado,Extra Mercado,ipca-sp-1108080,1108080,1.000000000000,1
2026-07-19,2026-07-18,pao-de-acucar,Pão de Açúcar,ipca-sp-1108080,1108080,1.000000000000,1
2026-07-19,2026-07-18,st-marche,St Marché,ipca-sp-1108080,1108080,1.000000000000,2
2026-07-19,2026-07-18,carrefour,Carrefour Mercado,ipca-sp-1109002,1109002,1.000000000000,1
2026-07-19,2026-07-18,pao-de-acucar,Pão de Açúcar,ipca-sp-1109002,1109002,1.000000000000,2
2026-07-19,2026-07-18,st-marche,St Marché,ipca-sp-1109002,1109002,1.000000000000,5
2026-07-19,2026-07-18,carrefour,Carrefour Mercado,ipca-sp-1109007,1109007,1.000000000000,3
2026-07-19,2026-07-18,extra-mercado,Extra Mercado,ipca-sp-1109007,1109007,1.000000000000,3
2026-07-19,2026-07-18,pao-de-acucar,Pão de Açúcar,ipca-sp-1109007,1109007,1.000000000000,8
2026-07-19,2026-07-18,carrefour,Carrefour Mercado,ipca-sp-1109008,1109008,1.000000000000,2
2026-07-19,2026-07-18,extra-mercado,Extra Mercado,ipca-sp-1109008,1109008,1.000000000000,5
2026-07-19,2026-07-18,pao-de-acucar,Pão de Açúcar,ipca-sp-1109008,1109008,1.000000000000,15
2026-07-19,2026-07-18,st-marche,St Marché,ipca-sp-1109008,1109008,1.000000000000,9
2026-07-19,2026-07-18,carrefour,Carrefour Mercado,ipca-sp-1109010,1109010,1.000000000000,3
2026-07-19,2026-07-18,extra-mercado,Extra Mercado,ipca-sp-1109010,1109010,1.000000000000,3
2026-07-19,2026-07-18,st-marche,St Marché,ipca-sp-1109010,1109010,1.000000000000,2
2026-07-19,2026-07-18,extra-mercado,Extra Mercado,ipca-sp-1110009,1110009,1.000000000000,1
2026-07-19,2026-07-18,pao-de-acucar,Pão de Açúcar,ipca-sp-1110009,1110009,1.000000000000,4
2026-07-19,2026-07-18,st-marche,St Marché,ipca-sp-1110009,1110009,1.000000000000,1
2026-07-19,2026-07-18,carrefour,Carrefour Mercado,ipca-sp-1110010,1110010,1.000000000000,15
2026-07-19,2026-07-18,extra-mercado,Extra Mercado,ipca-sp-1110010,1110010,0.991212255035,12
2026-07-19,2026-07-18,pao-de-acucar,Pão de Açúcar,ipca-sp-1110010,1110010,1.000000000000,13
2026-07-19,2026-07-18,st-marche,St Marché,ipca-sp-1110010,1110010,1.000000000000,17
2026-07-19,2026-07-18,carrefour,Carrefour Mercado,ipca-sp-1110044,1110044,1.000000000000,1
2026-07-19,2026-07-18,extra-mercado,Extra Mercado,ipca-sp-1110044,1110044,1.000000000000,4
2026-07-19,2026-07-18,pao-de-acucar,Pão de Açúcar,ipca-sp-1110044,1110044,1.000000000000,5
2026-07-19,2026-07-18,st-marche,St Marché,ipca-sp-1110044,1110044,1.000000000000,2
2026-07-19,2026-07-18,carrefour,Carrefour Mercado,ipca-sp-1111004,1111004,1.073983964060,5
2026-07-19,2026-07-18,extra-mercado,Extra Mercado,ipca-sp-1111004,1111004,1.000000000000,4
2026-07-19,2026-07-18,st-marche,St Marché,ipca-sp-1111004,1111004,1.000000000000,5
2026-07-19,2026-07-18,carrefour,Carrefour Mercado,ipca-sp-1111009,1111009,1.126436710919,3
2026-07-19,2026-07-18,extra-mercado,Extra Mercado,ipca-sp-1111009,1111009,1.000000000000,2
2026-07-19,2026-07-18,pao-de-acucar,Pão de Açúcar,ipca-sp-1111009,1111009,1.000000000000,5
2026-07-19,2026-07-18,carrefour,Carrefour Mercado,ipca-sp-1111011,1111011,1.000000000000,13
2026-07-19,2026-07-18,extra-mercado,Extra Mercado,ipca-sp-1111011,1111011,1.000000000000,14
2026-07-19,2026-07-18,pao-de-acucar,Pão de Açúcar,ipca-sp-1111011,1111011,1.000000000000,74
2026-07-19,2026-07-18,st-marche,St Marché,ipca-sp-1111011,1111011,0.936074252996,19
2026-07-19,2026-07-18,carrefour,Carrefour Mercado,ipca-sp-1111019,1111019,1.000000000000,37
2026-07-19,2026-07-18,extra-mercado,Extra Mercado,ipca-sp-1111019,1111019,1.000000000000,59
2026-07-19,2026-07-18,pao-de-acucar,Pão de Açúcar,ipca-sp-1111019,1111019,1.000000000000,11
2026-07-19,2026-07-18,st-marche,St Marché,ipca-sp-1111019,1111019,0.993546217478,26
2026-07-19,2026-07-18,carrefour,Carrefour Mercado,ipca-sp-1111021,1111021,0.959422532464,8
2026-07-19,2026-07-18,extra-mercado,Extra Mercado,ipca-sp-1111021,1111021,1.000000000000,5
2026-07-19,2026-07-18,pao-de-acucar,Pão de Açúcar,ipca-sp-1111021,1111021,1.000000000000,4
2026-07-19,2026-07-18,st-marche,St Marché,ipca-sp-1111021,1111021,1.000000000000,10
2026-07-19,2026-07-18,carrefour,Carrefour Mercado,ipca-sp-1112003,1112003,1.000000000000,20
2026-07-19,2026-07-18,extra-mercado,Extra Mercado,ipca-sp-1112003,1112003,0.996972663245,51
2026-07-19,2026-07-18,pao-de-acucar,Pão de Açúcar,ipca-sp-1112003,1112003,1.000000000000,13
2026-07-19,2026-07-18,st-marche,St Marché,ipca-sp-1112003,1112003,1.000000000000,16
2026-07-19,2026-07-18,extra-mercado,Extra Mercado,ipca-sp-1112015,1112015,1.000000000000,1
2026-07-19,2026-07-18,st-marche,St Marché,ipca-sp-1112015,1112015,1.000000000000,1
2026-07-19,2026-07-18,carrefour,Carrefour Mercado,ipca-sp-1112017,1112017,1.000000000000,1
2026-07-19,2026-07-18,extra-mercado,Extra Mercado,ipca-sp-1112017,1112017,1.000000000000,3
2026-07-19,2026-07-18,st-marche,St Marché,ipca-sp-1112017,1112017,1.000000000000,6
2026-07-19,2026-07-18,carrefour,Carrefour Mercado,ipca-sp-1112018,1112018,1.000000000000,16
2026-07-19,2026-07-18,extra-mercado,Extra Mercado,ipca-sp-1112018,1112018,0.991088501833,14
2026-07-19,2026-07-18,pao-de-acucar,Pão de Açúcar,ipca-sp-1112018,1112018,1.000000000000,1
2026-07-19,2026-07-18,st-marche,St Marché,ipca-sp-1112018,1112018,1.000000000000,12
2026-07-19,2026-07-18,carrefour,Carrefour Mercado,ipca-sp-1112019,1112019,1.000000000000,9
2026-07-19,2026-07-18,extra-mercado,Extra Mercado,ipca-sp-1112019,1112019,1.000000000000,15
2026-07-19,2026-07-18,pao-de-acucar,Pão de Açúcar,ipca-sp-1112019,1112019,1.000000000000,7
2026-07-19,2026-07-18,st-marche,St Marché,ipca-sp-1112019,1112019,1.000000000000,32
2026-07-19,2026-07-18,carrefour,Carrefour Mercado,ipca-sp-1113013,1113013,1.000000000000,2
2026-07-19,2026-07-18,extra-mercado,Extra Mercado,ipca-sp-1113013,1113013,1.000000000000,1
2026-07-19,2026-07-18,st-marche,St Marché,ipca-sp-1113013,1113013,1.000000000000,1
2026-07-19,2026-07-18,carrefour,Carrefour Mercado,ipca-sp-1113014,1113014,1.000000000000,4
2026-07-19,2026-07-18,extra-mercado,Extra Mercado,ipca-sp-1113014,1113014,1.000000000000,2
2026-07-19,2026-07-18,pao-de-acucar,Pão de Açúcar,ipca-sp-1113014,1113014,1.000000000000,7
2026-07-19,2026-07-18,st-marche,St Marché,ipca-sp-1113014,1113014,1.000000000000,1
2026-07-19,2026-07-18,carrefour,Carrefour Mercado,ipca-sp-1113040,1113040,1.000000000000,5
2026-07-19,2026-07-18,extra-mercado,Extra Mercado,ipca-sp-1113040,1113040,1.000000000000,2
2026-07-19,2026-07-18,pao-de-acucar,Pão de Açúcar,ipca-sp-1113040,1113040,1.000000000000,1
2026-07-19,2026-07-18,carrefour,Carrefour Mercado,ipca-sp-1114001,1114001,1.000000000000,29
2026-07-19,2026-07-18,extra-mercado,Extra Mercado,ipca-sp-1114001,1114001,1.000000000000,5
2026-07-19,2026-07-18,pao-de-acucar,Pão de Açúcar,ipca-sp-1114001,1114001,1.000000000000,4
2026-07-19,2026-07-18,st-marche,St Marché,ipca-sp-1114001,1114001,1.000000000000,12
2026-07-19,2026-07-18,carrefour,Carrefour Mercado,ipca-sp-1114022,1114022,1.000000000000,10
2026-07-19,2026-07-18,extra-mercado,Extra Mercado,ipca-sp-1114022,1114022,1.000000000000,15
2026-07-19,2026-07-18,pao-de-acucar,Pão de Açúcar,ipca-sp-1114022,1114022,1.000000000000,26
2026-07-19,2026-07-18,st-marche,St Marché,ipca-sp-1114022,1114022,1.000000000000,2
2026-07-19,2026-07-18,carrefour,Carrefour Mercado,ipca-sp-1114083,1114083,1.000000000000,31
2026-07-19,2026-07-18,extra-mercado,Extra Mercado,ipca-sp-1114083,1114083,1.000000000000,12
2026-07-19,2026-07-18,st-marche,St Marché,ipca-sp-1114083,1114083,1.000000000000,37
2026-07-19,2026-07-18,carrefour,Carrefour Mercado,ipca-sp-1114084,1114084,1.000000000000,12
2026-07-19,2026-07-18,extra-mercado,Extra Mercado,ipca-sp-1114084,1114084,1.052086942091,10
2026-07-19,2026-07-18,pao-de-acucar,Pão de Açúcar,ipca-sp-1114084,1114084,1.140307107888,2
2026-07-19,2026-07-18,carrefour,Carrefour Mercado,ipca-sp-1114087,1114087,1.000000000000,8
2026-07-19,2026-07-18,extra-mercado,Extra Mercado,ipca-sp-1114087,1114087,1.000000000000,3
2026-07-19,2026-07-18,pao-de-acucar,Pão de Açúcar,ipca-sp-1114087,1114087,0.963457372203,41
2026-07-19,2026-07-18,st-marche,St Marché,ipca-sp-1114087,1114087,1.000000000000,64
2026-07-19,2026-07-18,carrefour,Carrefour Mercado,ipca-sp-1114090,1114090,1.000000000000,5
2026-07-19,2026-07-18,extra-mercado,Extra Mercado,ipca-sp-1114090,1114090,1.000000000000,5
2026-07-19,2026-07-18,st-marche,St Marché,ipca-sp-1114090,1114090,1.000000000000,2
2026-07-19,2026-07-18,extra-mercado,Extra Mercado,ipca-sp-1115016,1115016,1.000000000000,2
2026-07-19,2026-07-18,pao-de-acucar,Pão de Açúcar,ipca-sp-1115016,1115016,1.000000000000,1
2026-07-19,2026-07-18,pao-de-acucar,Pão de Açúcar,ipca-sp-1115039,1115039,1.000000000000,1
2026-07-19,2026-07-18,carrefour,Carrefour Mercado,ipca-sp-1115057,1115057,1.000000000000,5
2026-07-19,2026-07-18,extra-mercado,Extra Mercado,ipca-sp-1115057,1115057,1.000000000000,5
2026-07-19,2026-07-18,pao-de-acucar,Pão de Açúcar,ipca-sp-1115057,1115057,1.000000000000,9
2026-07-19,2026-07-18,st-marche,St Marché,ipca-sp-1115057,1115057,1.000000000000,1
2026-07-19,2026-07-18,extra-mercado,Extra Mercado,ipca-sp-1115058,1115058,1.000000000000,1
2026-07-19,2026-07-18,carrefour,Carrefour Mercado,ipca-sp-1115075,1115075,1.000000000000,3
2026-07-19,2026-07-18,extra-mercado,Extra Mercado,ipca-sp-1115075,1115075,1.000000000000,3
2026-07-19,2026-07-18,pao-de-acucar,Pão de Açúcar,ipca-sp-1115075,1115075,1.000000000000,2
2026-07-19,2026-07-18,carrefour,Carrefour Mercado,ipca-sp-1116005,1116005,1.000000000000,5
2026-07-19,2026-07-18,extra-mercado,Extra Mercado,ipca-sp-1116005,1116005,1.000000000000,10
2026-07-19,2026-07-18,pao-de-acucar,Pão de Açúcar,ipca-sp-1116005,1116005,1.000000000000,3
2026-07-19,2026-07-18,st-marche,St Marché,ipca-sp-1116005,1116005,1.000000000000,2
2026-07-19,2026-07-18,carrefour,Carrefour Mercado,ipca-sp-1116010,1116010,1.000000000000,1
2026-07-19,2026-07-18,extra-mercado,Extra Mercado,ipca-sp-1116010,1116010,1.000000000000,3
2026-07-19,2026-07-18,pao-de-acucar,Pão de Açúcar,ipca-sp-1116010,1116010,1.000000000000,2
2026-07-19,2026-07-18,st-marche,St Marché,ipca-sp-1116010,1116010,1.000000000000,4
2026-07-19,2026-07-18,carrefour,Carrefour Mercado,ipca-sp-1116033,1116033,1.000000000000,4
2026-07-19,2026-07-18,extra-mercado,Extra Mercado,ipca-sp-1116033,1116033,0.932556034973,4
2026-07-19,2026-07-18,pao-de-acucar,Pão de Açúcar,ipca-sp-1116033,1116033,1.000000000000,2
2026-07-19,2026-07-18,st-marche,St Marché,ipca-sp-1116033,1116033,1.000000000000,1
2026-07-19,2026-07-18,carrefour,Carrefour Mercado,ipca-sp-1116041,1116041,1.000000000000,1
2026-07-19,2026-07-18,extra-mercado,Extra Mercado,ipca-sp-1116041,1116041,1.000000000000,2
2026-07-19,2026-07-18,pao-de-acucar,Pão de Açúcar,ipca-sp-1116041,1116041,1.000000000000,3
2026-07-19,2026-07-18,st-marche,St Marché,ipca-sp-1116041,1116041,1.000000000000,1
2026-07-19,2026-07-18,carrefour,Carrefour Mercado,ipca-sp-1116071,1116071,2.029560923261,3
2026-07-19,2026-07-18,extra-mercado,Extra Mercado,ipca-sp-1116071,1116071,1.000000000000,5
2026-07-19,2026-07-18,pao-de-acucar,Pão de Açúcar,ipca-sp-1116071,1116071,1.000000000000,6
2026-07-20,2026-07-19,carrefour,Carrefour Mercado,ipca-sp-1101002,1101002,1.000000000000,8
2026-07-20,2026-07-19,extra-mercado,Extra Mercado,ipca-sp-1101002,1101002,1.000000000000,5
2026-07-20,2026-07-19,pao-de-acucar,Pão de Açúcar,ipca-sp-1101002,1101002,1.000000000000,9
2026-07-20,2026-07-19,carrefour,Carrefour Mercado,ipca-sp-1101073,1101073,1.000000000000,1
2026-07-20,2026-07-19,extra-mercado,Extra Mercado,ipca-sp-1101073,1101073,1.000000000000,1
2026-07-20,2026-07-19,carrefour,Carrefour Mercado,ipca-sp-1102006,1102006,1.000000000000,14
2026-07-20,2026-07-19,extra-mercado,Extra Mercado,ipca-sp-1102006,1102006,1.000000000000,8
2026-07-20,2026-07-19,pao-de-acucar,Pão de Açúcar,ipca-sp-1102006,1102006,1.000000000000,3
2026-07-20,2026-07-19,st-marche,St Marché,ipca-sp-1102006,1102006,1.000000000000,7
2026-07-20,2026-07-19,carrefour,Carrefour Mercado,ipca-sp-1102012,1102012,1.000000000000,2
2026-07-20,2026-07-19,extra-mercado,Extra Mercado,ipca-sp-1102012,1102012,1.000000000000,1
2026-07-20,2026-07-19,st-marche,St Marché,ipca-sp-1102012,1102012,1.000000000000,1
2026-07-20,2026-07-19,carrefour,Carrefour Mercado,ipca-sp-1102023,1102023,1.000000000000,2
2026-07-20,2026-07-19,carrefour,Carrefour Mercado,ipca-sp-1102029,1102029,1.000000000000,4
2026-07-20,2026-07-19,extra-mercado,Extra Mercado,ipca-sp-1102029,1102029,1.000000000000,10
2026-07-20,2026-07-19,pao-de-acucar,Pão de Açúcar,ipca-sp-1102029,1102029,1.000000000000,8
2026-07-20,2026-07-19,st-marche,St Marché,ipca-sp-1102029,1102029,1.000000000000,17
2026-07-20,2026-07-19,carrefour,Carrefour Mercado,ipca-sp-1102061,1102061,1.000000000000,3
2026-07-20,2026-07-19,extra-mercado,Extra Mercado,ipca-sp-1102061,1102061,1.000000000000,7
2026-07-20,2026-07-19,pao-de-acucar,Pão de Açúcar,ipca-sp-1102061,1102061,1.000000000000,1
2026-07-20,2026-07-19,st-marche,St Marché,ipca-sp-1102061,1102061,1.000000000000,2
2026-07-20,2026-07-19,carrefour,Carrefour Mercado,ipca-sp-1103003,1103003,1.000000000000,2
2026-07-20,2026-07-19,extra-mercado,Extra Mercado,ipca-sp-1103003,1103003,1.018984147975,6
2026-07-20,2026-07-19,pao-de-acucar,Pão de Açúcar,ipca-sp-1103003,1103003,1.000000000000,3
2026-07-20,2026-07-19,st-marche,St Marché,ipca-sp-1103003,1103003,1.000000000000,1
2026-07-20,2026-07-19,pao-de-acucar,Pão de Açúcar,ipca-sp-1103020,1103020,1.000000000000,1
2026-07-20,2026-07-19,st-marche,St Marché,ipca-sp-1103020,1103020,1.000000000000,1
2026-07-20,2026-07-19,carrefour,Carrefour Mercado,ipca-sp-1103026,1103026,1.000000000000,1
2026-07-20,2026-07-19,extra-mercado,Extra Mercado,ipca-sp-1103026,1103026,1.000000000000,1
2026-07-20,2026-07-19,st-marche,St Marché,ipca-sp-1103026,1103026,1.000000000000,1
2026-07-20,2026-07-19,carrefour,Carrefour Mercado,ipca-sp-1103028,1103028,1.000000000000,4
2026-07-20,2026-07-19,extra-mercado,Extra Mercado,ipca-sp-1103028,1103028,1.000000000000,1
2026-07-20,2026-07-19,pao-de-acucar,Pão de Açúcar,ipca-sp-1103028,1103028,1.000000000000,1
2026-07-20,2026-07-19,carrefour,Carrefour Mercado,ipca-sp-1103043,1103043,1.000000000000,2
2026-07-20,2026-07-19,extra-mercado,Extra Mercado,ipca-sp-1103043,1103043,1.000000000000,1
2026-07-20,2026-07-19,st-marche,St Marché,ipca-sp-1103043,1103043,1.000000000000,3
2026-07-20,2026-07-19,carrefour,Carrefour Mercado,ipca-sp-1103044,1103044,1.000000000000,1
2026-07-20,2026-07-19,extra-mercado,Extra Mercado,ipca-sp-1103044,1103044,1.000000000000,1
2026-07-20,2026-07-19,carrefour,Carrefour Mercado,ipca-sp-1104003,1104003,1.000000000000,1
2026-07-20,2026-07-19,carrefour,Carrefour Mercado,ipca-sp-1104023,1104023,0.976524625690,15
2026-07-20,2026-07-19,extra-mercado,Extra Mercado,ipca-sp-1104023,1104023,1.040100961984,35
2026-07-20,2026-07-19,pao-de-acucar,Pão de Açúcar,ipca-sp-1104023,1104023,1.000000000000,23
2026-07-20,2026-07-19,st-marche,St Marché,ipca-sp-1104023,1104023,0.898865259707,5
2026-07-20,2026-07-19,carrefour,Carrefour Mercado,ipca-sp-1104032,1104032,1.000000000000,5
2026-07-20,2026-07-19,extra-mercado,Extra Mercado,ipca-sp-1104032,1104032,1.000000000000,6
2026-07-20,2026-07-19,pao-de-acucar,Pão de Açúcar,ipca-sp-1104032,1104032,1.007315068487,27
2026-07-20,2026-07-19,st-marche,St Marché,ipca-sp-1104032,1104032,1.000000000000,26
2026-07-20,2026-07-19,carrefour,Carrefour Mercado,ipca-sp-1104052,1104052,1.000000000000,1
2026-07-20,2026-07-19,extra-mercado,Extra Mercado,ipca-sp-1104052,1104052,1.000000000000,6
2026-07-20,2026-07-19,pao-de-acucar,Pão de Açúcar,ipca-sp-1104052,1104052,1.052295512037,7
2026-07-20,2026-07-19,st-marche,St Marché,ipca-sp-1104052,1104052,1.000000000000,3
2026-07-20,2026-07-19,carrefour,Carrefour Mercado,ipca-sp-1105001,1105001,1.000000000000,2
2026-07-20,2026-07-19,st-marche,St Marché,ipca-sp-1105001,1105001,1.000000000000,3
2026-07-20,2026-07-19,carrefour,Carrefour Mercado,ipca-sp-1105005,1105005,1.000000000000,1
2026-07-20,2026-07-19,extra-mercado,Extra Mercado,ipca-sp-1105010,1105010,1.000000000000,1
2026-07-20,2026-07-19,carrefour,Carrefour Mercado,ipca-sp-1105012,1105012,1.000000000000,2
2026-07-20,2026-07-19,extra-mercado,Extra Mercado,ipca-sp-1105012,1105012,1.000000000000,1
2026-07-20,2026-07-19,carrefour,Carrefour Mercado,ipca-sp-1105019,1105019,1.000000000000,3
2026-07-20,2026-07-19,pao-de-acucar,Pão de Açúcar,ipca-sp-1105019,1105019,1.000000000000,1
2026-07-20,2026-07-19,st-marche,St Marché,ipca-sp-1105019,1105019,1.000000000000,2
2026-07-20,2026-07-19,carrefour,Carrefour Mercado,ipca-sp-1106017,1106017,1.000000000000,2
2026-07-20,2026-07-19,extra-mercado,Extra Mercado,ipca-sp-1106017,1106017,1.000000000000,1
2026-07-20,2026-07-19,st-marche,St Marché,ipca-sp-1106017,1106017,1.000000000000,1
2026-07-20,2026-07-19,extra-mercado,Extra Mercado,ipca-sp-1106018,1106018,1.000000000000,2
2026-07-20,2026-07-19,pao-de-acucar,Pão de Açúcar,ipca-sp-1106018,1106018,1.000000000000,1
2026-07-20,2026-07-19,st-marche,St Marché,ipca-sp-1106018,1106018,1.000000000000,1
2026-07-20,2026-07-19,st-marche,St Marché,ipca-sp-1106019,1106019,1.000000000000,3
2026-07-20,2026-07-19,extra-mercado,Extra Mercado,ipca-sp-1106023,1106023,1.000000000000,1
2026-07-20,2026-07-19,st-marche,St Marché,ipca-sp-1106023,1106023,1.000000000000,1
2026-07-20,2026-07-19,carrefour,Carrefour Mercado,ipca-sp-1106027,1106027,1.000000000000,1
2026-07-20,2026-07-19,st-marche,St Marché,ipca-sp-1106027,1106027,1.000000000000,3
2026-07-20,2026-07-19,extra-mercado,Extra Mercado,ipca-sp-1106028,1106028,1.000000000000,1
2026-07-20,2026-07-19,pao-de-acucar,Pão de Açúcar,ipca-sp-1106028,1106028,1.000000000000,1
2026-07-20,2026-07-19,st-marche,St Marché,ipca-sp-1106028,1106028,1.000000000000,1
2026-07-20,2026-07-19,extra-mercado,Extra Mercado,ipca-sp-1106039,1106039,1.000000000000,1
2026-07-20,2026-07-19,carrefour,Carrefour Mercado,ipca-sp-1107018,1107018,1.000000000000,7
2026-07-20,2026-07-19,extra-mercado,Extra Mercado,ipca-sp-1107018,1107018,1.000000000000,10
2026-07-20,2026-07-19,pao-de-acucar,Pão de Açúcar,ipca-sp-1107018,1107018,1.000000000000,13
2026-07-20,2026-07-19,st-marche,St Marché,ipca-sp-1107018,1107018,1.000000000000,5
2026-07-20,2026-07-19,extra-mercado,Extra Mercado,ipca-sp-1107084,1107084,1.000000000000,1
2026-07-20,2026-07-19,pao-de-acucar,Pão de Açúcar,ipca-sp-1107084,1107084,1.062015896245,6
2026-07-20,2026-07-19,carrefour,Carrefour Mercado,ipca-sp-1107087,1107087,1.000000000000,1
2026-07-20,2026-07-19,pao-de-acucar,Pão de Açúcar,ipca-sp-1107087,1107087,1.000000000000,1
2026-07-20,2026-07-19,st-marche,St Marché,ipca-sp-1107087,1107087,1.000000000000,1
2026-07-20,2026-07-19,pao-de-acucar,Pão de Açúcar,ipca-sp-1107088,1107088,1.000000000000,2
2026-07-20,2026-07-19,carrefour,Carrefour Mercado,ipca-sp-1107089,1107089,1.000000000000,1
2026-07-20,2026-07-19,st-marche,St Marché,ipca-sp-1107089,1107089,1.000000000000,2
2026-07-20,2026-07-19,pao-de-acucar,Pão de Açúcar,ipca-sp-1107091,1107091,1.000000000000,2
2026-07-20,2026-07-19,st-marche,St Marché,ipca-sp-1107091,1107091,1.000000000000,1
2026-07-20,2026-07-19,pao-de-acucar,Pão de Açúcar,ipca-sp-1107093,1107093,1.000000000000,1
2026-07-20,2026-07-19,extra-mercado,Extra Mercado,ipca-sp-1107094,1107094,1.000000000000,1
2026-07-20,2026-07-19,pao-de-acucar,Pão de Açúcar,ipca-sp-1107094,1107094,1.000000000000,1
2026-07-20,2026-07-19,st-marche,St Marché,ipca-sp-1107094,1107094,1.000000000000,1
2026-07-20,2026-07-19,extra-mercado,Extra Mercado,ipca-sp-1107095,1107095,1.000000000000,1
2026-07-20,2026-07-19,pao-de-acucar,Pão de Açúcar,ipca-sp-1107095,1107095,1.000000000000,1
2026-07-20,2026-07-19,st-marche,St Marché,ipca-sp-1107095,1107095,1.000000000000,2
2026-07-20,2026-07-19,extra-mercado,Extra Mercado,ipca-sp-1107099,1107099,1.000000000000,1
2026-07-20,2026-07-19,pao-de-acucar,Pão de Açúcar,ipca-sp-1107099,1107099,1.000000000000,2
2026-07-20,2026-07-19,st-marche,St Marché,ipca-sp-1107099,1107099,1.000000000000,1
2026-07-20,2026-07-19,carrefour,Carrefour Mercado,ipca-sp-1108031,1108031,1.000000000000,2
2026-07-20,2026-07-19,extra-mercado,Extra Mercado,ipca-sp-1108031,1108031,1.000000000000,1
2026-07-20,2026-07-19,pao-de-acucar,Pão de Açúcar,ipca-sp-1108038,1108038,1.000000000000,1
2026-07-20,2026-07-19,st-marche,St Marché,ipca-sp-1108038,1108038,1.000000000000,1
2026-07-20,2026-07-19,extra-mercado,Extra Mercado,ipca-sp-1108075,1108075,1.000000000000,1
2026-07-20,2026-07-19,pao-de-acucar,Pão de Açúcar,ipca-sp-1108075,1108075,1.000000000000,11
2026-07-20,2026-07-19,carrefour,Carrefour Mercado,ipca-sp-1108080,1108080,1.000000000000,3
2026-07-20,2026-07-19,extra-mercado,Extra Mercado,ipca-sp-1108080,1108080,1.000000000000,1
2026-07-20,2026-07-19,pao-de-acucar,Pão de Açúcar,ipca-sp-1108080,1108080,1.000000000000,1
2026-07-20,2026-07-19,st-marche,St Marché,ipca-sp-1108080,1108080,1.000000000000,2
2026-07-20,2026-07-19,pao-de-acucar,Pão de Açúcar,ipca-sp-1109002,1109002,1.000000000000,2
2026-07-20,2026-07-19,st-marche,St Marché,ipca-sp-1109002,1109002,0.969547637104,5
2026-07-20,2026-07-19,carrefour,Carrefour Mercado,ipca-sp-1109007,1109007,1.000000000000,3
2026-07-20,2026-07-19,extra-mercado,Extra Mercado,ipca-sp-1109007,1109007,1.000000000000,3
2026-07-20,2026-07-19,pao-de-acucar,Pão de Açúcar,ipca-sp-1109007,1109007,1.000000000000,8
2026-07-20,2026-07-19,carrefour,Carrefour Mercado,ipca-sp-1109008,1109008,1.000000000000,2
2026-07-20,2026-07-19,extra-mercado,Extra Mercado,ipca-sp-1109008,1109008,1.000000000000,5
2026-07-20,2026-07-19,pao-de-acucar,Pão de Açúcar,ipca-sp-1109008,1109008,1.000000000000,15
2026-07-20,2026-07-19,st-marche,St Marché,ipca-sp-1109008,1109008,1.000000000000,9
2026-07-20,2026-07-19,carrefour,Carrefour Mercado,ipca-sp-1109010,1109010,1.000000000000,3
2026-07-20,2026-07-19,extra-mercado,Extra Mercado,ipca-sp-1109010,1109010,1.000000000000,3
2026-07-20,2026-07-19,st-marche,St Marché,ipca-sp-1109010,1109010,1.000000000000,2
2026-07-20,2026-07-19,extra-mercado,Extra Mercado,ipca-sp-1110009,1110009,1.000000000000,1
2026-07-20,2026-07-19,pao-de-acucar,Pão de Açúcar,ipca-sp-1110009,1110009,1.000000000000,3
2026-07-20,2026-07-19,st-marche,St Marché,ipca-sp-1110009,1110009,1.000000000000,1
2026-07-20,2026-07-19,carrefour,Carrefour Mercado,ipca-sp-1110010,1110010,1.000000000000,16
2026-07-20,2026-07-19,extra-mercado,Extra Mercado,ipca-sp-1110010,1110010,1.000000000000,12
2026-07-20,2026-07-19,pao-de-acucar,Pão de Açúcar,ipca-sp-1110010,1110010,1.000189184171,13
2026-07-20,2026-07-19,st-marche,St Marché,ipca-sp-1110010,1110010,1.000000000000,17
2026-07-20,2026-07-19,extra-mercado,Extra Mercado,ipca-sp-1110044,1110044,1.000000000000,4
2026-07-20,2026-07-19,pao-de-acucar,Pão de Açúcar,ipca-sp-1110044,1110044,1.000000000000,5
2026-07-20,2026-07-19,st-marche,St Marché,ipca-sp-1110044,1110044,1.000000000000,2
2026-07-20,2026-07-19,carrefour,Carrefour Mercado,ipca-sp-1111004,1111004,1.000000000000,6
2026-07-20,2026-07-19,extra-mercado,Extra Mercado,ipca-sp-1111004,1111004,1.000000000000,4
2026-07-20,2026-07-19,st-marche,St Marché,ipca-sp-1111004,1111004,1.000000000000,5
2026-07-20,2026-07-19,carrefour,Carrefour Mercado,ipca-sp-1111009,1111009,1.000000000000,3
2026-07-20,2026-07-19,extra-mercado,Extra Mercado,ipca-sp-1111009,1111009,1.000000000000,2
2026-07-20,2026-07-19,pao-de-acucar,Pão de Açúcar,ipca-sp-1111009,1111009,1.000000000000,5
2026-07-20,2026-07-19,carrefour,Carrefour Mercado,ipca-sp-1111011,1111011,1.000000000000,13
2026-07-20,2026-07-19,extra-mercado,Extra Mercado,ipca-sp-1111011,1111011,1.000000000000,14
2026-07-20,2026-07-19,pao-de-acucar,Pão de Açúcar,ipca-sp-1111011,1111011,1.000000000000,74
2026-07-20,2026-07-19,st-marche,St Marché,ipca-sp-1111011,1111011,1.010697828689,18
2026-07-20,2026-07-19,carrefour,Carrefour Mercado,ipca-sp-1111019,1111019,1.010625297123,37
2026-07-20,2026-07-19,extra-mercado,Extra Mercado,ipca-sp-1111019,1111019,1.000000000000,59
2026-07-20,2026-07-19,pao-de-acucar,Pão de Açúcar,ipca-sp-1111019,1111019,1.003719506440,11
2026-07-20,2026-07-19,st-marche,St Marché,ipca-sp-1111019,1111019,1.000000000000,26
2026-07-20,2026-07-19,carrefour,Carrefour Mercado,ipca-sp-1111021,1111021,1.000000000000,8
2026-07-20,2026-07-19,extra-mercado,Extra Mercado,ipca-sp-1111021,1111021,1.000000000000,4
2026-07-20,2026-07-19,pao-de-acucar,Pão de Açúcar,ipca-sp-1111021,1111021,1.000000000000,4
2026-07-20,2026-07-19,st-marche,St Marché,ipca-sp-1111021,1111021,1.000000000000,10
2026-07-20,2026-07-19,carrefour,Carrefour Mercado,ipca-sp-1112003,1112003,1.000000000000,20
2026-07-20,2026-07-19,extra-mercado,Extra Mercado,ipca-sp-1112003,1112003,1.001574904649,51
2026-07-20,2026-07-19,pao-de-acucar,Pão de Açúcar,ipca-sp-1112003,1112003,1.000000000000,13
2026-07-20,2026-07-19,st-marche,St Marché,ipca-sp-1112003,1112003,0.985092680861,16
2026-07-20,2026-07-19,extra-mercado,Extra Mercado,ipca-sp-1112015,1112015,1.000000000000,1
2026-07-20,2026-07-19,st-marche,St Marché,ipca-sp-1112015,1112015,1.000000000000,1
2026-07-20,2026-07-19,carrefour,Carrefour Mercado,ipca-sp-1112017,1112017,1.000000000000,1
2026-07-20,2026-07-19,extra-mercado,Extra Mercado,ipca-sp-1112017,1112017,1.000000000000,3
2026-07-20,2026-07-19,st-marche,St Marché,ipca-sp-1112017,1112017,1.000000000000,6
2026-07-20,2026-07-19,carrefour,Carrefour Mercado,ipca-sp-1112018,1112018,1.000000000000,16
2026-07-20,2026-07-19,extra-mercado,Extra Mercado,ipca-sp-1112018,1112018,1.000000000000,13
2026-07-20,2026-07-19,pao-de-acucar,Pão de Açúcar,ipca-sp-1112018,1112018,1.000000000000,1
2026-07-20,2026-07-19,st-marche,St Marché,ipca-sp-1112018,1112018,0.981556057544,12
2026-07-20,2026-07-19,carrefour,Carrefour Mercado,ipca-sp-1112019,1112019,1.000000000000,9
2026-07-20,2026-07-19,extra-mercado,Extra Mercado,ipca-sp-1112019,1112019,1.000000000000,15
2026-07-20,2026-07-19,pao-de-acucar,Pão de Açúcar,ipca-sp-1112019,1112019,1.000000000000,7
2026-07-20,2026-07-19,st-marche,St Marché,ipca-sp-1112019,1112019,1.003437864626,32
2026-07-20,2026-07-19,carrefour,Carrefour Mercado,ipca-sp-1113013,1113013,1.000000000000,2
2026-07-20,2026-07-19,extra-mercado,Extra Mercado,ipca-sp-1113013,1113013,1.000000000000,1
2026-07-20,2026-07-19,st-marche,St Marché,ipca-sp-1113013,1113013,1.000000000000,1
2026-07-20,2026-07-19,carrefour,Carrefour Mercado,ipca-sp-1113014,1113014,1.000000000000,4
2026-07-20,2026-07-19,extra-mercado,Extra Mercado,ipca-sp-1113014,1113014,1.000000000000,2
2026-07-20,2026-07-19,pao-de-acucar,Pão de Açúcar,ipca-sp-1113014,1113014,1.000000000000,7
2026-07-20,2026-07-19,st-marche,St Marché,ipca-sp-1113014,1113014,0.796318527411,1
2026-07-20,2026-07-19,carrefour,Carrefour Mercado,ipca-sp-1113040,1113040,1.000000000000,6
2026-07-20,2026-07-19,extra-mercado,Extra Mercado,ipca-sp-1113040,1113040,1.000000000000,1
2026-07-20,2026-07-19,pao-de-acucar,Pão de Açúcar,ipca-sp-1113040,1113040,1.000000000000,1
2026-07-20,2026-07-19,carrefour,Carrefour Mercado,ipca-sp-1114001,1114001,1.000000000000,29
2026-07-20,2026-07-19,extra-mercado,Extra Mercado,ipca-sp-1114001,1114001,1.000000000000,5
2026-07-20,2026-07-19,pao-de-acucar,Pão de Açúcar,ipca-sp-1114001,1114001,1.012278262819,4
2026-07-20,2026-07-19,st-marche,St Marché,ipca-sp-1114001,1114001,1.000000000000,12
2026-07-20,2026-07-19,carrefour,Carrefour Mercado,ipca-sp-1114022,1114022,1.000000000000,10
2026-07-20,2026-07-19,extra-mercado,Extra Mercado,ipca-sp-1114022,1114022,1.000000000000,15
2026-07-20,2026-07-19,pao-de-acucar,Pão de Açúcar,ipca-sp-1114022,1114022,1.026894701469,26
2026-07-20,2026-07-19,st-marche,St Marché,ipca-sp-1114022,1114022,1.000000000000,2
2026-07-20,2026-07-19,carrefour,Carrefour Mercado,ipca-sp-1114083,1114083,1.001933540734,31
2026-07-20,2026-07-19,extra-mercado,Extra Mercado,ipca-sp-1114083,1114083,1.000000000000,12
2026-07-20,2026-07-19,st-marche,St Marché,ipca-sp-1114083,1114083,1.000000000000,37
2026-07-20,2026-07-19,carrefour,Carrefour Mercado,ipca-sp-1114084,1114084,1.000000000000,12
2026-07-20,2026-07-19,extra-mercado,Extra Mercado,ipca-sp-1114084,1114084,1.000000000000,10
2026-07-20,2026-07-19,pao-de-acucar,Pão de Açúcar,ipca-sp-1114084,1114084,0.876956736551,2
2026-07-20,2026-07-19,carrefour,Carrefour Mercado,ipca-sp-1114087,1114087,1.000000000000,8
2026-07-20,2026-07-19,extra-mercado,Extra Mercado,ipca-sp-1114087,1114087,1.118754724543,3
2026-07-20,2026-07-19,pao-de-acucar,Pão de Açúcar,ipca-sp-1114087,1114087,1.053765152680,41
2026-07-20,2026-07-19,st-marche,St Marché,ipca-sp-1114087,1114087,1.000000000000,64
2026-07-20,2026-07-19,carrefour,Carrefour Mercado,ipca-sp-1114090,1114090,1.000000000000,5
2026-07-20,2026-07-19,extra-mercado,Extra Mercado,ipca-sp-1114090,1114090,1.000000000000,5
2026-07-20,2026-07-19,st-marche,St Marché,ipca-sp-1114090,1114090,1.000000000000,2
2026-07-20,2026-07-19,extra-mercado,Extra Mercado,ipca-sp-1115016,1115016,1.000000000000,2
2026-07-20,2026-07-19,pao-de-acucar,Pão de Açúcar,ipca-sp-1115016,1115016,1.000000000000,1
2026-07-20,2026-07-19,pao-de-acucar,Pão de Açúcar,ipca-sp-1115039,1115039,1.000000000000,1
2026-07-20,2026-07-19,carrefour,Carrefour Mercado,ipca-sp-1115057,1115057,1.000000000000,5
2026-07-20,2026-07-19,extra-mercado,Extra Mercado,ipca-sp-1115057,1115057,1.000000000000,5
2026-07-20,2026-07-19,pao-de-acucar,Pão de Açúcar,ipca-sp-1115057,1115057,1.000000000000,9
2026-07-20,2026-07-19,st-marche,St Marché,ipca-sp-1115057,1115057,1.000000000000,1
2026-07-20,2026-07-19,extra-mercado,Extra Mercado,ipca-sp-1115058,1115058,1.000000000000,1
2026-07-20,2026-07-19,carrefour,Carrefour Mercado,ipca-sp-1115075,1115075,1.000000000000,3
2026-07-20,2026-07-19,extra-mercado,Extra Mercado,ipca-sp-1115075,1115075,0.901706817398,3
2026-07-20,2026-07-19,pao-de-acucar,Pão de Açúcar,ipca-sp-1115075,1115075,1.000000000000,2
2026-07-20,2026-07-19,carrefour,Carrefour Mercado,ipca-sp-1116005,1116005,1.000000000000,5
2026-07-20,2026-07-19,extra-mercado,Extra Mercado,ipca-sp-1116005,1116005,1.000000000000,10
2026-07-20,2026-07-19,pao-de-acucar,Pão de Açúcar,ipca-sp-1116005,1116005,1.000000000000,3
2026-07-20,2026-07-19,st-marche,St Marché,ipca-sp-1116005,1116005,1.000000000000,2
2026-07-20,2026-07-19,carrefour,Carrefour Mercado,ipca-sp-1116010,1116010,1.000000000000,1
2026-07-20,2026-07-19,extra-mercado,Extra Mercado,ipca-sp-1116010,1116010,1.000000000000,3
2026-07-20,2026-07-19,pao-de-acucar,Pão de Açúcar,ipca-sp-1116010,1116010,1.000000000000,2
2026-07-20,2026-07-19,st-marche,St Marché,ipca-sp-1116010,1116010,1.000000000000,4
2026-07-20,2026-07-19,carrefour,Carrefour Mercado,ipca-sp-1116033,1116033,1.000000000000,4
2026-07-20,2026-07-19,extra-mercado,Extra Mercado,ipca-sp-1116033,1116033,1.139319584546,4
2026-07-20,2026-07-19,pao-de-acucar,Pão de Açúcar,ipca-sp-1116033,1116033,1.000000000000,2
2026-07-20,2026-07-19,st-marche,St Marché,ipca-sp-1116033,1116033,1.000000000000,1
2026-07-20,2026-07-19,carrefour,Carrefour Mercado,ipca-sp-1116041,1116041,1.000000000000,1
2026-07-20,2026-07-19,extra-mercado,Extra Mercado,ipca-sp-1116041,1116041,1.000000000000,2
2026-07-20,2026-07-19,pao-de-acucar,Pão de Açúcar,ipca-sp-1116041,1116041,1.000000000000,2
2026-07-20,2026-07-19,st-marche,St Marché,ipca-sp-1116041,1116041,1.000000000000,1
2026-07-20,2026-07-19,carrefour,Carrefour Mercado,ipca-sp-1116071,1116071,1.000000000000,3
2026-07-20,2026-07-19,extra-mercado,Extra Mercado,ipca-sp-1116071,1116071,1.000000000000,5
2026-07-20,2026-07-19,pao-de-acucar,Pão de Açúcar,ipca-sp-1116071,1116071,1.000000000000,6
